{
  "ID": "269",
  "Name": "Improper Privilege Management",
  "Abstraction": "Class",
  "Structure": "Simple",
  "Status": "Draft",
  "Diagram": "/data/images/CWE-269-Diagram.png",
  "Description": "The product does not properly assign, modify, track, or check privileges for an actor, creating an unintended sphere of control for that actor.",
  "LikelihoodOfExploit": "Medium",
  "RelatedWeaknesses.0.Nature": "ChildOf",
  "RelatedWeaknesses.0.CweID": "284",
  "RelatedWeaknesses.0.ViewID": "1000",
  "RelatedWeaknesses.0.Ordinal": "Primary",
  "WeaknessOrdinalities.0.Ordinality": "Primary",
  "ApplicablePlatforms.0.Type": "Language",
  "ApplicablePlatforms.0.Class": "Not Language-Specific",
  "ApplicablePlatforms.0.Prevalence": "Undetermined",
  "ModesOfIntroduction.0.Phase": "Architecture and Design",
  "ModesOfIntroduction.1.Phase": "Implementation",
  "ModesOfIntroduction.1.Note": "REALIZATION: This weakness is caused during implementation of an architectural security tactic.",
  "ModesOfIntroduction.2.Phase": "Operation",
  "CommonConsequences.0.Scope.0": "Access Control",
  "CommonConsequences.0.Impact.0": "Gain Privileges or Assume Identity",
  "DetectionMethods.0.DetectionMethodID": "DM-14",
  "DetectionMethods.0.Method": "Automated Static Analysis",
  "DetectionMethods.0.Description": "Automated static analysis, commonly referred to as Static Application Security Testing (SAST), can find some instances of this weakness by analyzing source code (or binary/compiled code) without having to execute it. Typically, this is done by building a model of data flow and control flow, then searching for potentially-vulnerable patterns that connect \"sources\" (origins of input) with \"sinks\" (destinations where the data interacts with external components, a lower layer such as the OS, etc.)",
  "DetectionMethods.0.Effectiveness": "High",
  "PotentialMitigations.0.MitigationID": "MIT-1",
  "PotentialMitigations.0.Phase.0": "Architecture and Design",
  "PotentialMitigations.0.Phase.1": "Operation",
  "PotentialMitigations.0.Description": "Very carefully manage the setting, management, and handling of privileges. Explicitly manage trust zones in the software.",
  "PotentialMitigations.1.MitigationID": "MIT-48",
  "PotentialMitigations.1.Phase.0": "Architecture and Design",
  "PotentialMitigations.1.Strategy": "Separation of Privilege",
  "PotentialMitigations.1.Description": "Follow the principle of least privilege when assigning access rights to entities in a software system.",
  "PotentialMitigations.2.MitigationID": "MIT-49",
  "PotentialMitigations.2.Phase.0": "Architecture and Design",
  "PotentialMitigations.2.Strategy": "Separation of Privilege",
  "PotentialMitigations.2.Description": "Consider following the principle of separation of privilege. Require multiple conditions to be met before permitting access to a system resource.",
  "DemonstrativeExamples.0.ID": "DX-126",
  "DemonstrativeExamples.0.Entries.0.IntroText": "This code temporarily raises the program's privileges to allow creation of a new user folder.",
  "DemonstrativeExamples.0.Entries.1.Nature": "Bad",
  "DemonstrativeExamples.0.Entries.1.Language": "Python",
  "DemonstrativeExamples.0.Entries.1.ExampleCode": "```\n\tdef makeNewUserDir(username):\n\t\t\tif invalidUsername(username):\n```\n#avoid CWE-22 and CWE-78* \n\t\t\t\t\tprint('Usernames cannot contain invalid characters')\n\t\t\t\t\treturn False\n\t\t\ttry:\n\t\t\t```\n\t\t\t\traisePrivileges()\n\t\t\t\tos.mkdir('/home/' + username)\n\t\t\t\tlowerPrivileges()\n\t\t\texcept OSError:\n\t\t\t\tprint('Unable to create new user directory for user:' + username)\n\t\t\t\treturn False\n\t\t\treturn True\n```",
  "DemonstrativeExamples.0.Entries.2.BodyText": "While the program only raises its privilege level to create the folder and immediately lowers it again, if the call to os.mkdir() throws an exception, the call to lowerPrivileges() will not occur. As a result, the program is indefinitely operating in a raised privilege state, possibly allowing further exploitation to occur.",
  "DemonstrativeExamples.1.ID": "DX-97",
  "DemonstrativeExamples.1.Entries.0.IntroText": "The following example demonstrates the weakness.",
  "DemonstrativeExamples.1.Entries.1.Nature": "Bad",
  "DemonstrativeExamples.1.Entries.1.Language": "C",
  "DemonstrativeExamples.1.Entries.1.ExampleCode": "```\n\tseteuid(0);\n```\n/* do some stuff */* \n\t\n\tseteuid(getuid());",
  "DemonstrativeExamples.2.ID": "DX-142",
  "DemonstrativeExamples.2.Entries.0.IntroText": "The following example demonstrates the weakness.",
  "DemonstrativeExamples.2.Entries.1.Nature": "Bad",
  "DemonstrativeExamples.2.Entries.1.Language": "Java",
  "DemonstrativeExamples.2.Entries.1.ExampleCode": "```\n\tAccessController.doPrivileged(new PrivilegedAction() {\n\t\t\tpublic Object run() {\n```\n// privileged code goes here, for example:* \n\t\t\t\tSystem.loadLibrary(\"awt\");\n\t\t\t\treturn null;\n\t\t\t\t\n\t\t\t\t *// nothing to return* \n\t\t\t\t}",
  "DemonstrativeExamples.3.ID": "DX-127",
  "DemonstrativeExamples.3.Entries.0.IntroText": "This code intends to allow only Administrators to print debug information about a system.",
  "DemonstrativeExamples.3.Entries.1.Nature": "Bad",
  "DemonstrativeExamples.3.Entries.1.Language": "Java",
  "DemonstrativeExamples.3.Entries.1.ExampleCode": "```\n\tpublic enum Roles {\n\t\tADMIN,USER,GUEST\n\t}\n\tpublic void printDebugInfo(User requestingUser){\n\t\t\tif(isAuthenticated(requestingUser)){\n\t\t\t\t\tswitch(requestingUser.role){\n\t\t\t\t\t\t\tcase GUEST:\n\t\t\t\t\t\t\t\tSystem.out.println(\"You are not authorized to perform this command\");\n\t\t\t\t\t\t\t\tbreak;\n\t\t\t\t\t\t\tdefault:\n\t\t\t\t\t\t\t\tSystem.out.println(currentDebugState());\n\t\t\t\t\t\t\t\tbreak;\n\t\t\t\t\t}\n\t\t\t}\n\t\t\telse{\n\t\t\t\tSystem.out.println(\"You must be logged in to perform this command\");\n\t\t\t}\n\t}\n```",
  "DemonstrativeExamples.3.Entries.2.BodyText": "While the intention was to only allow Administrators to print the debug information, the code as written only excludes those with the role of \"GUEST\". Someone with the role of \"ADMIN\" or \"USER\" will be allowed access, which goes against the original intent. An attacker may be able to use this debug information to craft an attack on the system.",
  "DemonstrativeExamples.4.ID": "DX-128",
  "DemonstrativeExamples.4.Entries.0.IntroText": "This code allows someone with the role of \"ADMIN\" or \"OPERATOR\" to reset a user's password. The role of \"OPERATOR\" is intended to have less privileges than an \"ADMIN\", but still be able to help users with small issues such as forgotten passwords.",
  "DemonstrativeExamples.4.Entries.1.Nature": "Bad",
  "DemonstrativeExamples.4.Entries.1.Language": "Java",
  "DemonstrativeExamples.4.Entries.1.ExampleCode": "```\n\tpublic enum Roles {\n\t\tADMIN,OPERATOR,USER,GUEST\n\t}\n\tpublic void resetPassword(User requestingUser, User user, String password ){\n\t\t\tif(isAuthenticated(requestingUser)){\n\t\t\t\t\tswitch(requestingUser.role){\n\t\t\t\t\t\t\tcase GUEST:\n\t\t\t\t\t\t\t\tSystem.out.println(\"You are not authorized to perform this command\");\n\t\t\t\t\t\t\t\tbreak;\n\t\t\t\t\t\t\tcase USER:\n\t\t\t\t\t\t\t\tSystem.out.println(\"You are not authorized to perform this command\");\n\t\t\t\t\t\t\t\tbreak;\n\t\t\t\t\t\t\tdefault:\n\t\t\t\t\t\t\t\tsetPassword(user,password);\n\t\t\t\t\t\t\t\tbreak;\n\t\t\t\t\t\t\t}\n\t\t\t\t\t}\n\t\t\telse{\n\t\t\t\tSystem.out.println(\"You must be logged in to perform this command\");\n\t\t\t}\n\t}\n```",
  "DemonstrativeExamples.4.Entries.2.BodyText": "This code does not check the role of the user whose password is being reset. It is possible for an Operator to gain Admin privileges by resetting the password of an Admin account and taking control of that account.",
  "ObservedExamples.0.Reference": "CVE-2001-1555",
  "ObservedExamples.0.Description": "Terminal privileges are not reset when a user logs out.",
  "ObservedExamples.0.Link": "https://www.cve.org/CVERecord?id=CVE-2001-1555",
  "ObservedExamples.1.Reference": "CVE-2001-1514",
  "ObservedExamples.1.Description": "Does not properly pass security context to child processes in certain cases, allows privilege escalation.",
  "ObservedExamples.1.Link": "https://www.cve.org/CVERecord?id=CVE-2001-1514",
  "ObservedExamples.2.Reference": "CVE-2001-0128",
  "ObservedExamples.2.Description": "Does not properly compute roles.",
  "ObservedExamples.2.Link": "https://www.cve.org/CVERecord?id=CVE-2001-0128",
  "ObservedExamples.3.Reference": "CVE-1999-1193",
  "ObservedExamples.3.Description": "untrusted user placed in unix \"wheel\" group",
  "ObservedExamples.3.Link": "https://www.cve.org/CVERecord?id=CVE-1999-1193",
  "ObservedExamples.4.Reference": "CVE-2005-2741",
  "ObservedExamples.4.Description": "Product allows users to grant themselves certain rights that can be used to escalate privileges.",
  "ObservedExamples.4.Link": "https://www.cve.org/CVERecord?id=CVE-2005-2741",
  "ObservedExamples.5.Reference": "CVE-2005-2496",
  "ObservedExamples.5.Description": "Product uses group ID of a user instead of the group, causing it to run with different privileges. This is resultant from some other unknown issue.",
  "ObservedExamples.5.Link": "https://www.cve.org/CVERecord?id=CVE-2005-2496",
  "ObservedExamples.6.Reference": "CVE-2004-0274",
  "ObservedExamples.6.Description": "Product mistakenly assigns a particular status to an entity, leading to increased privileges.",
  "ObservedExamples.6.Link": "https://www.cve.org/CVERecord?id=CVE-2004-0274",
  "ObservedExamples.7.Reference": "CVE-2007-4217",
  "ObservedExamples.7.Description": "FTP client program on a certain OS runs with setuid privileges and has a buffer overflow. Most clients do not need extra privileges, so an overflow is not a vulnerability for those clients.",
  "ObservedExamples.7.Link": "https://www.cve.org/CVERecord?id=CVE-2007-4217",
  "ObservedExamples.8.Reference": "CVE-2007-5159",
  "ObservedExamples.8.Description": "OS incorrectly installs a program with setuid privileges, allowing users to gain privileges.",
  "ObservedExamples.8.Link": "https://www.cve.org/CVERecord?id=CVE-2007-5159",
  "ObservedExamples.9.Reference": "CVE-2008-4638",
  "ObservedExamples.9.Description": "Composite: application running with high privileges (CWE-250) allows user to specify a restricted file to process, which generates a parsing error that leaks the contents of the file (CWE-209).",
  "ObservedExamples.9.Link": "https://www.cve.org/CVERecord?id=CVE-2008-4638",
  "ObservedExamples.10.Reference": "CVE-2007-3931",
  "ObservedExamples.10.Description": "Installation script installs some programs as setuid when they shouldn't be.",
  "ObservedExamples.10.Link": "https://www.cve.org/CVERecord?id=CVE-2007-3931",
  "ObservedExamples.11.Reference": "CVE-2002-1981",
  "ObservedExamples.11.Description": "Roles have access to dangerous procedures (Accessible entities).",
  "ObservedExamples.11.Link": "https://www.cve.org/CVERecord?id=CVE-2002-1981",
  "ObservedExamples.12.Reference": "CVE-2002-1671",
  "ObservedExamples.12.Description": "Untrusted object/method gets access to clipboard (Accessible entities).",
  "ObservedExamples.12.Link": "https://www.cve.org/CVERecord?id=CVE-2002-1671",
  "ObservedExamples.13.Reference": "CVE-2000-0315",
  "ObservedExamples.13.Description": "Traceroute program allows unprivileged users to modify source address of packet (Accessible entities).",
  "ObservedExamples.13.Link": "https://www.cve.org/CVERecord?id=CVE-2000-0315",
  "ObservedExamples.14.Reference": "CVE-2000-0506",
  "ObservedExamples.14.Description": "User with capability can prevent setuid program from dropping privileges (Unsafe privileged actions).",
  "ObservedExamples.14.Link": "https://www.cve.org/CVERecord?id=CVE-2000-0506",
  "TaxonomyMappings.0.TaxonomyName": "PLOVER",
  "TaxonomyMappings.0.EntryName": "Privilege Management Error",
  "TaxonomyMappings.1.TaxonomyName": "ISA/IEC 62443",
  "TaxonomyMappings.1.EntryID": "Part 2-4",
  "TaxonomyMappings.1.EntryName": "Req SP.03.08 BR",
  "TaxonomyMappings.2.TaxonomyName": "ISA/IEC 62443",
  "TaxonomyMappings.2.EntryID": "Part 3-2",
  "TaxonomyMappings.2.EntryName": "Req CR 3.1",
  "TaxonomyMappings.3.TaxonomyName": "ISA/IEC 62443",
  "TaxonomyMappings.3.EntryID": "Part 3-3",
  "TaxonomyMappings.3.EntryName": "Req SR 1.2",
  "TaxonomyMappings.4.TaxonomyName": "ISA/IEC 62443",
  "TaxonomyMappings.4.EntryID": "Part 3-3",
  "TaxonomyMappings.4.EntryName": "Req SR 2.1",
  "TaxonomyMappings.5.TaxonomyName": "ISA/IEC 62443",
  "TaxonomyMappings.5.EntryID": "Part 4-1",
  "TaxonomyMappings.5.EntryName": "Req SD-3",
  "TaxonomyMappings.6.TaxonomyName": "ISA/IEC 62443",
  "TaxonomyMappings.6.EntryID": "Part 4-1",
  "TaxonomyMappings.6.EntryName": "Req SD-4",
  "TaxonomyMappings.7.TaxonomyName": "ISA/IEC 62443",
  "TaxonomyMappings.7.EntryID": "Part 4-1",
  "TaxonomyMappings.7.EntryName": "Req SI-1",
  "TaxonomyMappings.8.TaxonomyName": "ISA/IEC 62443",
  "TaxonomyMappings.8.EntryID": "Part 4-2",
  "TaxonomyMappings.8.EntryName": "Req CR 1.1",
  "TaxonomyMappings.9.TaxonomyName": "ISA/IEC 62443",
  "TaxonomyMappings.9.EntryID": "Part 4-2",
  "TaxonomyMappings.9.EntryName": "Req CR 2.1",
  "RelatedAttackPatterns.0": "122",
  "RelatedAttackPatterns.1": "233",
  "RelatedAttackPatterns.2": "58",
  "References.0.ExternalReferenceID": "REF-44",
  "References.0.Section": "\"Sin 16: Executing Code With Too Much Privilege.\" Page 243",
  "References.0.Authors.0": "Michael Howard",
  "References.0.Authors.1": "David LeBlanc",
  "References.0.Authors.2": "John Viega",
  "References.0.Title": "24 Deadly Sins of Software Security",
  "References.0.Publication": "McGraw-Hill",
  "References.0.PublicationYear": "2010",
  "References.1.ExternalReferenceID": "REF-62",
  "References.1.Section": "Chapter 9, \"Dropping Privileges Permanently\", Page 479",
  "References.1.Authors.0": "Mark Dowd",
  "References.1.Authors.1": "John McDonald",
  "References.1.Authors.2": "Justin Schuh",
  "References.1.Title": "The Art of Software Security Assessment",
  "References.1.Edition": "1st Edition",
  "References.1.PublicationYear": "2006",
  "References.1.Publisher": "Addison Wesley",
  "References.2.ExternalReferenceID": "REF-1287",
  "References.2.Section": "Details of Problematic Mappings",
  "References.2.Authors.0": "MITRE",
  "References.2.Title": "Supplemental Details - 2022 CWE Top 25",
  "References.2.PublicationYear": "2022",
  "References.2.PublicationMonth": "06",
  "References.2.PublicationDay": "28",
  "References.2.URL": "https://cwe.mitre.org/top25/archive/2022/2022_cwe_top25_supplemental.html#problematicMappingDetails",
  "References.2.URLDate": "2024-11-17",
  "MappingNotes.Usage": "Discouraged",
  "MappingNotes.Rationale": "CWE-269 is commonly misused. It can be conflated with \"privilege escalation,\" which is a technical impact that is listed in many low-information vulnerability reports [REF-1287]. It is not useful for trend analysis.",
  "MappingNotes.Comments": "If an error or mistake allows privilege escalation, then use the CWE ID for that mistake. Avoid using CWE-269 when only phrases such as \"privilege escalation\" or \"gain privileges\" are available, as these indicate technical impact of the vulnerability - not the root cause weakness. If the root cause seems to be directly related to privileges, then examine the children of CWE-269 for additional hints, such as Execution with Unnecessary Privileges (CWE-250) or Incorrect Privilege Assignment (CWE-266).",
  "MappingNotes.Reasons.0": "Frequent Misuse",
  "Notes.0.Type": "Maintenance",
  "Notes.0.Note": "The relationships between privileges, permissions, and actors (e.g. users and groups) need further refinement within the Research view. One complication is that these concepts apply to two different pillars, related to control of resources (CWE-664) and protection mechanism failures (CWE-693).",
  "ContentHistory.0.Type": "Submission",
  "ContentHistory.0.SubmissionName": "PLOVER",
  "ContentHistory.0.SubmissionDate": "2006-07-19",
  "ContentHistory.0.SubmissionVersion": "Draft 3",
  "ContentHistory.0.SubmissionReleaseDate": "2006-07-19",
  "ContentHistory.1.Type": "Modification",
  "ContentHistory.1.ModificationName": "Eric Dalci",
  "ContentHistory.1.ModificationOrganization": "Cigital",
  "ContentHistory.1.ModificationDate": "2008-07-01",
  "ContentHistory.1.ModificationComment": "updated Time_of_Introduction",
  "ContentHistory.2.Type": "Modification",
  "ContentHistory.2.ModificationOrganization": "CWE Team",
  "ContentHistory.2.ModificationDate": "2008-09-08",
  "ContentHistory.2.ModificationComment": "Moved this entry higher up in the Research view.",
  "ContentHistory.3.Type": "Modification",
  "ContentHistory.3.ModificationName": "CWE Content Team",
  "ContentHistory.3.ModificationOrganization": "MITRE",
  "ContentHistory.3.ModificationDate": "2008-09-08",
  "ContentHistory.3.ModificationComment": "updated Description, Maintenance_Notes, Name, Relationships, Taxonomy_Mappings, Weakness_Ordinalities",
  "ContentHistory.4.Type": "Modification",
  "ContentHistory.4.ModificationName": "CWE Content Team",
  "ContentHistory.4.ModificationOrganization": "MITRE",
  "ContentHistory.4.ModificationDate": "2009-05-27",
  "ContentHistory.4.ModificationComment": "updated Name",
  "ContentHistory.5.Type": "Modification",
  "ContentHistory.5.ModificationName": "CWE Content Team",
  "ContentHistory.5.ModificationOrganization": "MITRE",
  "ContentHistory.5.ModificationDate": "2009-12-28",
  "ContentHistory.5.ModificationComment": "updated Potential_Mitigations",
  "ContentHistory.6.Type": "Modification",
  "ContentHistory.6.ModificationName": "CWE Content Team",
  "ContentHistory.6.ModificationOrganization": "MITRE",
  "ContentHistory.6.ModificationDate": "2010-06-21",
  "ContentHistory.6.ModificationComment": "updated Potential_Mitigations",
  "ContentHistory.7.Type": "Modification",
  "ContentHistory.7.ModificationName": "CWE Content Team",
  "ContentHistory.7.ModificationOrganization": "MITRE",
  "ContentHistory.7.ModificationDate": "2011-03-29",
  "ContentHistory.7.ModificationComment": "updated Description, Relationships",
  "ContentHistory.8.Type": "Modification",
  "ContentHistory.8.ModificationName": "CWE Content Team",
  "ContentHistory.8.ModificationOrganization": "MITRE",
  "ContentHistory.8.ModificationDate": "2011-06-01",
  "ContentHistory.8.ModificationComment": "updated Common_Consequences",
  "ContentHistory.9.Type": "Modification",
  "ContentHistory.9.ModificationName": "CWE Content Team",
  "ContentHistory.9.ModificationOrganization": "MITRE",
  "ContentHistory.9.ModificationDate": "2012-05-11",
  "ContentHistory.9.ModificationComment": "updated References, Relationships",
  "ContentHistory.10.Type": "Modification",
  "ContentHistory.10.ModificationName": "CWE Content Team",
  "ContentHistory.10.ModificationOrganization": "MITRE",
  "ContentHistory.10.ModificationDate": "2012-10-30",
  "ContentHistory.10.ModificationComment": "updated Potential_Mitigations",
  "ContentHistory.11.Type": "Modification",
  "ContentHistory.11.ModificationName": "CWE Content Team",
  "ContentHistory.11.ModificationOrganization": "MITRE",
  "ContentHistory.11.ModificationDate": "2013-02-21",
  "ContentHistory.11.ModificationComment": "updated Potential_Mitigations",
  "ContentHistory.12.Type": "Modification",
  "ContentHistory.12.ModificationName": "CWE Content Team",
  "ContentHistory.12.ModificationOrganization": "MITRE",
  "ContentHistory.12.ModificationDate": "2017-11-08",
  "ContentHistory.12.ModificationComment": "updated Applicable_Platforms, Causal_Nature, Modes_of_Introduction, Relationships, Type",
  "ContentHistory.13.Type": "Modification",
  "ContentHistory.13.ModificationName": "CWE Content Team",
  "ContentHistory.13.ModificationOrganization": "MITRE",
  "ContentHistory.13.ModificationDate": "2019-06-20",
  "ContentHistory.13.ModificationComment": "updated Related_Attack_Patterns, Relationships",
  "ContentHistory.14.Type": "Modification",
  "ContentHistory.14.ModificationName": "CWE Content Team",
  "ContentHistory.14.ModificationOrganization": "MITRE",
  "ContentHistory.14.ModificationDate": "2019-09-19",
  "ContentHistory.14.ModificationComment": "updated Demonstrative_Examples, Maintenance_Notes, Observed_Examples, Relationships",
  "ContentHistory.15.Type": "Modification",
  "ContentHistory.15.ModificationName": "CWE Content Team",
  "ContentHistory.15.ModificationOrganization": "MITRE",
  "ContentHistory.15.ModificationDate": "2020-02-24",
  "ContentHistory.15.ModificationComment": "updated Observed_Examples, Relationships",
  "ContentHistory.16.Type": "Modification",
  "ContentHistory.16.ModificationName": "CWE Content Team",
  "ContentHistory.16.ModificationOrganization": "MITRE",
  "ContentHistory.16.ModificationDate": "2020-08-20",
  "ContentHistory.16.ModificationComment": "updated Relationships",
  "ContentHistory.17.Type": "Modification",
  "ContentHistory.17.ModificationName": "CWE Content Team",
  "ContentHistory.17.ModificationOrganization": "MITRE",
  "ContentHistory.17.ModificationDate": "2021-03-15",
  "ContentHistory.17.ModificationComment": "updated Demonstrative_Examples",
  "ContentHistory.18.Type": "Modification",
  "ContentHistory.18.ModificationName": "CWE Content Team",
  "ContentHistory.18.ModificationOrganization": "MITRE",
  "ContentHistory.18.ModificationDate": "2021-10-28",
  "ContentHistory.18.ModificationComment": "updated Relationships",
  "ContentHistory.19.Type": "Modification",
  "ContentHistory.19.ModificationName": "CWE Content Team",
  "ContentHistory.19.ModificationOrganization": "MITRE",
  "ContentHistory.19.ModificationDate": "2022-04-28",
  "ContentHistory.19.ModificationComment": "updated Relationships",
  "ContentHistory.20.Type": "Modification",
  "ContentHistory.20.ModificationName": "CWE Content Team",
  "ContentHistory.20.ModificationOrganization": "MITRE",
  "ContentHistory.20.ModificationDate": "2022-10-13",
  "ContentHistory.20.ModificationComment": "updated References",
  "ContentHistory.21.Type": "Modification",
  "ContentHistory.21.ModificationName": "CWE Content Team",
  "ContentHistory.21.ModificationOrganization": "MITRE",
  "ContentHistory.21.ModificationDate": "2023-01-31",
  "ContentHistory.21.ModificationComment": "updated Description",
  "ContentHistory.22.Type": "Modification",
  "ContentHistory.22.ModificationName": "CWE Content Team",
  "ContentHistory.22.ModificationOrganization": "MITRE",
  "ContentHistory.22.ModificationDate": "2023-04-27",
  "ContentHistory.22.ModificationComment": "updated Detection_Factors, Relationships",
  "ContentHistory.23.Type": "Modification",
  "ContentHistory.23.ModificationName": "CWE Content Team",
  "ContentHistory.23.ModificationOrganization": "MITRE",
  "ContentHistory.23.ModificationDate": "2023-06-29",
  "ContentHistory.23.ModificationComment": "updated Mapping_Notes, Relationships, Taxonomy_Mappings",
  "ContentHistory.24.Type": "Modification",
  "ContentHistory.24.ModificationName": "CWE Content Team",
  "ContentHistory.24.ModificationOrganization": "MITRE",
  "ContentHistory.24.ModificationDate": "2024-07-16",
  "ContentHistory.24.ModificationComment": "updated Diagram",
  "ContentHistory.24.ModificationVersion": "4.15",
  "ContentHistory.24.ModificationReleaseDate": "2024-07-16",
  "ContentHistory.25.Type": "Modification",
  "ContentHistory.25.ModificationName": "CWE Content Team",
  "ContentHistory.25.ModificationOrganization": "MITRE",
  "ContentHistory.25.ModificationDate": "2024-11-19",
  "ContentHistory.25.ModificationComment": "updated Relationships",
  "ContentHistory.25.ModificationVersion": "4.16",
  "ContentHistory.25.ModificationReleaseDate": "2024-11-19",
  "ContentHistory.26.Type": "Contribution",
  "ContentHistory.26.ContributionName": "\"Mapping CWE to 62443\" Sub-Working Group",
  "ContentHistory.26.ContributionOrganization": "CWE-CAPEC ICS/OT SIG",
  "ContentHistory.26.ContributionDate": "2023-06-29",
  "ContentHistory.26.ContributionComment": "Suggested mappings to ISA/IEC 62443.",
  "ContentHistory.26.ContributionType": "Content",
  "ContentHistory.26.ContributionVersion": "4.12",
  "ContentHistory.26.ContributionReleaseDate": "2023-06-29",
  "ContentHistory.27.Type": "Contribution",
  "ContentHistory.27.ContributionName": "Abhi Balakrishnan",
  "ContentHistory.27.ContributionDate": "2024-02-29",
  "ContentHistory.27.ContributionComment": "Provided diagram to improve CWE usability",
  "ContentHistory.27.ContributionType": "Content",
  "ContentHistory.27.ContributionVersion": "4.15",
  "ContentHistory.27.ContributionReleaseDate": "2024-07-16",
  "ContentHistory.28.Type": "Rename",
  "ContentHistory.28.PreviousEntryName": "Privilege Management Error",
  "ContentHistory.28.Date": "2008-09-09",
  "ContentHistory.29.Type": "Rename",
  "ContentHistory.29.PreviousEntryName": "Insecure Privilege Management",
  "ContentHistory.29.Date": "2009-05-27"
}