{
  "ID": "200",
  "Name": "Exposure of Sensitive Information to an Unauthorized Actor",
  "Abstraction": "Class",
  "Structure": "Simple",
  "Status": "Draft",
  "Description": "The product exposes sensitive information to an actor that is not explicitly authorized to have access to that information.",
  "ExtendedDescription": "\n\nThere are many different kinds of mistakes that introduce information exposures. The severity of the error can range widely, depending on the context in which the product operates, the type of sensitive information that is revealed, and the benefits it may provide to an attacker. Some kinds of sensitive information include:\n\n\n  - private, personal information, such as personal messages, financial data, health records, geographic location, or contact details\n\n  - system status and environment, such as the operating system and installed packages\n\n  - business secrets and intellectual property\n\n  - network status and configuration\n\n  - the product's own code or internal state\n\n  - metadata, e.g. logging of connections or message headers\n\n  - indirect information, such as a discrepancy between two internal operations that can be observed by an outsider\n\nInformation might be sensitive to different parties, each of which may have their own expectations for whether the information should be protected. These parties include:\n\n  - the product's own users\n\n  - people or organizations whose information is created or used by the product, even if they are not direct product users\n\n  - the product's administrators, including the admins of the system(s) and/or networks on which the product operates\n\n  - the developer\n\nInformation exposures can occur in different ways:\n\n  - the code  **explicitly inserts**  sensitive information into resources or messages that are intentionally made accessible to unauthorized actors, but should not contain the information - i.e., the information should have been \"scrubbed\" or \"sanitized\"\n\n  - a different weakness or mistake  **indirectly inserts**  the sensitive information into resources, such as a web script error revealing the full system path of the program.\n\n  - the code manages resources that intentionally contain sensitive information, but the resources are  **unintentionally made accessible**  to unauthorized actors. In this case, the information exposure is resultant - i.e., a different weakness enabled the access to the information in the first place.\n\nIt is common practice to describe any loss of confidentiality as an \"information exposure,\" but this can lead to overuse of CWE-200 in CWE mapping. From the CWE perspective, loss of confidentiality is a technical impact that can arise from dozens of different weaknesses, such as insecure file permissions or out-of-bounds read. CWE-200 and its lower-level descendants are intended to cover the mistakes that occur in behaviors that explicitly manage, store, transfer, or cleanse sensitive information.",
  "LikelihoodOfExploit": "High",
  "RelatedWeaknesses.0.Nature": "ChildOf",
  "RelatedWeaknesses.0.CweID": "668",
  "RelatedWeaknesses.0.ViewID": "1000",
  "RelatedWeaknesses.0.Ordinal": "Primary",
  "WeaknessOrdinalities.0.Ordinality": "Primary",
  "WeaknessOrdinalities.0.Description": "Developers may insert sensitive information that they do not believe, or they might forget to remove the sensitive information after it has been processed",
  "WeaknessOrdinalities.1.Ordinality": "Resultant",
  "WeaknessOrdinalities.1.Description": "Separate mistakes or weaknesses could inadvertently make the sensitive information available to an attacker, such as in a detailed error message that can be read by an unauthorized party",
  "ApplicablePlatforms.0.Type": "Language",
  "ApplicablePlatforms.0.Class": "Not Language-Specific",
  "ApplicablePlatforms.0.Prevalence": "Undetermined",
  "ApplicablePlatforms.1.Type": "Technology",
  "ApplicablePlatforms.1.Class": "Mobile",
  "ApplicablePlatforms.1.Prevalence": "Undetermined",
  "AlternateTerms.0.Term": "Information Disclosure",
  "AlternateTerms.0.Description": "This term is frequently used in vulnerability advisories to describe a consequence or technical impact, for any vulnerability that has a loss of confidentiality. Often, CWE-200 can be misused to represent the loss of confidentiality, even when the mistake - i.e., the weakness - is not directly related to the mishandling of the information itself, such as an out-of-bounds read that accesses sensitive memory contents; here, the out-of-bounds read is the primary weakness, not the disclosure of the memory. In addition, this phrase is also used frequently in policies and legal documents, but it does not refer to any disclosure of security-relevant information.",
  "AlternateTerms.1.Term": "Information Leak",
  "AlternateTerms.1.Description": "This is a frequently used term, however the \"leak\" term has multiple uses within security. In some cases it deals with the accidental exposure of information from a different weakness, but in other cases (such as \"memory leak\"), this deals with improper tracking of resources, which can lead to exhaustion. As a result, CWE is actively avoiding usage of the \"leak\" term.",
  "ModesOfIntroduction.0.Phase": "Architecture and Design",
  "ModesOfIntroduction.1.Phase": "Implementation",
  "CommonConsequences.0.Scope.0": "Confidentiality",
  "CommonConsequences.0.Impact.0": "Read Application Data",
  "DetectionMethods.0.Method": "Automated Static Analysis - Binary or Bytecode",
  "DetectionMethods.0.Description": "\n\nAccording to SOAR, the following detection techniques may be useful:\n\n```\n\t\tCost effective for partial coverage:\n```\n\n\t\tBytecode Weakness Analysis - including disassembler + source code weakness analysis\n\t\tInter-application Flow Analysis",
  "DetectionMethods.0.Effectiveness": "SOAR Partial",
  "DetectionMethods.1.Method": "Dynamic Analysis with Automated Results Interpretation",
  "DetectionMethods.1.Description": "\n\nAccording to SOAR, the following detection techniques may be useful:\n\n```\n\t\tHighly cost effective:\n```\n\n\t\tWeb Application Scanner\n\t\tWeb Services Scanner\n\t\tDatabase Scanners",
  "DetectionMethods.1.Effectiveness": "High",
  "DetectionMethods.2.Method": "Dynamic Analysis with Manual Results Interpretation",
  "DetectionMethods.2.Description": "\n\nAccording to SOAR, the following detection techniques may be useful:\n\n```\n\t\tCost effective for partial coverage:\n```\n\n\t\tFuzz Tester\n\t\tFramework-based Fuzzer\n\t\tAutomated Monitored Execution\n\t\tMonitored Virtual Environment - run potentially malicious code in sandbox / wrapper / virtual machine, see if it does anything suspicious",
  "DetectionMethods.2.Effectiveness": "SOAR Partial",
  "DetectionMethods.3.Method": "Manual Static Analysis - Source Code",
  "DetectionMethods.3.Description": "\n\nAccording to SOAR, the following detection techniques may be useful:\n\n```\n\t\tHighly cost effective:\n```\n\n\t\tManual Source Code Review (not inspections)",
  "DetectionMethods.3.Effectiveness": "High",
  "DetectionMethods.4.Method": "Automated Static Analysis - Source Code",
  "DetectionMethods.4.Description": "\n\nAccording to SOAR, the following detection techniques may be useful:\n\n```\n\t\tHighly cost effective:\n```\n\n\t\tContext-configured Source Code Weakness Analyzer\n\t```\n\t\tCost effective for partial coverage:\n```\n\n\t\tSource code Weakness Analyzer",
  "DetectionMethods.4.Effectiveness": "High",
  "DetectionMethods.5.Method": "Architecture or Design Review",
  "DetectionMethods.5.Description": "\n\nAccording to SOAR, the following detection techniques may be useful:\n\n```\n\t\tHighly cost effective:\n```\n\n\t\tFormal Methods / Correct-By-Construction\n\t```\n\t\tCost effective for partial coverage:\n```\n\n\t\tAttack Modeling\n\t\tInspection (IEEE 1028 standard) (can apply to requirements, design, source code, etc.)",
  "DetectionMethods.5.Effectiveness": "High",
  "PotentialMitigations.0.MitigationID": "MIT-46",
  "PotentialMitigations.0.Phase.0": "Architecture and Design",
  "PotentialMitigations.0.Strategy": "Separation of Privilege",
  "PotentialMitigations.0.Description": "\n\nCompartmentalize the system to have \"safe\" areas where trust boundaries can be unambiguously drawn. Do not allow sensitive data to go outside of the trust boundary and always be careful when interfacing with a compartment outside of the safe area.\n\n\nEnsure that appropriate compartmentalization is built into the system design, and the compartmentalization allows for and reinforces privilege separation functionality. Architects and designers should rely on the principle of least privilege to decide the appropriate time to use privileges and the time to drop privileges.\n",
  "DemonstrativeExamples.0.ID": "DX-38",
  "DemonstrativeExamples.0.Entries.0.IntroText": "The following code checks validity of the supplied username and password and notifies the user of a successful or failed login.",
  "DemonstrativeExamples.0.Entries.1.Nature": "Bad",
  "DemonstrativeExamples.0.Entries.1.Language": "Perl",
  "DemonstrativeExamples.0.Entries.1.ExampleCode": "```\n\tmy $username=param('username'); \n\tmy $password=param('password'); \n\tif (IsValidUsername($username) == 1) \n\t{ \n\t\tif (IsValidPassword($username, $password) == 1) \n\t\t{ \n\t\t\tprint \"Login Successful\"; \n\t\t} \n\t\telse \n\t\t{ \n\t\t\tprint \"Login Failed - incorrect password\"; \n\t\t} \n\t} \n\telse \n\t{ \n\t\tprint \"Login Failed - unknown username\"; \n\t} \n```",
  "DemonstrativeExamples.0.Entries.2.BodyText": "In the above code, there are different messages for when an incorrect username is supplied, versus when the username is correct but the password is wrong. This difference enables a potential attacker to understand the state of the login function, and could allow an attacker to discover a valid username by trying different values until the incorrect password message is returned. In essence, this makes it easier for an attacker to obtain half of the necessary authentication credentials.",
  "DemonstrativeExamples.0.Entries.3.BodyText": "While this type of information may be helpful to a user, it is also useful to a potential attacker. In the above example, the message for both failed cases should be the same, such as:",
  "DemonstrativeExamples.0.Entries.4.Nature": "Result",
  "DemonstrativeExamples.0.Entries.4.ExampleCode": "```\n\t\"Login Failed - incorrect username or password\"\n```",
  "DemonstrativeExamples.1.ID": "DX-118",
  "DemonstrativeExamples.1.Entries.0.IntroText": "This code tries to open a database connection, and prints any exceptions that occur.",
  "DemonstrativeExamples.1.Entries.1.Nature": "Bad",
  "DemonstrativeExamples.1.Entries.1.Language": "PHP",
  "DemonstrativeExamples.1.Entries.1.ExampleCode": "```\n\ttry {\n\t\topenDbConnection();\n\t}\n```\n//print exception message that includes exception message and configuration file location* \n\tcatch (Exception $e) {\n\t```\n\t\techo 'Caught exception: ', $e->getMessage(), '\\n';\n\t\techo 'Check credentials in config file at: ', $Mysql_config_location, '\\n';\n\t}\n```",
  "DemonstrativeExamples.1.Entries.2.BodyText": "If an exception occurs, the printed message exposes the location of the configuration file the script is using. An attacker can use this information to target the configuration file (perhaps exploiting a Path Traversal weakness). If the file can be read, the attacker could gain credentials for accessing the database. The attacker may also be able to replace the file with a malicious one, causing the application to use an arbitrary database.",
  "DemonstrativeExamples.2.ID": "DX-119",
  "DemonstrativeExamples.2.Entries.0.IntroText": "In the example below, the method getUserBankAccount retrieves a bank account object from a database using the supplied username and account number to query the database. If an SQLException is raised when querying the database, an error message is created and output to a log file.",
  "DemonstrativeExamples.2.Entries.1.Nature": "Bad",
  "DemonstrativeExamples.2.Entries.1.Language": "Java",
  "DemonstrativeExamples.2.Entries.1.ExampleCode": "```\n\tpublic BankAccount getUserBankAccount(String username, String accountNumber) {\n\t\t\tBankAccount userAccount = null;\n\t\t\tString query = null;\n\t\t\ttry {\n\t\t\t\tif (isAuthorizedUser(username)) {\n\t\t\t\t\tquery = \"SELECT * FROM accounts WHERE owner = \"\n\t\t\t\t\t+ username + \" AND accountID = \" + accountNumber;\n\t\t\t\t\tDatabaseManager dbManager = new DatabaseManager();\n\t\t\t\t\tConnection conn = dbManager.getConnection();\n\t\t\t\t\tStatement stmt = conn.createStatement();\n\t\t\t\t\tResultSet queryResult = stmt.executeQuery(query);\n\t\t\t\t\tuserAccount = (BankAccount)queryResult.getObject(accountNumber);\n\t\t\t\t}\n\t\t\t} catch (SQLException ex) {\n\t\t\t\tString logMessage = \"Unable to retrieve account information from database,\\nquery: \" + query;\n\t\t\t\tLogger.getLogger(BankManager.class.getName()).log(Level.SEVERE, logMessage, ex);\n\t\t\t}\n\t\t\treturn userAccount;\n\t}\n```",
  "DemonstrativeExamples.2.Entries.2.BodyText": "The error message that is created includes information about the database query that may contain sensitive information about the database or query logic. In this case, the error message will expose the table name and column names used in the database. This data could be used to simplify other attacks, such as SQL injection (CWE-89) to directly access the database.",
  "DemonstrativeExamples.3.ID": "DX-120",
  "DemonstrativeExamples.3.Entries.0.IntroText": "This code stores location information about the current user:",
  "DemonstrativeExamples.3.Entries.1.Nature": "Bad",
  "DemonstrativeExamples.3.Entries.1.Language": "Java",
  "DemonstrativeExamples.3.Entries.1.ExampleCode": "```\n\tlocationClient = new LocationClient(this, this, this);\n\tlocationClient.connect();\n\tcurrentUser.setLocation(locationClient.getLastLocation());\n```\n...* \n\t\n\tcatch (Exception e) {\n\t```\n\t\tAlertDialog.Builder builder = new AlertDialog.Builder(this);\n\t\tbuilder.setMessage(\"Sorry, this application has experienced an error.\");\n\t\tAlertDialog alert = builder.create();\n\t\talert.show();\n\t\tLog.e(\"ExampleActivity\", \"Caught exception: \" + e + \" While on User:\" + User.toString());\n\t}\n```",
  "DemonstrativeExamples.3.Entries.2.BodyText": "When the application encounters an exception it will write the user object to the log. Because the user object contains location information, the user's location is also written to the log.",
  "DemonstrativeExamples.4.ID": "DX-129",
  "DemonstrativeExamples.4.Entries.0.IntroText": "The following is an actual MySQL error statement:",
  "DemonstrativeExamples.4.Entries.1.Nature": "Result",
  "DemonstrativeExamples.4.Entries.1.Language": "SQL",
  "DemonstrativeExamples.4.Entries.1.ExampleCode": "```\n\tWarning: mysql_pconnect(): Access denied for user: 'root@localhost' (Using password: N1nj4) in /usr/local/www/wi-data/includes/database.inc on line 4\n```",
  "DemonstrativeExamples.4.Entries.2.BodyText": "The error clearly exposes the database credentials.",
  "DemonstrativeExamples.5.ID": "DX-130",
  "DemonstrativeExamples.5.Entries.0.IntroText": "This code displays some information on a web page.",
  "DemonstrativeExamples.5.Entries.1.Nature": "Bad",
  "DemonstrativeExamples.5.Entries.1.Language": "JSP",
  "DemonstrativeExamples.5.Entries.1.ExampleCode": "```\n\tSocial Security Number: <%= ssn %></br>Credit Card Number: <%= ccn %>\n```",
  "DemonstrativeExamples.5.Entries.2.BodyText": "The code displays a user's credit card and social security numbers, even though they aren't absolutely necessary.",
  "DemonstrativeExamples.6.ID": "DX-131",
  "DemonstrativeExamples.6.Entries.0.IntroText": "The following program changes its behavior based on a debug flag.",
  "DemonstrativeExamples.6.Entries.1.Nature": "Bad",
  "DemonstrativeExamples.6.Entries.1.Language": "JSP",
  "DemonstrativeExamples.6.Entries.1.ExampleCode": "```\n\t<% if (Boolean.getBoolean(\"debugEnabled\")) {\n\t\t\t%>\n\t\t\tUser account number: <%= acctNo %>\n\t\t\t<%\n\t\t\t} %>\n```",
  "DemonstrativeExamples.6.Entries.2.BodyText": "The code writes sensitive debug information to the client browser if the \"debugEnabled\" flag is set to true .",
  "DemonstrativeExamples.7.ID": "DX-111",
  "DemonstrativeExamples.7.Entries.0.IntroText": "This code uses location to determine the user's current US State location.",
  "DemonstrativeExamples.7.Entries.1.BodyText": "First the application must declare that it requires the ACCESS_FINE_LOCATION permission in the application's manifest.xml:",
  "DemonstrativeExamples.7.Entries.2.Nature": "Bad",
  "DemonstrativeExamples.7.Entries.2.Language": "XML",
  "DemonstrativeExamples.7.Entries.2.ExampleCode": "```\n\t<uses-permission android:name=\"android.permission.ACCESS_FINE_LOCATION\"/>\n```",
  "DemonstrativeExamples.7.Entries.3.BodyText": "During execution, a call to getLastLocation() will return a location based on the application's location permissions. In this case the application has permission for the most accurate location possible:",
  "DemonstrativeExamples.7.Entries.4.Nature": "Bad",
  "DemonstrativeExamples.7.Entries.4.Language": "Java",
  "DemonstrativeExamples.7.Entries.4.ExampleCode": "```\n\tlocationClient = new LocationClient(this, this, this);\n\tlocationClient.connect();\n\tLocation userCurrLocation;\n\tuserCurrLocation = locationClient.getLastLocation();\n\tderiveStateFromCoords(userCurrLocation);\n```",
  "DemonstrativeExamples.7.Entries.5.BodyText": "While the application needs this information, it does not need to use the ACCESS_FINE_LOCATION permission, as the ACCESS_COARSE_LOCATION permission will be sufficient to identify which US state the user is in.",
  "ObservedExamples.0.Reference": "CVE-2022-31162",
  "ObservedExamples.0.Description": "Rust library leaks Oauth client details in application debug logs",
  "ObservedExamples.0.Link": "https://www.cve.org/CVERecord?id=CVE-2022-31162",
  "ObservedExamples.1.Reference": "CVE-2021-25476",
  "ObservedExamples.1.Description": "Digital Rights Management (DRM) capability for mobile platform leaks pointer information, simplifying ASLR bypass",
  "ObservedExamples.1.Link": "https://www.cve.org/CVERecord?id=CVE-2021-25476",
  "ObservedExamples.2.Reference": "CVE-2001-1483",
  "ObservedExamples.2.Description": "Enumeration of valid usernames based on inconsistent responses",
  "ObservedExamples.2.Link": "https://www.cve.org/CVERecord?id=CVE-2001-1483",
  "ObservedExamples.3.Reference": "CVE-2001-1528",
  "ObservedExamples.3.Description": "Account number enumeration via inconsistent responses.",
  "ObservedExamples.3.Link": "https://www.cve.org/CVERecord?id=CVE-2001-1528",
  "ObservedExamples.4.Reference": "CVE-2004-2150",
  "ObservedExamples.4.Description": "User enumeration via discrepancies in error messages.",
  "ObservedExamples.4.Link": "https://www.cve.org/CVERecord?id=CVE-2004-2150",
  "ObservedExamples.5.Reference": "CVE-2005-1205",
  "ObservedExamples.5.Description": "Telnet protocol allows servers to obtain sensitive environment information from clients.",
  "ObservedExamples.5.Link": "https://www.cve.org/CVERecord?id=CVE-2005-1205",
  "ObservedExamples.6.Reference": "CVE-2002-1725",
  "ObservedExamples.6.Description": "Script calls phpinfo(), revealing system configuration to web user",
  "ObservedExamples.6.Link": "https://www.cve.org/CVERecord?id=CVE-2002-1725",
  "ObservedExamples.7.Reference": "CVE-2002-0515",
  "ObservedExamples.7.Description": "Product sets a different TTL when a port is being filtered than when it is not being filtered, which allows remote attackers to identify filtered ports by comparing TTLs.",
  "ObservedExamples.7.Link": "https://www.cve.org/CVERecord?id=CVE-2002-0515",
  "ObservedExamples.8.Reference": "CVE-2004-0778",
  "ObservedExamples.8.Description": "Version control system allows remote attackers to determine the existence of arbitrary files and directories via the -X command for an alternate history file, which causes different error messages to be returned.",
  "ObservedExamples.8.Link": "https://www.cve.org/CVERecord?id=CVE-2004-0778",
  "ObservedExamples.9.Reference": "CVE-2000-1117",
  "ObservedExamples.9.Description": "Virtual machine allows malicious web site operators to determine the existence of files on the client by measuring delays in the execution of the getSystemResource method.",
  "ObservedExamples.9.Link": "https://www.cve.org/CVERecord?id=CVE-2000-1117",
  "ObservedExamples.10.Reference": "CVE-2003-0190",
  "ObservedExamples.10.Description": "Product immediately sends an error message when a user does not exist, which allows remote attackers to determine valid usernames via a timing attack.",
  "ObservedExamples.10.Link": "https://www.cve.org/CVERecord?id=CVE-2003-0190",
  "ObservedExamples.11.Reference": "CVE-2008-2049",
  "ObservedExamples.11.Description": "POP3 server reveals a password in an error message after multiple APOP commands are sent. Might be resultant from another weakness.",
  "ObservedExamples.11.Link": "https://www.cve.org/CVERecord?id=CVE-2008-2049",
  "ObservedExamples.12.Reference": "CVE-2007-5172",
  "ObservedExamples.12.Description": "Program reveals password in error message if attacker can trigger certain database errors.",
  "ObservedExamples.12.Link": "https://www.cve.org/CVERecord?id=CVE-2007-5172",
  "ObservedExamples.13.Reference": "CVE-2008-4638",
  "ObservedExamples.13.Description": "Composite: application running with high privileges (CWE-250) allows user to specify a restricted file to process, which generates a parsing error that leaks the contents of the file (CWE-209).",
  "ObservedExamples.13.Link": "https://www.cve.org/CVERecord?id=CVE-2008-4638",
  "ObservedExamples.14.Reference": "CVE-2007-1409",
  "ObservedExamples.14.Description": "Direct request to library file in web application triggers pathname leak in error message.",
  "ObservedExamples.14.Link": "https://www.cve.org/CVERecord?id=CVE-2007-1409",
  "ObservedExamples.15.Reference": "CVE-2005-0603",
  "ObservedExamples.15.Description": "Malformed regexp syntax leads to information exposure in error message.",
  "ObservedExamples.15.Link": "https://www.cve.org/CVERecord?id=CVE-2005-0603",
  "ObservedExamples.16.Reference": "CVE-2004-2268",
  "ObservedExamples.16.Description": "Password exposed in debug information.",
  "ObservedExamples.16.Link": "https://www.cve.org/CVERecord?id=CVE-2004-2268",
  "ObservedExamples.17.Reference": "CVE-2003-1078",
  "ObservedExamples.17.Description": "FTP client with debug option enabled shows password to the screen.",
  "ObservedExamples.17.Link": "https://www.cve.org/CVERecord?id=CVE-2003-1078",
  "ObservedExamples.18.Reference": "CVE-2022-0708",
  "ObservedExamples.18.Description": "Collaboration platform does not clear team emails in a response, allowing leak of email addresses",
  "ObservedExamples.18.Link": "https://www.cve.org/CVERecord?id=CVE-2022-0708",
  "TaxonomyMappings.0.TaxonomyName": "PLOVER",
  "TaxonomyMappings.0.EntryName": "Information Leak (information disclosure)",
  "TaxonomyMappings.1.TaxonomyName": "OWASP Top Ten 2007",
  "TaxonomyMappings.1.EntryID": "A6",
  "TaxonomyMappings.1.EntryName": "Information Leakage and Improper Error Handling",
  "TaxonomyMappings.1.MappingFit": "CWE More Specific",
  "TaxonomyMappings.2.TaxonomyName": "WASC",
  "TaxonomyMappings.2.EntryID": "13",
  "TaxonomyMappings.2.EntryName": "Information Leakage",
  "RelatedAttackPatterns.0": "116",
  "RelatedAttackPatterns.1": "13",
  "RelatedAttackPatterns.2": "169",
  "RelatedAttackPatterns.3": "22",
  "RelatedAttackPatterns.4": "224",
  "RelatedAttackPatterns.5": "285",
  "RelatedAttackPatterns.6": "287",
  "RelatedAttackPatterns.7": "290",
  "RelatedAttackPatterns.8": "291",
  "RelatedAttackPatterns.9": "292",
  "RelatedAttackPatterns.10": "293",
  "RelatedAttackPatterns.11": "294",
  "RelatedAttackPatterns.12": "295",
  "RelatedAttackPatterns.13": "296",
  "RelatedAttackPatterns.14": "297",
  "RelatedAttackPatterns.15": "298",
  "RelatedAttackPatterns.16": "299",
  "RelatedAttackPatterns.17": "300",
  "RelatedAttackPatterns.18": "301",
  "RelatedAttackPatterns.19": "302",
  "RelatedAttackPatterns.20": "303",
  "RelatedAttackPatterns.21": "304",
  "RelatedAttackPatterns.22": "305",
  "RelatedAttackPatterns.23": "306",
  "RelatedAttackPatterns.24": "307",
  "RelatedAttackPatterns.25": "308",
  "RelatedAttackPatterns.26": "309",
  "RelatedAttackPatterns.27": "310",
  "RelatedAttackPatterns.28": "312",
  "RelatedAttackPatterns.29": "313",
  "RelatedAttackPatterns.30": "317",
  "RelatedAttackPatterns.31": "318",
  "RelatedAttackPatterns.32": "319",
  "RelatedAttackPatterns.33": "320",
  "RelatedAttackPatterns.34": "321",
  "RelatedAttackPatterns.35": "322",
  "RelatedAttackPatterns.36": "323",
  "RelatedAttackPatterns.37": "324",
  "RelatedAttackPatterns.38": "325",
  "RelatedAttackPatterns.39": "326",
  "RelatedAttackPatterns.40": "327",
  "RelatedAttackPatterns.41": "328",
  "RelatedAttackPatterns.42": "329",
  "RelatedAttackPatterns.43": "330",
  "RelatedAttackPatterns.44": "472",
  "RelatedAttackPatterns.45": "497",
  "RelatedAttackPatterns.46": "508",
  "RelatedAttackPatterns.47": "573",
  "RelatedAttackPatterns.48": "574",
  "RelatedAttackPatterns.49": "575",
  "RelatedAttackPatterns.50": "576",
  "RelatedAttackPatterns.51": "577",
  "RelatedAttackPatterns.52": "59",
  "RelatedAttackPatterns.53": "60",
  "RelatedAttackPatterns.54": "616",
  "RelatedAttackPatterns.55": "643",
  "RelatedAttackPatterns.56": "646",
  "RelatedAttackPatterns.57": "651",
  "RelatedAttackPatterns.58": "79",
  "References.0.ExternalReferenceID": "REF-172",
  "References.0.Authors.0": "Chris Wysopal",
  "References.0.Title": "Mobile App Top 10 List",
  "References.0.PublicationYear": "2010",
  "References.0.PublicationMonth": "12",
  "References.0.PublicationDay": "13",
  "References.0.URL": "https://www.veracode.com/blog/2010/12/mobile-app-top-10-list",
  "References.0.URLDate": "2023-04-07",
  "References.1.ExternalReferenceID": "REF-1287",
  "References.1.Section": "Details of Problematic Mappings",
  "References.1.Authors.0": "MITRE",
  "References.1.Title": "Supplemental Details - 2022 CWE Top 25",
  "References.1.PublicationYear": "2022",
  "References.1.PublicationMonth": "06",
  "References.1.PublicationDay": "28",
  "References.1.URL": "https://cwe.mitre.org/top25/archive/2022/2022_cwe_top25_supplemental.html#problematicMappingDetails",
  "References.1.URLDate": "2024-11-17",
  "MappingNotes.Usage": "Discouraged",
  "MappingNotes.Rationale": "CWE-200 is commonly misused to represent the loss of confidentiality in a vulnerability, but confidentiality loss is a technical impact - not a root cause error. As of CWE 4.9, over 400 CWE entries can lead to a loss of confidentiality. Other options are often available. [REF-1287].",
  "MappingNotes.Comments": "If an error or mistake causes information to be disclosed, then use the CWE ID for that error. Consider starting with improper authorization (CWE-285), insecure permissions (CWE-732), improper authentication (CWE-287), etc. Also consider children such as Insertion of Sensitive Information Into Sent Data (CWE-201), Observable Discrepancy (CWE-203), Insertion of Sensitive Information into Externally-Accessible File or Directory (CWE-538), or others.",
  "MappingNotes.Reasons.0": "Frequent Misuse",
  "Notes.0.Type": "Maintenance",
  "Notes.0.Note": "As a result of mapping analysis in the 2020 Top 25 and more recent versions, this weakness is under review, since it is frequently misused in mapping to cover many problems that lead to loss of confidentiality. See Mapping Notes, Extended Description, and Alternate Terms.",
  "ContentHistory.0.Type": "Submission",
  "ContentHistory.0.SubmissionName": "PLOVER",
  "ContentHistory.0.SubmissionDate": "2006-07-19",
  "ContentHistory.0.SubmissionVersion": "Draft 3",
  "ContentHistory.0.SubmissionReleaseDate": "2006-07-19",
  "ContentHistory.1.Type": "Modification",
  "ContentHistory.1.ModificationName": "Eric Dalci",
  "ContentHistory.1.ModificationOrganization": "Cigital",
  "ContentHistory.1.ModificationDate": "2008-07-01",
  "ContentHistory.1.ModificationComment": "updated Time_of_Introduction",
  "ContentHistory.2.Type": "Modification",
  "ContentHistory.2.ModificationName": "CWE Content Team",
  "ContentHistory.2.ModificationOrganization": "MITRE",
  "ContentHistory.2.ModificationDate": "2008-09-08",
  "ContentHistory.2.ModificationComment": "updated Likelihood_of_Exploit, Relationships, Taxonomy_Mappings, Weakness_Ordinalities",
  "ContentHistory.3.Type": "Modification",
  "ContentHistory.3.ModificationName": "CWE Content Team",
  "ContentHistory.3.ModificationOrganization": "MITRE",
  "ContentHistory.3.ModificationDate": "2008-10-14",
  "ContentHistory.3.ModificationComment": "updated Description",
  "ContentHistory.4.Type": "Modification",
  "ContentHistory.4.ModificationName": "CWE Content Team",
  "ContentHistory.4.ModificationOrganization": "MITRE",
  "ContentHistory.4.ModificationDate": "2009-12-28",
  "ContentHistory.4.ModificationComment": "updated Alternate_Terms, Description, Name",
  "ContentHistory.5.Type": "Modification",
  "ContentHistory.5.ModificationName": "CWE Content Team",
  "ContentHistory.5.ModificationOrganization": "MITRE",
  "ContentHistory.5.ModificationDate": "2010-02-16",
  "ContentHistory.5.ModificationComment": "updated Taxonomy_Mappings",
  "ContentHistory.6.Type": "Modification",
  "ContentHistory.6.ModificationName": "CWE Content Team",
  "ContentHistory.6.ModificationOrganization": "MITRE",
  "ContentHistory.6.ModificationDate": "2010-04-05",
  "ContentHistory.6.ModificationComment": "updated Related_Attack_Patterns",
  "ContentHistory.7.Type": "Modification",
  "ContentHistory.7.ModificationName": "CWE Content Team",
  "ContentHistory.7.ModificationOrganization": "MITRE",
  "ContentHistory.7.ModificationDate": "2011-03-29",
  "ContentHistory.7.ModificationComment": "updated Description, Relationships",
  "ContentHistory.8.Type": "Modification",
  "ContentHistory.8.ModificationName": "CWE Content Team",
  "ContentHistory.8.ModificationOrganization": "MITRE",
  "ContentHistory.8.ModificationDate": "2011-06-01",
  "ContentHistory.8.ModificationComment": "updated Common_Consequences",
  "ContentHistory.9.Type": "Modification",
  "ContentHistory.9.ModificationName": "CWE Content Team",
  "ContentHistory.9.ModificationOrganization": "MITRE",
  "ContentHistory.9.ModificationDate": "2012-05-11",
  "ContentHistory.9.ModificationComment": "updated Related_Attack_Patterns, Relationships",
  "ContentHistory.10.Type": "Modification",
  "ContentHistory.10.ModificationName": "CWE Content Team",
  "ContentHistory.10.ModificationOrganization": "MITRE",
  "ContentHistory.10.ModificationDate": "2012-10-30",
  "ContentHistory.10.ModificationComment": "updated Potential_Mitigations",
  "ContentHistory.11.Type": "Modification",
  "ContentHistory.11.ModificationName": "CWE Content Team",
  "ContentHistory.11.ModificationOrganization": "MITRE",
  "ContentHistory.11.ModificationDate": "2013-02-21",
  "ContentHistory.11.ModificationComment": "updated Alternate_Terms, Applicable_Platforms, References",
  "ContentHistory.12.Type": "Modification",
  "ContentHistory.12.ModificationName": "CWE Content Team",
  "ContentHistory.12.ModificationOrganization": "MITRE",
  "ContentHistory.12.ModificationDate": "2014-06-23",
  "ContentHistory.12.ModificationComment": "updated Related_Attack_Patterns",
  "ContentHistory.13.Type": "Modification",
  "ContentHistory.13.ModificationName": "CWE Content Team",
  "ContentHistory.13.ModificationOrganization": "MITRE",
  "ContentHistory.13.ModificationDate": "2014-07-30",
  "ContentHistory.13.ModificationComment": "updated Detection_Factors, Relationships",
  "ContentHistory.14.Type": "Modification",
  "ContentHistory.14.ModificationName": "CWE Content Team",
  "ContentHistory.14.ModificationOrganization": "MITRE",
  "ContentHistory.14.ModificationDate": "2015-12-07",
  "ContentHistory.14.ModificationComment": "updated Relationships",
  "ContentHistory.15.Type": "Modification",
  "ContentHistory.15.ModificationName": "CWE Content Team",
  "ContentHistory.15.ModificationOrganization": "MITRE",
  "ContentHistory.15.ModificationDate": "2017-05-03",
  "ContentHistory.15.ModificationComment": "updated Related_Attack_Patterns",
  "ContentHistory.16.Type": "Modification",
  "ContentHistory.16.ModificationName": "CWE Content Team",
  "ContentHistory.16.ModificationOrganization": "MITRE",
  "ContentHistory.16.ModificationDate": "2017-11-08",
  "ContentHistory.16.ModificationComment": "updated References",
  "ContentHistory.17.Type": "Modification",
  "ContentHistory.17.ModificationName": "CWE Content Team",
  "ContentHistory.17.ModificationOrganization": "MITRE",
  "ContentHistory.17.ModificationDate": "2019-01-03",
  "ContentHistory.17.ModificationComment": "updated Related_Attack_Patterns",
  "ContentHistory.18.Type": "Modification",
  "ContentHistory.18.ModificationName": "CWE Content Team",
  "ContentHistory.18.ModificationOrganization": "MITRE",
  "ContentHistory.18.ModificationDate": "2019-06-20",
  "ContentHistory.18.ModificationComment": "updated Related_Attack_Patterns, Relationships",
  "ContentHistory.19.Type": "Modification",
  "ContentHistory.19.ModificationName": "CWE Content Team",
  "ContentHistory.19.ModificationOrganization": "MITRE",
  "ContentHistory.19.ModificationDate": "2019-09-19",
  "ContentHistory.19.ModificationComment": "updated Demonstrative_Examples, Observed_Examples, Relationships",
  "ContentHistory.20.Type": "Modification",
  "ContentHistory.20.ModificationName": "CWE Content Team",
  "ContentHistory.20.ModificationOrganization": "MITRE",
  "ContentHistory.20.ModificationDate": "2020-02-24",
  "ContentHistory.20.ModificationComment": "updated Applicable_Platforms, Demonstrative_Examples, Description, Name, Observed_Examples, Related_Attack_Patterns, Relationships, Weakness_Ordinalities",
  "ContentHistory.21.Type": "Modification",
  "ContentHistory.21.ModificationName": "CWE Content Team",
  "ContentHistory.21.ModificationOrganization": "MITRE",
  "ContentHistory.21.ModificationDate": "2020-06-25",
  "ContentHistory.21.ModificationComment": "updated Relationships",
  "ContentHistory.22.Type": "Modification",
  "ContentHistory.22.ModificationName": "CWE Content Team",
  "ContentHistory.22.ModificationOrganization": "MITRE",
  "ContentHistory.22.ModificationDate": "2020-08-20",
  "ContentHistory.22.ModificationComment": "updated Alternate_Terms, Description, Maintenance_Notes, Related_Attack_Patterns, Relationships",
  "ContentHistory.23.Type": "Modification",
  "ContentHistory.23.ModificationName": "CWE Content Team",
  "ContentHistory.23.ModificationOrganization": "MITRE",
  "ContentHistory.23.ModificationDate": "2020-12-10",
  "ContentHistory.23.ModificationComment": "updated Potential_Mitigations",
  "ContentHistory.24.Type": "Modification",
  "ContentHistory.24.ModificationName": "CWE Content Team",
  "ContentHistory.24.ModificationOrganization": "MITRE",
  "ContentHistory.24.ModificationDate": "2021-07-20",
  "ContentHistory.24.ModificationComment": "updated Relationships",
  "ContentHistory.25.Type": "Modification",
  "ContentHistory.25.ModificationName": "CWE Content Team",
  "ContentHistory.25.ModificationOrganization": "MITRE",
  "ContentHistory.25.ModificationDate": "2021-10-28",
  "ContentHistory.25.ModificationComment": "updated Relationships",
  "ContentHistory.26.Type": "Modification",
  "ContentHistory.26.ModificationName": "CWE Content Team",
  "ContentHistory.26.ModificationOrganization": "MITRE",
  "ContentHistory.26.ModificationDate": "2022-10-13",
  "ContentHistory.26.ModificationComment": "updated Demonstrative_Examples, Maintenance_Notes, Observed_Examples, References",
  "ContentHistory.27.Type": "Modification",
  "ContentHistory.27.ModificationName": "CWE Content Team",
  "ContentHistory.27.ModificationOrganization": "MITRE",
  "ContentHistory.27.ModificationDate": "2023-04-27",
  "ContentHistory.27.ModificationComment": "updated References, Relationships",
  "ContentHistory.28.Type": "Modification",
  "ContentHistory.28.ModificationName": "CWE Content Team",
  "ContentHistory.28.ModificationOrganization": "MITRE",
  "ContentHistory.28.ModificationDate": "2023-06-29",
  "ContentHistory.28.ModificationComment": "updated Mapping_Notes",
  "ContentHistory.29.Type": "Modification",
  "ContentHistory.29.ModificationName": "CWE Content Team",
  "ContentHistory.29.ModificationOrganization": "MITRE",
  "ContentHistory.29.ModificationDate": "2023-10-26",
  "ContentHistory.29.ModificationComment": "updated Observed_Examples",
  "ContentHistory.30.Type": "Modification",
  "ContentHistory.30.ModificationName": "CWE Content Team",
  "ContentHistory.30.ModificationOrganization": "MITRE",
  "ContentHistory.30.ModificationDate": "2024-11-19",
  "ContentHistory.30.ModificationComment": "updated Relationships",
  "ContentHistory.30.ModificationVersion": "4.16",
  "ContentHistory.30.ModificationReleaseDate": "2024-11-19",
  "ContentHistory.31.Type": "Modification",
  "ContentHistory.31.ModificationName": "CWE Content Team",
  "ContentHistory.31.ModificationOrganization": "MITRE",
  "ContentHistory.31.ModificationDate": "2025-04-03",
  "ContentHistory.31.ModificationComment": "updated Relationships",
  "ContentHistory.31.ModificationVersion": "4.17",
  "ContentHistory.31.ModificationReleaseDate": "2025-04-03",
  "ContentHistory.32.Type": "Contribution",
  "ContentHistory.32.ContributionName": "Nick Johnston",
  "ContentHistory.32.ContributionDate": "2022-07-11",
  "ContentHistory.32.ContributionComment": "Identified incorrect language tag in demonstrative example.",
  "ContentHistory.32.ContributionType": "Feedback",
  "ContentHistory.33.Type": "Rename",
  "ContentHistory.33.PreviousEntryName": "Information Leak (Information Disclosure)",
  "ContentHistory.33.Date": "2009-12-28",
  "ContentHistory.34.Type": "Rename",
  "ContentHistory.34.PreviousEntryName": "Information Exposure",
  "ContentHistory.34.Date": "2020-02-24"
}