{
  "ID": "287",
  "Name": "Improper Authentication",
  "Abstraction": "Class",
  "Structure": "Simple",
  "Status": "Draft",
  "Diagram": "/data/images/CWE-287-Diagram.png",
  "Description": "When an actor claims to have a given identity, the product does not prove or insufficiently proves that the claim is correct.",
  "LikelihoodOfExploit": "High",
  "RelatedWeaknesses.0.Nature": "ChildOf",
  "RelatedWeaknesses.0.CweID": "284",
  "RelatedWeaknesses.0.ViewID": "1000",
  "RelatedWeaknesses.0.Ordinal": "Primary",
  "RelatedWeaknesses.1.Nature": "ChildOf",
  "RelatedWeaknesses.1.CweID": "284",
  "RelatedWeaknesses.1.ViewID": "1340",
  "RelatedWeaknesses.1.Ordinal": "Primary",
  "ApplicablePlatforms.0.Type": "Language",
  "ApplicablePlatforms.0.Class": "Not Language-Specific",
  "ApplicablePlatforms.0.Prevalence": "Undetermined",
  "ApplicablePlatforms.1.Type": "Technology",
  "ApplicablePlatforms.1.Class": "ICS/OT",
  "ApplicablePlatforms.1.Prevalence": "Often",
  "AlternateTerms.0.Term": "authentification",
  "AlternateTerms.0.Description": "An alternate term is \"authentification\", which appears to be most commonly used by people from non-English-speaking countries.",
  "AlternateTerms.1.Term": "AuthN",
  "AlternateTerms.1.Description": "\"AuthN\" is typically used as an abbreviation of \"authentication\" within the web application security community. It is also distinct from \"AuthZ,\" which is an abbreviation of \"authorization.\" The use of \"Auth\" as an abbreviation is discouraged, since it could be used for either authentication or authorization.",
  "AlternateTerms.2.Term": "AuthC",
  "AlternateTerms.2.Description": "\"AuthC\" is used as an abbreviation of \"authentication,\" but it appears to used less frequently than \"AuthN.\"",
  "ModesOfIntroduction.0.Phase": "Architecture and Design",
  "ModesOfIntroduction.1.Phase": "Implementation",
  "ModesOfIntroduction.1.Note": "REALIZATION: This weakness is caused during implementation of an architectural security tactic.",
  "CommonConsequences.0.Scope.0": "Integrity",
  "CommonConsequences.0.Scope.1": "Confidentiality",
  "CommonConsequences.0.Scope.2": "Availability",
  "CommonConsequences.0.Scope.3": "Access Control",
  "CommonConsequences.0.Impact.0": "Read Application Data",
  "CommonConsequences.0.Impact.1": "Gain Privileges or Assume Identity",
  "CommonConsequences.0.Impact.2": "Execute Unauthorized Code or Commands",
  "CommonConsequences.0.Note": "This weakness can lead to the exposure of resources or functionality to unintended actors, possibly providing attackers with sensitive information or even execute arbitrary code.",
  "DetectionMethods.0.DetectionMethodID": "DM-6",
  "DetectionMethods.0.Method": "Automated Static Analysis",
  "DetectionMethods.0.Description": "\n\nAutomated static analysis is useful for detecting certain types of authentication. A tool may be able to analyze related configuration files, such as .htaccess in Apache web servers, or detect the usage of commonly-used authentication libraries.\n\n\nGenerally, automated static analysis tools have difficulty detecting custom authentication schemes. In addition, the software's design may include some functionality that is accessible to any user and does not require an established identity; an automated technique that detects the absence of authentication may report false positives.\n",
  "DetectionMethods.0.Effectiveness": "Limited",
  "DetectionMethods.1.DetectionMethodID": "DM-7",
  "DetectionMethods.1.Method": "Manual Static Analysis",
  "DetectionMethods.1.Description": "\n\nThis weakness can be detected using tools and techniques that require manual (human) analysis, such as penetration testing, threat modeling, and interactive tools that allow the tester to record and modify an active session.\n\n\nManual static analysis is useful for evaluating the correctness of custom authentication mechanisms.\n",
  "DetectionMethods.1.Effectiveness": "High",
  "DetectionMethods.1.EffectivenessNotes": "These may be more effective than strictly automated techniques. This is especially the case with weaknesses that are related to design and business rules.",
  "DetectionMethods.2.Method": "Manual Static Analysis - Binary or Bytecode",
  "DetectionMethods.2.Description": "\n\nAccording to SOAR, the following detection techniques may be useful:\n\n```\n\t\tCost effective for partial coverage:\n```\n\n\t\tBinary / Bytecode disassembler - then use manual analysis for vulnerabilities & anomalies",
  "DetectionMethods.2.Effectiveness": "SOAR Partial",
  "DetectionMethods.3.Method": "Dynamic Analysis with Automated Results Interpretation",
  "DetectionMethods.3.Description": "\n\nAccording to SOAR, the following detection techniques may be useful:\n\n```\n\t\tCost effective for partial coverage:\n```\n\n\t\tWeb Application Scanner\n\t\tWeb Services Scanner\n\t\tDatabase Scanners",
  "DetectionMethods.3.Effectiveness": "SOAR Partial",
  "DetectionMethods.4.Method": "Dynamic Analysis with Manual Results Interpretation",
  "DetectionMethods.4.Description": "\n\nAccording to SOAR, the following detection techniques may be useful:\n\n```\n\t\tCost effective for partial coverage:\n```\n\n\t\tFuzz Tester\n\t\tFramework-based Fuzzer",
  "DetectionMethods.4.Effectiveness": "SOAR Partial",
  "DetectionMethods.5.Method": "Manual Static Analysis - Source Code",
  "DetectionMethods.5.Description": "\n\nAccording to SOAR, the following detection techniques may be useful:\n\n```\n\t\tCost effective for partial coverage:\n```\n\n\t\tManual Source Code Review (not inspections)",
  "DetectionMethods.5.Effectiveness": "SOAR Partial",
  "DetectionMethods.6.Method": "Automated Static Analysis - Source Code",
  "DetectionMethods.6.Description": "\n\nAccording to SOAR, the following detection techniques may be useful:\n\n```\n\t\tCost effective for partial coverage:\n```\n\n\t\tSource code Weakness Analyzer\n\t\tContext-configured Source Code Weakness Analyzer",
  "DetectionMethods.6.Effectiveness": "SOAR Partial",
  "DetectionMethods.7.Method": "Automated Static Analysis",
  "DetectionMethods.7.Description": "\n\nAccording to SOAR, the following detection techniques may be useful:\n\n```\n\t\tCost effective for partial coverage:\n```\n\n\t\tConfiguration Checker",
  "DetectionMethods.7.Effectiveness": "SOAR Partial",
  "DetectionMethods.8.Method": "Architecture or Design Review",
  "DetectionMethods.8.Description": "\n\nAccording to SOAR, the following detection techniques may be useful:\n\n```\n\t\tHighly cost effective:\n```\n\n\t\tInspection (IEEE 1028 standard) (can apply to requirements, design, source code, etc.)\n\t\tFormal Methods / Correct-By-Construction",
  "DetectionMethods.8.Effectiveness": "High",
  "PotentialMitigations.0.Phase.0": "Architecture and Design",
  "PotentialMitigations.0.Strategy": "Libraries or Frameworks",
  "PotentialMitigations.0.Description": "Use an authentication framework or library such as the OWASP ESAPI Authentication feature.",
  "DemonstrativeExamples.0.Entries.0.IntroText": "The following code intends to ensure that the user is already logged in. If not, the code performs authentication with the user-provided username and password. If successful, it sets the loggedin and user cookies to \"remember\" that the user has already logged in. Finally, the code performs administrator tasks if the logged-in user has the \"Administrator\" username, as recorded in the user cookie.",
  "DemonstrativeExamples.0.Entries.1.Nature": "Bad",
  "DemonstrativeExamples.0.Entries.1.Language": "Perl",
  "DemonstrativeExamples.0.Entries.1.ExampleCode": "```\n\tmy $q = new CGI;\n\tif ($q->cookie('loggedin') ne \"true\") {\n\t\t\tif (! AuthenticateUser($q->param('username'), $q->param('password'))) {\n\t\t\t\tExitError(\"Error: you need to log in first\");\n\t\t\t}\n\t\t\telse {\n\t\t\t\t\t# Set loggedin and user cookies.\n\t\t\t\t\t$q->cookie(\n\t\t\t\t\t\t-name => 'loggedin',\n\t\t\t\t\t\t-value => 'true'\n\t\t\t\t\t\t);\n\t\t\t\t\t$q->cookie(\n\t\t\t\t\t\t-name => 'user',\n\t\t\t\t\t\t-value => $q->param('username')\n\t\t\t\t\t\t);\n\t\t\t}\n\t}\n\tif ($q->cookie('user') eq \"Administrator\") {\n\t\tDoAdministratorTasks();\n\t}\n```",
  "DemonstrativeExamples.0.Entries.2.BodyText": "Unfortunately, this code can be bypassed. The attacker can set the cookies independently so that the code does not check the username and password. The attacker could do this with an HTTP request containing headers such as:",
  "DemonstrativeExamples.0.Entries.3.Nature": "Attack",
  "DemonstrativeExamples.0.Entries.3.ExampleCode": "```\n\tGET /cgi-bin/vulnerable.cgi HTTP/1.1\n\tCookie: user=Administrator\n\tCookie: loggedin=true\n\t[body of request]\n```",
  "DemonstrativeExamples.0.Entries.4.BodyText": "By setting the loggedin cookie to \"true\", the attacker bypasses the entire authentication check. By using the \"Administrator\" value in the user cookie, the attacker also gains privileges to administer the software.",
  "DemonstrativeExamples.1.ID": "DX-117",
  "DemonstrativeExamples.1.Entries.0.IntroText": "In January 2009, an attacker was able to gain administrator access to a Twitter server because the server did not restrict the number of login attempts [REF-236]. The attacker targeted a member of Twitter's support team and was able to successfully guess the member's password using a brute force attack by guessing a large number of common words. After gaining access as the member of the support staff, the attacker used the administrator panel to gain access to 33 accounts that belonged to celebrities and politicians. Ultimately, fake Twitter messages were sent that appeared to come from the compromised accounts.",
  "DemonstrativeExamples.1.Entries.1.Reference": "REF-236",
  "DemonstrativeExamples.2.ID": "DX-153",
  "DemonstrativeExamples.2.Entries.0.IntroText": "In 2022, the OT:ICEFALL study examined products by 10 different Operational Technology (OT) vendors. The researchers reported 56 vulnerabilities and said that the products were \"insecure by design\" [REF-1283]. If exploited, these vulnerabilities often allowed adversaries to change how the products operated, ranging from denial of service to changing the code that the products executed. Since these products were often used in industries such as power, electrical, water, and others, there could even be safety implications.",
  "DemonstrativeExamples.2.Entries.1.BodyText": "Multiple vendors did not use any authentication or used client-side authentication for critical functionality in their OT products.",
  "ObservedExamples.0.Reference": "CVE-2024-11680",
  "ObservedExamples.0.Description": "File-sharing PHP product does not check if user is logged in during requests for PHP library files under an includes/ directory, allowing configuration changes, code execution, and other impacts.",
  "ObservedExamples.0.Link": "https://www.cve.org/CVERecord?id=CVE-2024-11680",
  "ObservedExamples.1.Reference": "CVE-2022-35248",
  "ObservedExamples.1.Description": "Chat application skips validation when Central Authentication Service (CAS) is enabled, effectively removing the second factor from two-factor authentication",
  "ObservedExamples.1.Link": "https://www.cve.org/CVERecord?id=CVE-2022-35248",
  "ObservedExamples.2.Reference": "CVE-2022-36436",
  "ObservedExamples.2.Description": "Python-based authentication proxy does not enforce password authentication during the initial handshake, allowing the client to bypass authentication by specifying a 'None' authentication type.",
  "ObservedExamples.2.Link": "https://www.cve.org/CVERecord?id=CVE-2022-36436",
  "ObservedExamples.3.Reference": "CVE-2022-30034",
  "ObservedExamples.3.Description": "Chain: Web UI for a Python RPC framework does not use regex anchors to validate user login emails (CWE-777), potentially allowing bypass of OAuth (CWE-1390).",
  "ObservedExamples.3.Link": "https://www.cve.org/CVERecord?id=CVE-2022-30034",
  "ObservedExamples.4.Reference": "CVE-2022-29951",
  "ObservedExamples.4.Description": "TCP-based protocol in Programmable Logic Controller (PLC) has no authentication.",
  "ObservedExamples.4.Link": "https://www.cve.org/CVERecord?id=CVE-2022-29951",
  "ObservedExamples.5.Reference": "CVE-2022-29952",
  "ObservedExamples.5.Description": "Condition Monitor uses a protocol that does not require authentication.",
  "ObservedExamples.5.Link": "https://www.cve.org/CVERecord?id=CVE-2022-29952",
  "ObservedExamples.6.Reference": "CVE-2022-30313",
  "ObservedExamples.6.Description": "Safety Instrumented System uses proprietary TCP protocols with no authentication.",
  "ObservedExamples.6.Link": "https://www.cve.org/CVERecord?id=CVE-2022-30313",
  "ObservedExamples.7.Reference": "CVE-2022-30317",
  "ObservedExamples.7.Description": "Distributed Control System (DCS) uses a protocol that has no authentication.",
  "ObservedExamples.7.Link": "https://www.cve.org/CVERecord?id=CVE-2022-30317",
  "ObservedExamples.8.Reference": "CVE-2022-33139",
  "ObservedExamples.8.Description": "SCADA system only uses client-side authentication, allowing adversaries to impersonate other users.",
  "ObservedExamples.8.Link": "https://www.cve.org/CVERecord?id=CVE-2022-33139",
  "ObservedExamples.9.Reference": "CVE-2021-3116",
  "ObservedExamples.9.Description": "Chain: Python-based HTTP Proxy server uses the wrong boolean operators (CWE-480) causing an incorrect comparison (CWE-697) that identifies an authN failure if all three conditions are met instead of only one, allowing bypass of the proxy authentication (CWE-1390)",
  "ObservedExamples.9.Link": "https://www.cve.org/CVERecord?id=CVE-2021-3116",
  "ObservedExamples.10.Reference": "CVE-2021-21972",
  "ObservedExamples.10.Description": "Chain: Cloud computing virtualization platform does not require authentication for upload of a tar format file (CWE-306), then uses .. path traversal sequences (CWE-23) in the file to access unexpected files, as exploited in the wild per CISA KEV.",
  "ObservedExamples.10.Link": "https://www.cve.org/CVERecord?id=CVE-2021-21972",
  "ObservedExamples.11.Reference": "CVE-2021-37415",
  "ObservedExamples.11.Description": "IT management product does not perform authentication for some REST API requests, as exploited in the wild per CISA KEV.",
  "ObservedExamples.11.Link": "https://www.cve.org/CVERecord?id=CVE-2021-37415",
  "ObservedExamples.12.Reference": "CVE-2021-35033",
  "ObservedExamples.12.Description": "Firmware for a WiFi router uses a hard-coded password for a BusyBox shell, allowing bypass of authentication through the UART port",
  "ObservedExamples.12.Link": "https://www.cve.org/CVERecord?id=CVE-2021-35033",
  "ObservedExamples.13.Reference": "CVE-2020-10263",
  "ObservedExamples.13.Description": "Bluetooth speaker does not require authentication for the debug functionality on the UART port, allowing root shell access",
  "ObservedExamples.13.Link": "https://www.cve.org/CVERecord?id=CVE-2020-10263",
  "ObservedExamples.14.Reference": "CVE-2020-13927",
  "ObservedExamples.14.Description": "Default setting in workflow management product allows all API requests without authentication, as exploited in the wild per CISA KEV.",
  "ObservedExamples.14.Link": "https://www.cve.org/CVERecord?id=CVE-2020-13927",
  "ObservedExamples.15.Reference": "CVE-2021-35395",
  "ObservedExamples.15.Description": "Stack-based buffer overflows in SFK for wifi chipset used for IoT/embedded devices, as exploited in the wild per CISA KEV.",
  "ObservedExamples.15.Link": "https://www.cve.org/CVERecord?id=CVE-2021-35395",
  "ObservedExamples.16.Reference": "CVE-2021-34523",
  "ObservedExamples.16.Description": "Mail server does not properly check an access token before executing a Powershell command, as exploited in the wild per CISA KEV.",
  "ObservedExamples.16.Link": "https://www.cve.org/CVERecord?id=CVE-2021-34523",
  "ObservedExamples.17.Reference": "CVE-2020-12812",
  "ObservedExamples.17.Description": "Chain: user is not prompted for a second authentication factor (CWE-287) when changing the case of their username (CWE-178), as exploited in the wild per CISA KEV.",
  "ObservedExamples.17.Link": "https://www.cve.org/CVERecord?id=CVE-2020-12812",
  "ObservedExamples.18.Reference": "CVE-2020-10148",
  "ObservedExamples.18.Description": "Authentication bypass by appending specific parameters and values to a URI, as exploited in the wild per CISA KEV.",
  "ObservedExamples.18.Link": "https://www.cve.org/CVERecord?id=CVE-2020-10148",
  "ObservedExamples.19.Reference": "CVE-2020-0688",
  "ObservedExamples.19.Description": "Mail server does not generate a unique key during installation, as exploited in the wild per CISA KEV.",
  "ObservedExamples.19.Link": "https://www.cve.org/CVERecord?id=CVE-2020-0688",
  "ObservedExamples.20.Reference": "CVE-2017-14623",
  "ObservedExamples.20.Description": "LDAP Go package allows authentication bypass using an empty password, causing an unauthenticated LDAP bind",
  "ObservedExamples.20.Link": "https://www.cve.org/CVERecord?id=CVE-2017-14623",
  "ObservedExamples.21.Reference": "CVE-2009-3421",
  "ObservedExamples.21.Description": "login script for guestbook allows bypassing authentication by setting a \"login_ok\" parameter to 1.",
  "ObservedExamples.21.Link": "https://www.cve.org/CVERecord?id=CVE-2009-3421",
  "ObservedExamples.22.Reference": "CVE-2009-2382",
  "ObservedExamples.22.Description": "admin script allows authentication bypass by setting a cookie value to \"LOGGEDIN\".",
  "ObservedExamples.22.Link": "https://www.cve.org/CVERecord?id=CVE-2009-2382",
  "ObservedExamples.23.Reference": "CVE-2009-1048",
  "ObservedExamples.23.Description": "VOIP product allows authentication bypass using 127.0.0.1 in the Host header.",
  "ObservedExamples.23.Link": "https://www.cve.org/CVERecord?id=CVE-2009-1048",
  "ObservedExamples.24.Reference": "CVE-2009-2213",
  "ObservedExamples.24.Description": "product uses default \"Allow\" action, instead of default deny, leading to authentication bypass.",
  "ObservedExamples.24.Link": "https://www.cve.org/CVERecord?id=CVE-2009-2213",
  "ObservedExamples.25.Reference": "CVE-2009-2168",
  "ObservedExamples.25.Description": "chain: redirect without exit (CWE-698) leads to resultant authentication bypass.",
  "ObservedExamples.25.Link": "https://www.cve.org/CVERecord?id=CVE-2009-2168",
  "ObservedExamples.26.Reference": "CVE-2009-3107",
  "ObservedExamples.26.Description": "product does not restrict access to a listening port for a critical service, allowing authentication to be bypassed.",
  "ObservedExamples.26.Link": "https://www.cve.org/CVERecord?id=CVE-2009-3107",
  "ObservedExamples.27.Reference": "CVE-2009-1596",
  "ObservedExamples.27.Description": "product does not properly implement a security-related configuration setting, allowing authentication bypass.",
  "ObservedExamples.27.Link": "https://www.cve.org/CVERecord?id=CVE-2009-1596",
  "ObservedExamples.28.Reference": "CVE-2009-2422",
  "ObservedExamples.28.Description": "authentication routine returns \"nil\" instead of \"false\" in some situations, allowing authentication bypass using an invalid username.",
  "ObservedExamples.28.Link": "https://www.cve.org/CVERecord?id=CVE-2009-2422",
  "ObservedExamples.29.Reference": "CVE-2009-3232",
  "ObservedExamples.29.Description": "authentication update script does not properly handle when admin does not select any authentication modules, allowing authentication bypass.",
  "ObservedExamples.29.Link": "https://www.cve.org/CVERecord?id=CVE-2009-3232",
  "ObservedExamples.30.Reference": "CVE-2009-3231",
  "ObservedExamples.30.Description": "use of LDAP authentication with anonymous binds causes empty password to result in successful authentication",
  "ObservedExamples.30.Link": "https://www.cve.org/CVERecord?id=CVE-2009-3231",
  "ObservedExamples.31.Reference": "CVE-2005-3435",
  "ObservedExamples.31.Description": "product authentication succeeds if user-provided MD5 hash matches the hash in its database; this can be subjected to replay attacks.",
  "ObservedExamples.31.Link": "https://www.cve.org/CVERecord?id=CVE-2005-3435",
  "ObservedExamples.32.Reference": "CVE-2005-0408",
  "ObservedExamples.32.Description": "chain: product generates predictable MD5 hashes using a constant value combined with username, allowing authentication bypass.",
  "ObservedExamples.32.Link": "https://www.cve.org/CVERecord?id=CVE-2005-0408",
  "FunctionalAreas.0": "Authentication",
  "TaxonomyMappings.0.TaxonomyName": "PLOVER",
  "TaxonomyMappings.0.EntryName": "Authentication Error",
  "TaxonomyMappings.1.TaxonomyName": "OWASP Top Ten 2007",
  "TaxonomyMappings.1.EntryID": "A7",
  "TaxonomyMappings.1.EntryName": "Broken Authentication and Session Management",
  "TaxonomyMappings.1.MappingFit": "CWE More Specific",
  "TaxonomyMappings.2.TaxonomyName": "OWASP Top Ten 2004",
  "TaxonomyMappings.2.EntryID": "A3",
  "TaxonomyMappings.2.EntryName": "Broken Authentication and Session Management",
  "TaxonomyMappings.2.MappingFit": "CWE More Specific",
  "TaxonomyMappings.3.TaxonomyName": "WASC",
  "TaxonomyMappings.3.EntryID": "1",
  "TaxonomyMappings.3.EntryName": "Insufficient Authentication",
  "TaxonomyMappings.4.TaxonomyName": "ISA/IEC 62443",
  "TaxonomyMappings.4.EntryID": "Part 3-3",
  "TaxonomyMappings.4.EntryName": "Req SR 1.1",
  "TaxonomyMappings.5.TaxonomyName": "ISA/IEC 62443",
  "TaxonomyMappings.5.EntryID": "Part 3-3",
  "TaxonomyMappings.5.EntryName": "Req SR 1.2",
  "TaxonomyMappings.6.TaxonomyName": "ISA/IEC 62443",
  "TaxonomyMappings.6.EntryID": "Part 4-2",
  "TaxonomyMappings.6.EntryName": "Req CR 1.1",
  "TaxonomyMappings.7.TaxonomyName": "ISA/IEC 62443",
  "TaxonomyMappings.7.EntryID": "Part 4-2",
  "TaxonomyMappings.7.EntryName": "Req CR 1.2",
  "RelatedAttackPatterns.0": "114",
  "RelatedAttackPatterns.1": "115",
  "RelatedAttackPatterns.2": "151",
  "RelatedAttackPatterns.3": "194",
  "RelatedAttackPatterns.4": "22",
  "RelatedAttackPatterns.5": "57",
  "RelatedAttackPatterns.6": "593",
  "RelatedAttackPatterns.7": "633",
  "RelatedAttackPatterns.8": "650",
  "RelatedAttackPatterns.9": "94",
  "References.0.ExternalReferenceID": "REF-236",
  "References.0.Authors.0": "Kim Zetter",
  "References.0.Title": "Weak Password Brings 'Happiness' to Twitter Hacker",
  "References.0.PublicationYear": "2009",
  "References.0.PublicationMonth": "01",
  "References.0.PublicationDay": "09",
  "References.0.URL": "https://www.wired.com/2009/01/professed-twitt/",
  "References.0.URLDate": "2023-04-07",
  "References.1.ExternalReferenceID": "REF-237",
  "References.1.Authors.0": "OWASP",
  "References.1.Title": "Top 10 2007-Broken Authentication and Session Management",
  "References.1.PublicationYear": "2007",
  "References.1.URL": "http://www.owasp.org/index.php/Top_10_2007-A7",
  "References.2.ExternalReferenceID": "REF-238",
  "References.2.Authors.0": "OWASP",
  "References.2.Title": "Guide to Authentication",
  "References.2.URL": "http://www.owasp.org/index.php/Guide_to_Authentication",
  "References.3.ExternalReferenceID": "REF-239",
  "References.3.Authors.0": "Microsoft",
  "References.3.Title": "Authentication",
  "References.3.URL": "http://msdn.microsoft.com/en-us/library/aa374735(VS.85).aspx",
  "References.4.ExternalReferenceID": "REF-7",
  "References.4.Section": "Chapter 4, \"Authentication\" Page 109",
  "References.4.Authors.0": "Michael Howard",
  "References.4.Authors.1": "David LeBlanc",
  "References.4.Title": "Writing Secure Code",
  "References.4.Edition": "2nd Edition",
  "References.4.PublicationYear": "2002",
  "References.4.PublicationMonth": "12",
  "References.4.PublicationDay": "04",
  "References.4.Publisher": "Microsoft Press",
  "References.4.URL": "https://www.microsoftpressstore.com/store/writing-secure-code-9780735617223",
  "References.5.ExternalReferenceID": "REF-1283",
  "References.5.Authors.0": "Forescout Vedere Labs",
  "References.5.Title": "OT:ICEFALL: The legacy of \"insecure by design\" and its implications for certifications and risk management",
  "References.5.PublicationYear": "2022",
  "References.5.PublicationMonth": "06",
  "References.5.PublicationDay": "20",
  "References.5.URL": "https://www.forescout.com/resources/ot-icefall-report/",
  "MappingNotes.Usage": "Discouraged",
  "MappingNotes.Rationale": "This CWE entry might be misused when lower-level CWE entries are likely to be applicable. It is a level-1 Class (i.e., a child of a Pillar).",
  "MappingNotes.Comments": "Consider children or descendants, beginning with CWE-1390: Weak Authentication or CWE-306: Missing Authentication for Critical Function.",
  "MappingNotes.Reasons.0": "Frequent Misuse",
  "MappingNotes.Suggestions.0.CweID": "1390",
  "MappingNotes.Suggestions.0.Comment": "Weak Authentication",
  "MappingNotes.Suggestions.1.CweID": "306",
  "MappingNotes.Suggestions.1.Comment": "Missing Authentication for Critical Function",
  "Notes.0.Type": "Relationship",
  "Notes.0.Note": "This can be resultant from SQL injection vulnerabilities and other issues.",
  "Notes.1.Type": "Maintenance",
  "Notes.1.Note": "The Taxonomy_Mappings to ISA/IEC 62443 were added in CWE 4.10, but they are still under review and might change in future CWE versions. These draft mappings were performed by members of the \"Mapping CWE to 62443\" subgroup of the CWE-CAPEC ICS/OT Special Interest Group (SIG), and their work is incomplete as of CWE 4.10. The mappings are included to facilitate discussion and review by the broader ICS/OT community, and they are likely to change in future CWE versions.",
  "ContentHistory.0.Type": "Submission",
  "ContentHistory.0.SubmissionName": "PLOVER",
  "ContentHistory.0.SubmissionDate": "2006-07-19",
  "ContentHistory.0.SubmissionVersion": "Draft 3",
  "ContentHistory.0.SubmissionReleaseDate": "2006-07-19",
  "ContentHistory.1.Type": "Modification",
  "ContentHistory.1.ModificationName": "Eric Dalci",
  "ContentHistory.1.ModificationOrganization": "Cigital",
  "ContentHistory.1.ModificationDate": "2008-07-01",
  "ContentHistory.1.ModificationComment": "updated Time_of_Introduction",
  "ContentHistory.2.Type": "Modification",
  "ContentHistory.2.ModificationOrganization": "Veracode",
  "ContentHistory.2.ModificationDate": "2008-08-15",
  "ContentHistory.2.ModificationComment": "Suggested OWASP Top Ten 2004 mapping",
  "ContentHistory.3.Type": "Modification",
  "ContentHistory.3.ModificationName": "CWE Content Team",
  "ContentHistory.3.ModificationOrganization": "MITRE",
  "ContentHistory.3.ModificationDate": "2008-09-08",
  "ContentHistory.3.ModificationComment": "updated Alternate_Terms, Common_Consequences, Relationships, Relationship_Notes, Taxonomy_Mappings",
  "ContentHistory.4.Type": "Modification",
  "ContentHistory.4.ModificationName": "CWE Content Team",
  "ContentHistory.4.ModificationOrganization": "MITRE",
  "ContentHistory.4.ModificationDate": "2008-10-14",
  "ContentHistory.4.ModificationComment": "updated Relationships",
  "ContentHistory.5.Type": "Modification",
  "ContentHistory.5.ModificationName": "CWE Content Team",
  "ContentHistory.5.ModificationOrganization": "MITRE",
  "ContentHistory.5.ModificationDate": "2009-01-12",
  "ContentHistory.5.ModificationComment": "updated Name",
  "ContentHistory.6.Type": "Modification",
  "ContentHistory.6.ModificationName": "CWE Content Team",
  "ContentHistory.6.ModificationOrganization": "MITRE",
  "ContentHistory.6.ModificationDate": "2009-05-27",
  "ContentHistory.6.ModificationComment": "updated Description, Related_Attack_Patterns",
  "ContentHistory.7.Type": "Modification",
  "ContentHistory.7.ModificationName": "CWE Content Team",
  "ContentHistory.7.ModificationOrganization": "MITRE",
  "ContentHistory.7.ModificationDate": "2009-07-27",
  "ContentHistory.7.ModificationComment": "updated Relationships",
  "ContentHistory.8.Type": "Modification",
  "ContentHistory.8.ModificationName": "CWE Content Team",
  "ContentHistory.8.ModificationOrganization": "MITRE",
  "ContentHistory.8.ModificationDate": "2009-10-29",
  "ContentHistory.8.ModificationComment": "updated Common_Consequences, Observed_Examples",
  "ContentHistory.9.Type": "Modification",
  "ContentHistory.9.ModificationName": "CWE Content Team",
  "ContentHistory.9.ModificationOrganization": "MITRE",
  "ContentHistory.9.ModificationDate": "2009-12-28",
  "ContentHistory.9.ModificationComment": "updated Applicable_Platforms, Common_Consequences, Demonstrative_Examples, Detection_Factors, Likelihood_of_Exploit, References",
  "ContentHistory.10.Type": "Modification",
  "ContentHistory.10.ModificationName": "CWE Content Team",
  "ContentHistory.10.ModificationOrganization": "MITRE",
  "ContentHistory.10.ModificationDate": "2010-02-16",
  "ContentHistory.10.ModificationComment": "updated Alternate_Terms, Detection_Factors, Potential_Mitigations, References, Relationships, Taxonomy_Mappings",
  "ContentHistory.11.Type": "Modification",
  "ContentHistory.11.ModificationName": "CWE Content Team",
  "ContentHistory.11.ModificationOrganization": "MITRE",
  "ContentHistory.11.ModificationDate": "2010-06-21",
  "ContentHistory.11.ModificationComment": "updated Relationships",
  "ContentHistory.12.Type": "Modification",
  "ContentHistory.12.ModificationName": "CWE Content Team",
  "ContentHistory.12.ModificationOrganization": "MITRE",
  "ContentHistory.12.ModificationDate": "2011-03-29",
  "ContentHistory.12.ModificationComment": "updated Relationships",
  "ContentHistory.13.Type": "Modification",
  "ContentHistory.13.ModificationName": "CWE Content Team",
  "ContentHistory.13.ModificationOrganization": "MITRE",
  "ContentHistory.13.ModificationDate": "2011-06-01",
  "ContentHistory.13.ModificationComment": "updated Common_Consequences",
  "ContentHistory.14.Type": "Modification",
  "ContentHistory.14.ModificationName": "CWE Content Team",
  "ContentHistory.14.ModificationOrganization": "MITRE",
  "ContentHistory.14.ModificationDate": "2012-05-11",
  "ContentHistory.14.ModificationComment": "updated Relationships",
  "ContentHistory.15.Type": "Modification",
  "ContentHistory.15.ModificationName": "CWE Content Team",
  "ContentHistory.15.ModificationOrganization": "MITRE",
  "ContentHistory.15.ModificationDate": "2013-07-17",
  "ContentHistory.15.ModificationComment": "updated Relationships",
  "ContentHistory.16.Type": "Modification",
  "ContentHistory.16.ModificationName": "CWE Content Team",
  "ContentHistory.16.ModificationOrganization": "MITRE",
  "ContentHistory.16.ModificationDate": "2014-02-18",
  "ContentHistory.16.ModificationComment": "updated Relationships",
  "ContentHistory.17.Type": "Modification",
  "ContentHistory.17.ModificationName": "CWE Content Team",
  "ContentHistory.17.ModificationOrganization": "MITRE",
  "ContentHistory.17.ModificationDate": "2014-06-23",
  "ContentHistory.17.ModificationComment": "updated Relationships",
  "ContentHistory.18.Type": "Modification",
  "ContentHistory.18.ModificationName": "CWE Content Team",
  "ContentHistory.18.ModificationOrganization": "MITRE",
  "ContentHistory.18.ModificationDate": "2014-07-30",
  "ContentHistory.18.ModificationComment": "updated Detection_Factors, Relationships",
  "ContentHistory.19.Type": "Modification",
  "ContentHistory.19.ModificationName": "CWE Content Team",
  "ContentHistory.19.ModificationOrganization": "MITRE",
  "ContentHistory.19.ModificationDate": "2015-12-07",
  "ContentHistory.19.ModificationComment": "updated Relationships",
  "ContentHistory.20.Type": "Modification",
  "ContentHistory.20.ModificationName": "CWE Content Team",
  "ContentHistory.20.ModificationOrganization": "MITRE",
  "ContentHistory.20.ModificationDate": "2017-01-19",
  "ContentHistory.20.ModificationComment": "updated Relationships",
  "ContentHistory.21.Type": "Modification",
  "ContentHistory.21.ModificationName": "CWE Content Team",
  "ContentHistory.21.ModificationOrganization": "MITRE",
  "ContentHistory.21.ModificationDate": "2017-05-03",
  "ContentHistory.21.ModificationComment": "updated Related_Attack_Patterns, Relationships",
  "ContentHistory.22.Type": "Modification",
  "ContentHistory.22.ModificationName": "CWE Content Team",
  "ContentHistory.22.ModificationOrganization": "MITRE",
  "ContentHistory.22.ModificationDate": "2017-11-08",
  "ContentHistory.22.ModificationComment": "updated Demonstrative_Examples, Likelihood_of_Exploit, Modes_of_Introduction, References, Relationships",
  "ContentHistory.23.Type": "Modification",
  "ContentHistory.23.ModificationName": "CWE Content Team",
  "ContentHistory.23.ModificationOrganization": "MITRE",
  "ContentHistory.23.ModificationDate": "2018-03-27",
  "ContentHistory.23.ModificationComment": "updated References, Relationships",
  "ContentHistory.24.Type": "Modification",
  "ContentHistory.24.ModificationName": "CWE Content Team",
  "ContentHistory.24.ModificationOrganization": "MITRE",
  "ContentHistory.24.ModificationDate": "2019-01-03",
  "ContentHistory.24.ModificationComment": "updated Related_Attack_Patterns",
  "ContentHistory.25.Type": "Modification",
  "ContentHistory.25.ModificationName": "CWE Content Team",
  "ContentHistory.25.ModificationOrganization": "MITRE",
  "ContentHistory.25.ModificationDate": "2019-06-20",
  "ContentHistory.25.ModificationComment": "updated Demonstrative_Examples, Related_Attack_Patterns, Relationships",
  "ContentHistory.26.Type": "Modification",
  "ContentHistory.26.ModificationName": "CWE Content Team",
  "ContentHistory.26.ModificationOrganization": "MITRE",
  "ContentHistory.26.ModificationDate": "2019-09-19",
  "ContentHistory.26.ModificationComment": "updated Relationships",
  "ContentHistory.27.Type": "Modification",
  "ContentHistory.27.ModificationName": "CWE Content Team",
  "ContentHistory.27.ModificationOrganization": "MITRE",
  "ContentHistory.27.ModificationDate": "2020-02-24",
  "ContentHistory.27.ModificationComment": "updated Relationships",
  "ContentHistory.28.Type": "Modification",
  "ContentHistory.28.ModificationName": "CWE Content Team",
  "ContentHistory.28.ModificationOrganization": "MITRE",
  "ContentHistory.28.ModificationDate": "2020-08-20",
  "ContentHistory.28.ModificationComment": "updated Relationships",
  "ContentHistory.29.Type": "Modification",
  "ContentHistory.29.ModificationName": "CWE Content Team",
  "ContentHistory.29.ModificationOrganization": "MITRE",
  "ContentHistory.29.ModificationDate": "2020-12-10",
  "ContentHistory.29.ModificationComment": "updated Relationships",
  "ContentHistory.30.Type": "Modification",
  "ContentHistory.30.ModificationName": "CWE Content Team",
  "ContentHistory.30.ModificationOrganization": "MITRE",
  "ContentHistory.30.ModificationDate": "2021-03-15",
  "ContentHistory.30.ModificationComment": "updated Alternate_Terms, Demonstrative_Examples",
  "ContentHistory.31.Type": "Modification",
  "ContentHistory.31.ModificationName": "CWE Content Team",
  "ContentHistory.31.ModificationOrganization": "MITRE",
  "ContentHistory.31.ModificationDate": "2021-07-20",
  "ContentHistory.31.ModificationComment": "updated Relationships",
  "ContentHistory.32.Type": "Modification",
  "ContentHistory.32.ModificationName": "CWE Content Team",
  "ContentHistory.32.ModificationOrganization": "MITRE",
  "ContentHistory.32.ModificationDate": "2021-10-28",
  "ContentHistory.32.ModificationComment": "updated Relationships",
  "ContentHistory.33.Type": "Modification",
  "ContentHistory.33.ModificationName": "CWE Content Team",
  "ContentHistory.33.ModificationOrganization": "MITRE",
  "ContentHistory.33.ModificationDate": "2022-06-28",
  "ContentHistory.33.ModificationComment": "updated Observed_Examples, Relationships",
  "ContentHistory.34.Type": "Modification",
  "ContentHistory.34.ModificationName": "CWE Content Team",
  "ContentHistory.34.ModificationOrganization": "MITRE",
  "ContentHistory.34.ModificationDate": "2022-10-13",
  "ContentHistory.34.ModificationComment": "updated Applicable_Platforms, Demonstrative_Examples, Observed_Examples, References, Relationships",
  "ContentHistory.35.Type": "Modification",
  "ContentHistory.35.ModificationName": "CWE Content Team",
  "ContentHistory.35.ModificationOrganization": "MITRE",
  "ContentHistory.35.ModificationDate": "2023-01-31",
  "ContentHistory.35.ModificationComment": "updated Description, Maintenance_Notes, Observed_Examples, Taxonomy_Mappings",
  "ContentHistory.36.Type": "Modification",
  "ContentHistory.36.ModificationName": "CWE Content Team",
  "ContentHistory.36.ModificationOrganization": "MITRE",
  "ContentHistory.36.ModificationDate": "2023-04-27",
  "ContentHistory.36.ModificationComment": "updated Demonstrative_Examples, References, Relationships",
  "ContentHistory.37.Type": "Modification",
  "ContentHistory.37.ModificationName": "CWE Content Team",
  "ContentHistory.37.ModificationOrganization": "MITRE",
  "ContentHistory.37.ModificationDate": "2023-06-29",
  "ContentHistory.37.ModificationComment": "updated Mapping_Notes, Relationships",
  "ContentHistory.38.Type": "Modification",
  "ContentHistory.38.ModificationName": "CWE Content Team",
  "ContentHistory.38.ModificationOrganization": "MITRE",
  "ContentHistory.38.ModificationDate": "2023-10-26",
  "ContentHistory.38.ModificationComment": "updated Observed_Examples",
  "ContentHistory.39.Type": "Modification",
  "ContentHistory.39.ModificationName": "CWE Content Team",
  "ContentHistory.39.ModificationOrganization": "MITRE",
  "ContentHistory.39.ModificationDate": "2024-02-29",
  "ContentHistory.39.ModificationComment": "updated Observed_Examples",
  "ContentHistory.39.ModificationVersion": "4.14",
  "ContentHistory.39.ModificationReleaseDate": "2024-02-29",
  "ContentHistory.40.Type": "Modification",
  "ContentHistory.40.ModificationName": "CWE Content Team",
  "ContentHistory.40.ModificationOrganization": "MITRE",
  "ContentHistory.40.ModificationDate": "2024-07-16",
  "ContentHistory.40.ModificationComment": "updated Diagram",
  "ContentHistory.40.ModificationVersion": "4.15",
  "ContentHistory.40.ModificationReleaseDate": "2024-07-16",
  "ContentHistory.41.Type": "Modification",
  "ContentHistory.41.ModificationName": "CWE Content Team",
  "ContentHistory.41.ModificationOrganization": "MITRE",
  "ContentHistory.41.ModificationDate": "2024-11-19",
  "ContentHistory.41.ModificationComment": "updated Relationships",
  "ContentHistory.41.ModificationVersion": "4.16",
  "ContentHistory.41.ModificationReleaseDate": "2024-11-19",
  "ContentHistory.42.Type": "Modification",
  "ContentHistory.42.ModificationName": "CWE Content Team",
  "ContentHistory.42.ModificationOrganization": "MITRE",
  "ContentHistory.42.ModificationDate": "2025-04-03",
  "ContentHistory.42.ModificationComment": "updated Observed_Examples",
  "ContentHistory.42.ModificationVersion": "4.17",
  "ContentHistory.42.ModificationReleaseDate": "2025-04-03",
  "ContentHistory.43.Type": "Contribution",
  "ContentHistory.43.ContributionName": "Abhi Balakrishnan",
  "ContentHistory.43.ContributionDate": "2024-02-29",
  "ContentHistory.43.ContributionComment": "Provided diagram to improve CWE usability",
  "ContentHistory.43.ContributionType": "Content",
  "ContentHistory.43.ContributionVersion": "4.15",
  "ContentHistory.43.ContributionReleaseDate": "2024-07-16",
  "ContentHistory.44.Type": "Rename",
  "ContentHistory.44.PreviousEntryName": "Authentication Issues",
  "ContentHistory.44.Date": "2008-04-11",
  "ContentHistory.45.Type": "Rename",
  "ContentHistory.45.PreviousEntryName": "Insufficient Authentication",
  "ContentHistory.45.Date": "2009-01-12"
}