{
  "ID": "306",
  "Name": "Missing Authentication for Critical Function",
  "Abstraction": "Base",
  "Structure": "Simple",
  "Status": "Draft",
  "Diagram": "/data/images/CWE-306-Diagram.png",
  "Description": "The product does not perform any authentication for functionality that requires a provable user identity or consumes a significant amount of resources.",
  "LikelihoodOfExploit": "High",
  "RelatedWeaknesses.0.Nature": "ChildOf",
  "RelatedWeaknesses.0.CweID": "287",
  "RelatedWeaknesses.0.ViewID": "1000",
  "RelatedWeaknesses.0.Ordinal": "Primary",
  "RelatedWeaknesses.1.Nature": "ChildOf",
  "RelatedWeaknesses.1.CweID": "287",
  "RelatedWeaknesses.1.ViewID": "1003",
  "RelatedWeaknesses.1.Ordinal": "Primary",
  "ApplicablePlatforms.0.Type": "Language",
  "ApplicablePlatforms.0.Class": "Not Language-Specific",
  "ApplicablePlatforms.0.Prevalence": "Undetermined",
  "ApplicablePlatforms.1.Type": "Technology",
  "ApplicablePlatforms.1.Class": "Cloud Computing",
  "ApplicablePlatforms.1.Prevalence": "Undetermined",
  "ApplicablePlatforms.2.Type": "Technology",
  "ApplicablePlatforms.2.Class": "ICS/OT",
  "ApplicablePlatforms.2.Prevalence": "Often",
  "ModesOfIntroduction.0.Phase": "Architecture and Design",
  "ModesOfIntroduction.0.Note": "OMISSION: This weakness is caused by missing a security tactic during the architecture and design phase.",
  "ModesOfIntroduction.1.Phase": "Architecture and Design",
  "ModesOfIntroduction.1.Note": "Developers sometimes perform authentication at the primary channel, but open up a secondary channel that is assumed to be private. For example, a login mechanism may be listening on one network port, but after successful authentication, it may open up a second port where it waits for the connection, but avoids authentication because it assumes that only the authenticated party will connect to the port.",
  "ModesOfIntroduction.2.Phase": "Operation",
  "ModesOfIntroduction.2.Note": "When migrating data to the cloud (e.g., S3 buckets, Azure blobs, Google Cloud Storage, etc.), there is a risk of losing the protections that were originally provided by hosting on internal networks. If access does not require authentication, it can be easier for attackers to access the data from anywhere on the Internet.",
  "CommonConsequences.0.Scope.0": "Access Control",
  "CommonConsequences.0.Scope.1": "Other",
  "CommonConsequences.0.Impact.0": "Gain Privileges or Assume Identity",
  "CommonConsequences.0.Impact.1": "Varies by Context",
  "CommonConsequences.0.Note": "Exposing critical functionality essentially provides an attacker with the privilege level of that functionality. The consequences will depend on the associated functionality, but they can range from reading or modifying sensitive data, accessing administrative or other privileged functionality, or possibly even executing arbitrary code.",
  "DetectionMethods.0.DetectionMethodID": "DM-7.2",
  "DetectionMethods.0.Method": "Manual Analysis",
  "DetectionMethods.0.Description": "\n\nThis weakness can be detected using tools and techniques that require manual (human) analysis, such as penetration testing, threat modeling, and interactive tools that allow the tester to record and modify an active session.\n\n\nSpecifically, manual static analysis is useful for evaluating the correctness of custom authentication mechanisms.\n",
  "DetectionMethods.0.EffectivenessNotes": "These may be more effective than strictly automated techniques. This is especially the case with weaknesses that are related to design and business rules.",
  "DetectionMethods.1.DetectionMethodID": "DM-6.1",
  "DetectionMethods.1.Method": "Automated Static Analysis",
  "DetectionMethods.1.Description": "\n\nAutomated static analysis is useful for detecting commonly-used idioms for authentication. A tool may be able to analyze related configuration files, such as .htaccess in Apache web servers, or detect the usage of commonly-used authentication libraries.\n\n\nGenerally, automated static analysis tools have difficulty detecting custom authentication schemes. In addition, the software's design may include some functionality that is accessible to any user and does not require an established identity; an automated technique that detects the absence of authentication may report false positives.\n",
  "DetectionMethods.1.Effectiveness": "Limited",
  "DetectionMethods.2.Method": "Manual Static Analysis - Binary or Bytecode",
  "DetectionMethods.2.Description": "\n\nAccording to SOAR, the following detection techniques may be useful:\n\n```\n\t\tCost effective for partial coverage:\n```\n\n\t\tBinary / Bytecode disassembler - then use manual analysis for vulnerabilities & anomalies",
  "DetectionMethods.2.Effectiveness": "SOAR Partial",
  "DetectionMethods.3.Method": "Dynamic Analysis with Automated Results Interpretation",
  "DetectionMethods.3.Description": "\n\nAccording to SOAR, the following detection techniques may be useful:\n\n```\n\t\tCost effective for partial coverage:\n```\n\n\t\tWeb Application Scanner\n\t\tWeb Services Scanner\n\t\tDatabase Scanners",
  "DetectionMethods.3.Effectiveness": "SOAR Partial",
  "DetectionMethods.4.Method": "Dynamic Analysis with Manual Results Interpretation",
  "DetectionMethods.4.Description": "\n\nAccording to SOAR, the following detection techniques may be useful:\n\n```\n\t\tCost effective for partial coverage:\n```\n\n\t\tHost Application Interface Scanner\n\t\tFuzz Tester\n\t\tFramework-based Fuzzer",
  "DetectionMethods.4.Effectiveness": "SOAR Partial",
  "DetectionMethods.5.Method": "Manual Static Analysis - Source Code",
  "DetectionMethods.5.Description": "\n\nAccording to SOAR, the following detection techniques may be useful:\n\n```\n\t\tCost effective for partial coverage:\n```\n\n\t\tFocused Manual Spotcheck - Focused manual analysis of source\n\t\tManual Source Code Review (not inspections)",
  "DetectionMethods.5.Effectiveness": "SOAR Partial",
  "DetectionMethods.6.Method": "Automated Static Analysis - Source Code",
  "DetectionMethods.6.Description": "\n\nAccording to SOAR, the following detection techniques may be useful:\n\n```\n\t\tCost effective for partial coverage:\n```\n\n\t\tSource code Weakness Analyzer\n\t\tContext-configured Source Code Weakness Analyzer",
  "DetectionMethods.6.Effectiveness": "SOAR Partial",
  "DetectionMethods.7.Method": "Architecture or Design Review",
  "DetectionMethods.7.Description": "\n\nAccording to SOAR, the following detection techniques may be useful:\n\n```\n\t\tHighly cost effective:\n```\n\n\t\tInspection (IEEE 1028 standard) (can apply to requirements, design, source code, etc.)\n\t\tFormal Methods / Correct-By-Construction\n\t```\n\t\tCost effective for partial coverage:\n```\n\n\t\tAttack Modeling",
  "DetectionMethods.7.Effectiveness": "High",
  "PotentialMitigations.0.Phase.0": "Architecture and Design",
  "PotentialMitigations.0.Description": "\n\nDivide the software into anonymous, normal, privileged, and administrative areas. Identify which of these areas require a proven user identity, and use a centralized authentication capability.\n\n\nIdentify all potential communication channels, or other means of interaction with the software, to ensure that all channels are appropriately protected, including those channels that are assumed to be accessible only by authorized parties. Developers sometimes perform authentication at the primary channel, but open up a secondary channel that is assumed to be private. For example, a login mechanism may be listening on one network port, but after successful authentication, it may open up a second port where it waits for the connection, but avoids authentication because it assumes that only the authenticated party will connect to the port.\n\n\nIn general, if the software or protocol allows a single session or user state to persist across multiple connections or channels, authentication and appropriate credential management need to be used throughout.\n",
  "PotentialMitigations.1.MitigationID": "MIT-15",
  "PotentialMitigations.1.Phase.0": "Architecture and Design",
  "PotentialMitigations.1.Description": "For any security checks that are performed on the client side, ensure that these checks are duplicated on the server side, in order to avoid CWE-602. Attackers can bypass the client-side checks by modifying values after the checks have been performed, or by changing the client to remove the client-side checks entirely. Then, these modified values would be submitted to the server.",
  "PotentialMitigations.2.Phase.0": "Architecture and Design",
  "PotentialMitigations.2.Description": "\n\nWhere possible, avoid implementing custom, \"grow-your-own\" authentication routines and consider using authentication capabilities as provided by the surrounding framework, operating system, or environment. These capabilities may avoid common weaknesses that are unique to authentication; support automatic auditing and tracking; and make it easier to provide a clear separation between authentication tasks and authorization tasks.\n\n\nIn environments such as the World Wide Web, the line between authentication and authorization is sometimes blurred. If custom authentication routines are required instead of those provided by the server, then these routines must be applied to every single page, since these pages could be requested directly.\n",
  "PotentialMitigations.3.MitigationID": "MIT-4.5",
  "PotentialMitigations.3.Phase.0": "Architecture and Design",
  "PotentialMitigations.3.Strategy": "Libraries or Frameworks",
  "PotentialMitigations.3.Description": "\n\nUse a vetted library or framework that does not allow this weakness to occur or provides constructs that make this weakness easier to avoid.\n\n\nFor example, consider using libraries with authentication capabilities such as OpenSSL or the ESAPI Authenticator [REF-45].\n",
  "PotentialMitigations.4.Phase.0": "Implementation",
  "PotentialMitigations.4.Phase.1": "System Configuration",
  "PotentialMitigations.4.Phase.2": "Operation",
  "PotentialMitigations.4.Description": "When storing data in the cloud (e.g., S3 buckets, Azure blobs, Google Cloud Storage, etc.), use the provider's controls to require strong authentication for users who should be allowed to access the data [REF-1297] [REF-1298] [REF-1302].",
  "DemonstrativeExamples.0.Entries.0.IntroText": "In the following Java example the method createBankAccount is used to create a BankAccount object for a bank management application.",
  "DemonstrativeExamples.0.Entries.1.Nature": "Bad",
  "DemonstrativeExamples.0.Entries.1.Language": "Java",
  "DemonstrativeExamples.0.Entries.1.ExampleCode": "```\n\tpublic BankAccount createBankAccount(String accountNumber, String accountType,\n\tString accountName, String accountSSN, double balance) {\n\t\t\tBankAccount account = new BankAccount();\n\t\t\taccount.setAccountNumber(accountNumber);\n\t\t\taccount.setAccountType(accountType);\n\t\t\taccount.setAccountOwnerName(accountName);\n\t\t\taccount.setAccountOwnerSSN(accountSSN);\n\t\t\taccount.setBalance(balance);\n\t\t\treturn account;\n\t}\n```",
  "DemonstrativeExamples.0.Entries.2.BodyText": "However, there is no authentication mechanism to ensure that the user creating this bank account object has the authority to create new bank accounts. Some authentication mechanisms should be used to verify that the user has the authority to create bank account objects.",
  "DemonstrativeExamples.0.Entries.3.BodyText": "The following Java code includes a boolean variable and method for authenticating a user. If the user has not been authenticated then the createBankAccount will not create the bank account object.",
  "DemonstrativeExamples.0.Entries.4.Nature": "Good",
  "DemonstrativeExamples.0.Entries.4.Language": "Java",
  "DemonstrativeExamples.0.Entries.4.ExampleCode": "```\n\tprivate boolean isUserAuthentic = false;\n```\n// authenticate user,* \n\t\n\t\n\t *// if user is authenticated then set variable to true* \n\t\n\t\n\t *// otherwise set variable to false* \n\tpublic boolean authenticateUser(String username, String password) {\n\t```\n\t\t...\n\t}\n\tpublic BankAccount createNewBankAccount(String accountNumber, String accountType,\n\tString accountName, String accountSSN, double balance) {\n\t\t\tBankAccount account = null;\n\t\t\tif (isUserAuthentic) {\n\t\t\t\taccount = new BankAccount();\n\t\t\t\taccount.setAccountNumber(accountNumber);\n\t\t\t\taccount.setAccountType(accountType);\n\t\t\t\taccount.setAccountOwnerName(accountName);\n\t\t\t\taccount.setAccountOwnerSSN(accountSSN);\n\t\t\t\taccount.setBalance(balance);\n\t\t\t}\n\t\t\treturn account;\n\t}\n```",
  "DemonstrativeExamples.1.ID": "DX-153",
  "DemonstrativeExamples.1.Entries.0.IntroText": "In 2022, the OT:ICEFALL study examined products by 10 different Operational Technology (OT) vendors. The researchers reported 56 vulnerabilities and said that the products were \"insecure by design\" [REF-1283]. If exploited, these vulnerabilities often allowed adversaries to change how the products operated, ranging from denial of service to changing the code that the products executed. Since these products were often used in industries such as power, electrical, water, and others, there could even be safety implications.",
  "DemonstrativeExamples.1.Entries.1.BodyText": "Multiple vendors did not use any authentication for critical functionality in their OT products.",
  "DemonstrativeExamples.2.ID": "DX-155",
  "DemonstrativeExamples.2.Entries.0.IntroText": "In 2021, a web site operated by PeopleGIS stored data of US municipalities in Amazon Web Service (AWS) Simple Storage Service (S3) buckets.",
  "DemonstrativeExamples.2.Entries.1.Nature": "Bad",
  "DemonstrativeExamples.2.Entries.1.Language": "Other",
  "DemonstrativeExamples.2.Entries.1.ExampleCode": "```\n\tA security researcher found 86 S3 buckets that could be accessed without authentication (CWE-306) and stored data unencrypted (CWE-312). These buckets exposed over 1000 GB of data and 1.6 million files including physical addresses, phone numbers, tax documents, pictures of driver's license IDs, etc. [REF-1296] [REF-1295]\n```",
  "DemonstrativeExamples.2.Entries.2.BodyText": "While it was not publicly disclosed how the data was protected after discovery, multiple options could have been considered.",
  "DemonstrativeExamples.2.Entries.3.Nature": "Good",
  "DemonstrativeExamples.2.Entries.3.Language": "Other",
  "DemonstrativeExamples.2.Entries.3.ExampleCode": "```\n\tThe sensitive information could have been protected by ensuring that the buckets did not have public read access, e.g., by enabling the s3-account-level-public-access-blocks-periodic rule to Block Public Access. In addition, the data could have been encrypted at rest using the appropriate S3 settings, e.g., by enabling server-side encryption using the s3-bucket-server-side-encryption-enabled setting. Other settings are available to further prevent bucket data from being leaked. [REF-1297]\n```",
  "ObservedExamples.0.Reference": "CVE-2024-11680",
  "ObservedExamples.0.Description": "File-sharing PHP product does not check if user is logged in during requests for PHP library files under an includes/ directory, allowing configuration changes, code execution, and other impacts.",
  "ObservedExamples.0.Link": "https://www.cve.org/CVERecord?id=CVE-2024-11680",
  "ObservedExamples.1.Reference": "CVE-2022-31260",
  "ObservedExamples.1.Description": "Chain: a digital asset management program has an undisclosed backdoor in the legacy version of a PHP script (CWE-912) that could allow an unauthenticated user to export metadata (CWE-306)",
  "ObservedExamples.1.Link": "https://www.cve.org/CVERecord?id=CVE-2022-31260",
  "ObservedExamples.2.Reference": "CVE-2022-29951",
  "ObservedExamples.2.Description": "TCP-based protocol in Programmable Logic Controller (PLC) has no authentication.",
  "ObservedExamples.2.Link": "https://www.cve.org/CVERecord?id=CVE-2022-29951",
  "ObservedExamples.3.Reference": "CVE-2022-29952",
  "ObservedExamples.3.Description": "Condition Monitor firmware uses a protocol that does not require authentication.",
  "ObservedExamples.3.Link": "https://www.cve.org/CVERecord?id=CVE-2022-29952",
  "ObservedExamples.4.Reference": "CVE-2022-30276",
  "ObservedExamples.4.Description": "SCADA-based protocol for bridging WAN and LAN traffic has no authentication.",
  "ObservedExamples.4.Link": "https://www.cve.org/CVERecord?id=CVE-2022-30276",
  "ObservedExamples.5.Reference": "CVE-2022-30313",
  "ObservedExamples.5.Description": "Safety Instrumented System uses proprietary TCP protocols with no authentication.",
  "ObservedExamples.5.Link": "https://www.cve.org/CVERecord?id=CVE-2022-30313",
  "ObservedExamples.6.Reference": "CVE-2022-30317",
  "ObservedExamples.6.Description": "Distributed Control System (DCS) uses a protocol that has no authentication.",
  "ObservedExamples.6.Link": "https://www.cve.org/CVERecord?id=CVE-2022-30317",
  "ObservedExamples.7.Reference": "CVE-2021-21972",
  "ObservedExamples.7.Description": "Chain: Cloud computing virtualization platform does not require authentication for upload of a tar format file (CWE-306), then uses .. path traversal sequences (CWE-23) in the file to access unexpected files, as exploited in the wild per CISA KEV.",
  "ObservedExamples.7.Link": "https://www.cve.org/CVERecord?id=CVE-2021-21972",
  "ObservedExamples.8.Reference": "CVE-2020-10263",
  "ObservedExamples.8.Description": "Bluetooth speaker does not require authentication for the debug functionality on the UART port, allowing root shell access",
  "ObservedExamples.8.Link": "https://www.cve.org/CVERecord?id=CVE-2020-10263",
  "ObservedExamples.9.Reference": "CVE-2021-23147",
  "ObservedExamples.9.Description": "WiFi router does not require authentication for its UART port, allowing adversaries with physical access to execute commands as root",
  "ObservedExamples.9.Link": "https://www.cve.org/CVERecord?id=CVE-2021-23147",
  "ObservedExamples.10.Reference": "CVE-2021-37415",
  "ObservedExamples.10.Description": "IT management product does not perform authentication for some REST API requests, as exploited in the wild per CISA KEV.",
  "ObservedExamples.10.Link": "https://www.cve.org/CVERecord?id=CVE-2021-37415",
  "ObservedExamples.11.Reference": "CVE-2020-13927",
  "ObservedExamples.11.Description": "Default setting in workflow management product allows all API requests without authentication, as exploited in the wild per CISA KEV.",
  "ObservedExamples.11.Link": "https://www.cve.org/CVERecord?id=CVE-2020-13927",
  "ObservedExamples.12.Reference": "CVE-2002-1810",
  "ObservedExamples.12.Description": "MFV. Access TFTP server without authentication and obtain configuration file with sensitive plaintext information.",
  "ObservedExamples.12.Link": "https://www.cve.org/CVERecord?id=CVE-2002-1810",
  "ObservedExamples.13.Reference": "CVE-2008-6827",
  "ObservedExamples.13.Description": "Agent software running at privileges does not authenticate incoming requests over an unprotected channel, allowing a Shatter\" attack.",
  "ObservedExamples.13.Link": "https://www.cve.org/CVERecord?id=CVE-2008-6827",
  "ObservedExamples.14.Reference": "CVE-2004-0213",
  "ObservedExamples.14.Description": "Product enforces restrictions through a GUI but not through privileged APIs.",
  "ObservedExamples.14.Link": "https://www.cve.org/CVERecord?id=CVE-2004-0213",
  "ObservedExamples.15.Reference": "CVE-2020-15483",
  "ObservedExamples.15.Description": "monitor device allows access to physical UART debug port without authentication",
  "ObservedExamples.15.Link": "https://www.cve.org/CVERecord?id=CVE-2020-15483",
  "ObservedExamples.16.Reference": "CVE-2019-9201",
  "ObservedExamples.16.Description": "Programmable Logic Controller (PLC) does not have an authentication feature on its communication protocols.",
  "ObservedExamples.16.Link": "https://www.cve.org/CVERecord?id=CVE-2019-9201",
  "TaxonomyMappings.0.TaxonomyName": "PLOVER",
  "TaxonomyMappings.0.EntryName": "No Authentication for Critical Function",
  "TaxonomyMappings.1.TaxonomyName": "Software Fault Patterns",
  "TaxonomyMappings.1.EntryID": "SFP31",
  "TaxonomyMappings.1.EntryName": "Missing authentication",
  "TaxonomyMappings.2.TaxonomyName": "ISA/IEC 62443",
  "TaxonomyMappings.2.EntryID": "Part 4-2",
  "TaxonomyMappings.2.EntryName": "Req CR 1.1",
  "TaxonomyMappings.3.TaxonomyName": "ISA/IEC 62443",
  "TaxonomyMappings.3.EntryID": "Part 4-2",
  "TaxonomyMappings.3.EntryName": "Req CR 1.2",
  "TaxonomyMappings.4.TaxonomyName": "ISA/IEC 62443",
  "TaxonomyMappings.4.EntryID": "Part 4-2",
  "TaxonomyMappings.4.EntryName": "Req CR 2.1",
  "TaxonomyMappings.5.TaxonomyName": "ISA/IEC 62443",
  "TaxonomyMappings.5.EntryID": "Part 4-1",
  "TaxonomyMappings.5.EntryName": "Req SR-2",
  "TaxonomyMappings.6.TaxonomyName": "ISA/IEC 62443",
  "TaxonomyMappings.6.EntryID": "Part 4-1",
  "TaxonomyMappings.6.EntryName": "Req SVV-3",
  "RelatedAttackPatterns.0": "12",
  "RelatedAttackPatterns.1": "166",
  "RelatedAttackPatterns.2": "216",
  "RelatedAttackPatterns.3": "36",
  "RelatedAttackPatterns.4": "62",
  "References.0.ExternalReferenceID": "REF-62",
  "References.0.Section": "Chapter 2, \"Common Vulnerabilities of Authentication,\" Page 36",
  "References.0.Authors.0": "Mark Dowd",
  "References.0.Authors.1": "John McDonald",
  "References.0.Authors.2": "Justin Schuh",
  "References.0.Title": "The Art of Software Security Assessment",
  "References.0.Edition": "1st Edition",
  "References.0.PublicationYear": "2006",
  "References.0.Publisher": "Addison Wesley",
  "References.1.ExternalReferenceID": "REF-257",
  "References.1.Authors.0": "Frank Kim",
  "References.1.Title": "Top 25 Series - Rank 19 - Missing Authentication for Critical Function",
  "References.1.PublicationYear": "2010",
  "References.1.PublicationMonth": "02",
  "References.1.PublicationDay": "23",
  "References.1.Publisher": "SANS Software Security Institute",
  "References.1.URL": "https://www.sans.org/blog/top-25-series-rank-19-missing-authentication-for-critical-function/",
  "References.1.URLDate": "2023-04-07",
  "References.2.ExternalReferenceID": "REF-45",
  "References.2.Authors.0": "OWASP",
  "References.2.Title": "OWASP Enterprise Security API (ESAPI) Project",
  "References.2.URL": "http://www.owasp.org/index.php/ESAPI",
  "References.3.ExternalReferenceID": "REF-1283",
  "References.3.Authors.0": "Forescout Vedere Labs",
  "References.3.Title": "OT:ICEFALL: The legacy of \"insecure by design\" and its implications for certifications and risk management",
  "References.3.PublicationYear": "2022",
  "References.3.PublicationMonth": "06",
  "References.3.PublicationDay": "20",
  "References.3.URL": "https://www.forescout.com/resources/ot-icefall-report/",
  "References.4.ExternalReferenceID": "REF-1295",
  "References.4.Authors.0": "WizCase",
  "References.4.Title": "Over 80 US Municipalities' Sensitive Information, Including Resident's Personal Data, Left Vulnerable in Massive Data Breach",
  "References.4.PublicationYear": "2021",
  "References.4.PublicationMonth": "07",
  "References.4.PublicationDay": "20",
  "References.4.URL": "https://www.wizcase.com/blog/us-municipality-breach-report/",
  "References.5.ExternalReferenceID": "REF-1296",
  "References.5.Authors.0": "Jonathan Greig",
  "References.5.Title": "1,000 GB of local government data exposed by Massachusetts software company",
  "References.5.PublicationYear": "2021",
  "References.5.PublicationMonth": "07",
  "References.5.PublicationDay": "22",
  "References.5.URL": "https://www.zdnet.com/article/1000-gb-of-local-government-data-exposed-by-massachusetts-software-company/",
  "References.6.ExternalReferenceID": "REF-1297",
  "References.6.Authors.0": "Amazon",
  "References.6.Title": "AWS Foundational Security Best Practices controls",
  "References.6.PublicationYear": "2022",
  "References.6.URL": "https://docs.aws.amazon.com/securityhub/latest/userguide/securityhub-controls-reference.html",
  "References.6.URLDate": "2023-04-07",
  "References.7.ExternalReferenceID": "REF-1298",
  "References.7.Authors.0": "Microsoft",
  "References.7.Title": "Authentication and authorization in Azure App Service and Azure Functions",
  "References.7.PublicationYear": "2021",
  "References.7.PublicationMonth": "11",
  "References.7.PublicationDay": "23",
  "References.7.URL": "https://learn.microsoft.com/en-us/azure/app-service/overview-authentication-authorization",
  "References.7.URLDate": "2022-10-11",
  "References.8.ExternalReferenceID": "REF-1302",
  "References.8.Authors.0": "Google Cloud",
  "References.8.Title": "Authentication and authorization use cases",
  "References.8.PublicationYear": "2022",
  "References.8.PublicationMonth": "10",
  "References.8.PublicationDay": "11",
  "References.8.URL": "https://cloud.google.com/docs/authentication/use-cases",
  "References.8.URLDate": "2022-10-11",
  "MappingNotes.Usage": "Allowed",
  "MappingNotes.Rationale": "This CWE entry is at the Base level of abstraction, which is a preferred level of abstraction for mapping to the root causes of vulnerabilities.",
  "MappingNotes.Comments": "Carefully read both the name and description to ensure that this mapping is an appropriate fit. Do not try to 'force' a mapping to a lower-level Base/Variant simply to comply with this preferred level of abstraction.",
  "MappingNotes.Reasons.0": "Acceptable-Use",
  "ContentHistory.0.Type": "Submission",
  "ContentHistory.0.SubmissionName": "PLOVER",
  "ContentHistory.0.SubmissionDate": "2006-07-19",
  "ContentHistory.0.SubmissionVersion": "Draft 3",
  "ContentHistory.0.SubmissionReleaseDate": "2006-07-19",
  "ContentHistory.1.Type": "Modification",
  "ContentHistory.1.ModificationName": "Eric Dalci",
  "ContentHistory.1.ModificationOrganization": "Cigital",
  "ContentHistory.1.ModificationDate": "2008-07-01",
  "ContentHistory.1.ModificationComment": "updated Time_of_Introduction",
  "ContentHistory.2.Type": "Modification",
  "ContentHistory.2.ModificationName": "CWE Content Team",
  "ContentHistory.2.ModificationOrganization": "MITRE",
  "ContentHistory.2.ModificationDate": "2008-09-08",
  "ContentHistory.2.ModificationComment": "updated Relationships, Relationship_Notes, Taxonomy_Mappings",
  "ContentHistory.3.Type": "Modification",
  "ContentHistory.3.ModificationName": "CWE Content Team",
  "ContentHistory.3.ModificationOrganization": "MITRE",
  "ContentHistory.3.ModificationDate": "2010-02-16",
  "ContentHistory.3.ModificationComment": "updated Applicable_Platforms, Common_Consequences, Demonstrative_Examples, Detection_Factors, Likelihood_of_Exploit, Name, Observed_Examples, Potential_Mitigations, References, Related_Attack_Patterns, Relationships",
  "ContentHistory.4.Type": "Modification",
  "ContentHistory.4.ModificationName": "CWE Content Team",
  "ContentHistory.4.ModificationOrganization": "MITRE",
  "ContentHistory.4.ModificationDate": "2010-06-21",
  "ContentHistory.4.ModificationComment": "updated Common_Consequences, Potential_Mitigations, References",
  "ContentHistory.5.Type": "Modification",
  "ContentHistory.5.ModificationName": "CWE Content Team",
  "ContentHistory.5.ModificationOrganization": "MITRE",
  "ContentHistory.5.ModificationDate": "2011-06-01",
  "ContentHistory.5.ModificationComment": "updated Common_Consequences",
  "ContentHistory.6.Type": "Modification",
  "ContentHistory.6.ModificationName": "CWE Content Team",
  "ContentHistory.6.ModificationOrganization": "MITRE",
  "ContentHistory.6.ModificationDate": "2011-06-27",
  "ContentHistory.6.ModificationComment": "updated Relationships",
  "ContentHistory.7.Type": "Modification",
  "ContentHistory.7.ModificationName": "CWE Content Team",
  "ContentHistory.7.ModificationOrganization": "MITRE",
  "ContentHistory.7.ModificationDate": "2011-09-13",
  "ContentHistory.7.ModificationComment": "updated Potential_Mitigations, References, Relationships",
  "ContentHistory.8.Type": "Modification",
  "ContentHistory.8.ModificationName": "CWE Content Team",
  "ContentHistory.8.ModificationOrganization": "MITRE",
  "ContentHistory.8.ModificationDate": "2012-05-11",
  "ContentHistory.8.ModificationComment": "updated Potential_Mitigations, Relationships",
  "ContentHistory.9.Type": "Modification",
  "ContentHistory.9.ModificationName": "CWE Content Team",
  "ContentHistory.9.ModificationOrganization": "MITRE",
  "ContentHistory.9.ModificationDate": "2012-10-30",
  "ContentHistory.9.ModificationComment": "updated Potential_Mitigations",
  "ContentHistory.10.Type": "Modification",
  "ContentHistory.10.ModificationName": "CWE Content Team",
  "ContentHistory.10.ModificationOrganization": "MITRE",
  "ContentHistory.10.ModificationDate": "2014-07-30",
  "ContentHistory.10.ModificationComment": "updated Detection_Factors, Relationships, Taxonomy_Mappings",
  "ContentHistory.11.Type": "Modification",
  "ContentHistory.11.ModificationName": "CWE Content Team",
  "ContentHistory.11.ModificationOrganization": "MITRE",
  "ContentHistory.11.ModificationDate": "2015-12-07",
  "ContentHistory.11.ModificationComment": "updated Relationships",
  "ContentHistory.12.Type": "Modification",
  "ContentHistory.12.ModificationName": "CWE Content Team",
  "ContentHistory.12.ModificationOrganization": "MITRE",
  "ContentHistory.12.ModificationDate": "2017-11-08",
  "ContentHistory.12.ModificationComment": "updated Likelihood_of_Exploit, Modes_of_Introduction, References, Relationships",
  "ContentHistory.13.Type": "Modification",
  "ContentHistory.13.ModificationName": "CWE Content Team",
  "ContentHistory.13.ModificationOrganization": "MITRE",
  "ContentHistory.13.ModificationDate": "2019-01-03",
  "ContentHistory.13.ModificationComment": "updated Related_Attack_Patterns",
  "ContentHistory.14.Type": "Modification",
  "ContentHistory.14.ModificationName": "CWE Content Team",
  "ContentHistory.14.ModificationOrganization": "MITRE",
  "ContentHistory.14.ModificationDate": "2019-06-20",
  "ContentHistory.14.ModificationComment": "updated Related_Attack_Patterns, Type",
  "ContentHistory.15.Type": "Modification",
  "ContentHistory.15.ModificationName": "CWE Content Team",
  "ContentHistory.15.ModificationOrganization": "MITRE",
  "ContentHistory.15.ModificationDate": "2020-02-24",
  "ContentHistory.15.ModificationComment": "updated Relationships",
  "ContentHistory.16.Type": "Modification",
  "ContentHistory.16.ModificationName": "CWE Content Team",
  "ContentHistory.16.ModificationOrganization": "MITRE",
  "ContentHistory.16.ModificationDate": "2020-08-20",
  "ContentHistory.16.ModificationComment": "updated Relationships",
  "ContentHistory.17.Type": "Modification",
  "ContentHistory.17.ModificationName": "CWE Content Team",
  "ContentHistory.17.ModificationOrganization": "MITRE",
  "ContentHistory.17.ModificationDate": "2021-07-20",
  "ContentHistory.17.ModificationComment": "updated Observed_Examples, Relationships",
  "ContentHistory.18.Type": "Modification",
  "ContentHistory.18.ModificationName": "CWE Content Team",
  "ContentHistory.18.ModificationOrganization": "MITRE",
  "ContentHistory.18.ModificationDate": "2021-10-28",
  "ContentHistory.18.ModificationComment": "updated Relationships",
  "ContentHistory.19.Type": "Modification",
  "ContentHistory.19.ModificationName": "CWE Content Team",
  "ContentHistory.19.ModificationOrganization": "MITRE",
  "ContentHistory.19.ModificationDate": "2022-06-28",
  "ContentHistory.19.ModificationComment": "updated Observed_Examples, Relationships",
  "ContentHistory.20.Type": "Modification",
  "ContentHistory.20.ModificationName": "CWE Content Team",
  "ContentHistory.20.ModificationOrganization": "MITRE",
  "ContentHistory.20.ModificationDate": "2022-10-13",
  "ContentHistory.20.ModificationComment": "updated Applicable_Platforms, Demonstrative_Examples, Description, Observed_Examples, Potential_Mitigations, References, Relationship_Notes, Relationships",
  "ContentHistory.21.Type": "Modification",
  "ContentHistory.21.ModificationName": "CWE Content Team",
  "ContentHistory.21.ModificationOrganization": "MITRE",
  "ContentHistory.21.ModificationDate": "2023-01-31",
  "ContentHistory.21.ModificationComment": "updated Related_Attack_Patterns, Relationships",
  "ContentHistory.22.Type": "Modification",
  "ContentHistory.22.ModificationName": "CWE Content Team",
  "ContentHistory.22.ModificationOrganization": "MITRE",
  "ContentHistory.22.ModificationDate": "2023-04-27",
  "ContentHistory.22.ModificationComment": "updated References, Relationships, Taxonomy_Mappings",
  "ContentHistory.23.Type": "Modification",
  "ContentHistory.23.ModificationName": "CWE Content Team",
  "ContentHistory.23.ModificationOrganization": "MITRE",
  "ContentHistory.23.ModificationDate": "2023-06-29",
  "ContentHistory.23.ModificationComment": "updated Mapping_Notes, Relationships",
  "ContentHistory.24.Type": "Modification",
  "ContentHistory.24.ModificationName": "CWE Content Team",
  "ContentHistory.24.ModificationOrganization": "MITRE",
  "ContentHistory.24.ModificationDate": "2023-10-26",
  "ContentHistory.24.ModificationComment": "updated Observed_Examples",
  "ContentHistory.25.Type": "Modification",
  "ContentHistory.25.ModificationName": "CWE Content Team",
  "ContentHistory.25.ModificationOrganization": "MITRE",
  "ContentHistory.25.ModificationDate": "2024-02-29",
  "ContentHistory.25.ModificationComment": "updated Observed_Examples",
  "ContentHistory.25.ModificationVersion": "4.14",
  "ContentHistory.25.ModificationReleaseDate": "2024-02-29",
  "ContentHistory.26.Type": "Modification",
  "ContentHistory.26.ModificationName": "CWE Content Team",
  "ContentHistory.26.ModificationOrganization": "MITRE",
  "ContentHistory.26.ModificationDate": "2024-07-16",
  "ContentHistory.26.ModificationComment": "updated Common_Consequences, Description, Diagram, Modes_of_Introduction, Potential_Mitigations, Time_of_Introduction",
  "ContentHistory.26.ModificationVersion": "4.15",
  "ContentHistory.26.ModificationReleaseDate": "2024-07-16",
  "ContentHistory.27.Type": "Modification",
  "ContentHistory.27.ModificationName": "CWE Content Team",
  "ContentHistory.27.ModificationOrganization": "MITRE",
  "ContentHistory.27.ModificationDate": "2024-11-19",
  "ContentHistory.27.ModificationComment": "updated Relationships",
  "ContentHistory.27.ModificationVersion": "4.16",
  "ContentHistory.27.ModificationReleaseDate": "2024-11-19",
  "ContentHistory.28.Type": "Modification",
  "ContentHistory.28.ModificationName": "CWE Content Team",
  "ContentHistory.28.ModificationOrganization": "MITRE",
  "ContentHistory.28.ModificationDate": "2025-04-03",
  "ContentHistory.28.ModificationComment": "updated Observed_Examples",
  "ContentHistory.28.ModificationVersion": "4.17",
  "ContentHistory.28.ModificationReleaseDate": "2025-04-03",
  "ContentHistory.29.Type": "Contribution",
  "ContentHistory.29.ContributionName": "\"Mapping CWE to 62443\" Sub-Working Group",
  "ContentHistory.29.ContributionOrganization": "CWE-CAPEC ICS/OT SIG",
  "ContentHistory.29.ContributionDate": "2023-04-25",
  "ContentHistory.29.ContributionComment": "Suggested mappings to ISA/IEC 62443.",
  "ContentHistory.29.ContributionType": "Content",
  "ContentHistory.30.Type": "Contribution",
  "ContentHistory.30.ContributionName": "Abhi Balakrishnan",
  "ContentHistory.30.ContributionDate": "2024-02-29",
  "ContentHistory.30.ContributionComment": "Provided diagram to improve CWE usability",
  "ContentHistory.30.ContributionType": "Content",
  "ContentHistory.30.ContributionVersion": "4.15",
  "ContentHistory.30.ContributionReleaseDate": "2024-07-16",
  "ContentHistory.31.Type": "Rename",
  "ContentHistory.31.PreviousEntryName": "No Authentication for Critical Function",
  "ContentHistory.31.Date": "2010-02-16"
}