{
  "ID": "89",
  "Name": "Improper Neutralization of Special Elements used in an SQL Command ('SQL Injection')",
  "Abstraction": "Base",
  "Structure": "Simple",
  "Status": "Stable",
  "Diagram": "/data/images/CWE-89-Diagram.png",
  "Description": "The product constructs all or part of an SQL command using externally-influenced input from an upstream component, but it does not neutralize or incorrectly neutralizes special elements that could modify the intended SQL command when it is sent to a downstream component. Without sufficient removal or quoting of SQL syntax in user-controllable inputs, the generated SQL query can cause those inputs to be interpreted as SQL instead of ordinary user data.",
  "LikelihoodOfExploit": "High",
  "RelatedWeaknesses.0.Nature": "ChildOf",
  "RelatedWeaknesses.0.CweID": "943",
  "RelatedWeaknesses.0.ViewID": "1000",
  "RelatedWeaknesses.0.Ordinal": "Primary",
  "RelatedWeaknesses.1.Nature": "ChildOf",
  "RelatedWeaknesses.1.CweID": "74",
  "RelatedWeaknesses.1.ViewID": "1003",
  "RelatedWeaknesses.1.Ordinal": "Primary",
  "ApplicablePlatforms.0.Type": "Language",
  "ApplicablePlatforms.0.Class": "Not Language-Specific",
  "ApplicablePlatforms.0.Prevalence": "Undetermined",
  "ApplicablePlatforms.1.Type": "Language",
  "ApplicablePlatforms.1.Name": "SQL",
  "ApplicablePlatforms.1.Prevalence": "Often",
  "ApplicablePlatforms.2.Type": "Technology",
  "ApplicablePlatforms.2.Name": "Database Server",
  "ApplicablePlatforms.2.Prevalence": "Undetermined",
  "AlternateTerms.0.Term": "SQL injection",
  "AlternateTerms.0.Description": "a common attack-oriented phrase",
  "AlternateTerms.1.Term": "SQLi",
  "AlternateTerms.1.Description": "a common abbreviation for \"SQL injection\"",
  "ModesOfIntroduction.0.Phase": "Implementation",
  "ModesOfIntroduction.0.Note": "REALIZATION: This weakness is caused during implementation of an architectural security tactic.",
  "ModesOfIntroduction.1.Phase": "Implementation",
  "ModesOfIntroduction.1.Note": "This weakness typically appears in data-rich applications that save user inputs in a database.",
  "CommonConsequences.0.Scope.0": "Confidentiality",
  "CommonConsequences.0.Scope.1": "Integrity",
  "CommonConsequences.0.Scope.2": "Availability",
  "CommonConsequences.0.Impact.0": "Execute Unauthorized Code or Commands",
  "CommonConsequences.0.Note": "Adversaries could execute system commands, typically by changing the SQL statement to redirect output to a file that can then be executed.",
  "CommonConsequences.1.Scope.0": "Confidentiality",
  "CommonConsequences.1.Impact.0": "Read Application Data",
  "CommonConsequences.1.Note": "Since SQL databases generally hold sensitive data, loss of confidentiality is a frequent problem with SQL injection vulnerabilities.",
  "CommonConsequences.2.Scope.0": "Authentication",
  "CommonConsequences.2.Impact.0": "Gain Privileges or Assume Identity",
  "CommonConsequences.2.Impact.1": "Bypass Protection Mechanism",
  "CommonConsequences.2.Note": "If poor SQL commands are used to check user names and passwords or perform other kinds of authentication, it may be possible to connect to the product as another user with no previous knowledge of the password.",
  "CommonConsequences.3.Scope.0": "Access Control",
  "CommonConsequences.3.Impact.0": "Bypass Protection Mechanism",
  "CommonConsequences.3.Note": "If authorization information is held in a SQL database, it may be possible to change this information through the successful exploitation of a SQL injection vulnerability.",
  "CommonConsequences.4.Scope.0": "Integrity",
  "CommonConsequences.4.Impact.0": "Modify Application Data",
  "CommonConsequences.4.Note": "Just as it may be possible to read sensitive information, it is also possible to modify or even delete this information with a SQL injection attack.",
  "DetectionMethods.0.DetectionMethodID": "DM-1",
  "DetectionMethods.0.Method": "Automated Static Analysis",
  "DetectionMethods.0.Description": "\n\nThis weakness can often be detected using automated static analysis tools. Many modern tools use data flow analysis or constraint-based techniques to minimize the number of false positives.\n\n\nAutomated static analysis might not be able to recognize when proper input validation is being performed, leading to false positives - i.e., warnings that do not have any security consequences or do not require any code changes.\n\n\nAutomated static analysis might not be able to detect the usage of custom API functions or third-party libraries that indirectly invoke SQL commands, leading to false negatives - especially if the API/library code is not available for analysis.\n",
  "DetectionMethods.0.EffectivenessNotes": "This is not a perfect solution, since 100% accuracy and coverage are not feasible.",
  "DetectionMethods.1.DetectionMethodID": "DM-2",
  "DetectionMethods.1.Method": "Automated Dynamic Analysis",
  "DetectionMethods.1.Description": "This weakness can be detected using dynamic tools and techniques that interact with the software using large test suites with many diverse inputs, such as fuzz testing (fuzzing), robustness testing, and fault injection. The software's operation may slow down, but it should not become unstable, crash, or generate incorrect results.",
  "DetectionMethods.1.Effectiveness": "Moderate",
  "DetectionMethods.2.DetectionMethodID": "DM-9",
  "DetectionMethods.2.Method": "Manual Analysis",
  "DetectionMethods.2.Description": "Manual analysis can be useful for finding this weakness, but it might not achieve desired code coverage within limited time constraints. This becomes difficult for weaknesses that must be considered for all inputs, since the attack surface can be too large.",
  "DetectionMethods.3.Method": "Automated Static Analysis - Binary or Bytecode",
  "DetectionMethods.3.Description": "\n\nAccording to SOAR, the following detection techniques may be useful:\n\n```\n\t\tHighly cost effective:\n```\n\n\t\tBytecode Weakness Analysis - including disassembler + source code weakness analysis\n\t\tBinary Weakness Analysis - including disassembler + source code weakness analysis",
  "DetectionMethods.3.Effectiveness": "High",
  "DetectionMethods.4.Method": "Dynamic Analysis with Automated Results Interpretation",
  "DetectionMethods.4.Description": "\n\nAccording to SOAR, the following detection techniques may be useful:\n\n```\n\t\tHighly cost effective:\n```\n\n\t\tDatabase Scanners\n\t```\n\t\tCost effective for partial coverage:\n```\n\n\t\tWeb Application Scanner\n\t\tWeb Services Scanner",
  "DetectionMethods.4.Effectiveness": "High",
  "DetectionMethods.5.Method": "Dynamic Analysis with Manual Results Interpretation",
  "DetectionMethods.5.Description": "\n\nAccording to SOAR, the following detection techniques may be useful:\n\n```\n\t\tCost effective for partial coverage:\n```\n\n\t\tFuzz Tester\n\t\tFramework-based Fuzzer",
  "DetectionMethods.5.Effectiveness": "SOAR Partial",
  "DetectionMethods.6.Method": "Manual Static Analysis - Source Code",
  "DetectionMethods.6.Description": "\n\nAccording to SOAR, the following detection techniques may be useful:\n\n```\n\t\tHighly cost effective:\n```\n\n\t\tManual Source Code Review (not inspections)\n\t```\n\t\tCost effective for partial coverage:\n```\n\n\t\tFocused Manual Spotcheck - Focused manual analysis of source",
  "DetectionMethods.6.Effectiveness": "High",
  "DetectionMethods.7.Method": "Automated Static Analysis - Source Code",
  "DetectionMethods.7.Description": "\n\nAccording to SOAR, the following detection techniques may be useful:\n\n```\n\t\tHighly cost effective:\n```\n\n\t\tSource code Weakness Analyzer\n\t\tContext-configured Source Code Weakness Analyzer",
  "DetectionMethods.7.Effectiveness": "High",
  "DetectionMethods.8.Method": "Architecture or Design Review",
  "DetectionMethods.8.Description": "\n\nAccording to SOAR, the following detection techniques may be useful:\n\n```\n\t\tHighly cost effective:\n```\n\n\t\tFormal Methods / Correct-By-Construction\n\t```\n\t\tCost effective for partial coverage:\n```\n\n\t\tInspection (IEEE 1028 standard) (can apply to requirements, design, source code, etc.)",
  "DetectionMethods.8.Effectiveness": "High",
  "PotentialMitigations.0.MitigationID": "MIT-4",
  "PotentialMitigations.0.Phase.0": "Architecture and Design",
  "PotentialMitigations.0.Strategy": "Libraries or Frameworks",
  "PotentialMitigations.0.Description": "\n\nUse a vetted library or framework that does not allow this weakness to occur or provides constructs that make this weakness easier to avoid.\n\n\nFor example, consider using persistence layers such as Hibernate or Enterprise Java Beans, which can provide significant protection against SQL injection if used properly.\n",
  "PotentialMitigations.1.MitigationID": "MIT-27",
  "PotentialMitigations.1.Phase.0": "Architecture and Design",
  "PotentialMitigations.1.Strategy": "Parameterization",
  "PotentialMitigations.1.Description": "\n\nIf available, use structured mechanisms that automatically enforce the separation between data and code. These mechanisms may be able to provide the relevant quoting, encoding, and validation automatically, instead of relying on the developer to provide this capability at every point where output is generated.\n\n\nProcess SQL queries using prepared statements, parameterized queries, or stored procedures. These features should accept parameters or variables and support strong typing. Do not dynamically construct and execute query strings within these features using \"exec\" or similar functionality, since this may re-introduce the possibility of SQL injection. [REF-867]\n",
  "PotentialMitigations.2.MitigationID": "MIT-17",
  "PotentialMitigations.2.Phase.0": "Architecture and Design",
  "PotentialMitigations.2.Phase.1": "Operation",
  "PotentialMitigations.2.Strategy": "Environment Hardening",
  "PotentialMitigations.2.Description": "\n\nRun your code using the lowest privileges that are required to accomplish the necessary tasks [REF-76]. If possible, create isolated accounts with limited privileges that are only used for a single task. That way, a successful attack will not immediately give the attacker access to the rest of the software or its environment. For example, database applications rarely need to run as the database administrator, especially in day-to-day operations.\n\n\nSpecifically, follow the principle of least privilege when creating user accounts to a SQL database. The database users should only have the minimum privileges necessary to use their account. If the requirements of the system indicate that a user can read and modify their own data, then limit their privileges so they cannot read/write others' data. Use the strictest permissions possible on all database objects, such as execute-only for stored procedures.\n",
  "PotentialMitigations.3.MitigationID": "MIT-15",
  "PotentialMitigations.3.Phase.0": "Architecture and Design",
  "PotentialMitigations.3.Description": "For any security checks that are performed on the client side, ensure that these checks are duplicated on the server side, in order to avoid CWE-602. Attackers can bypass the client-side checks by modifying values after the checks have been performed, or by changing the client to remove the client-side checks entirely. Then, these modified values would be submitted to the server.",
  "PotentialMitigations.4.MitigationID": "MIT-28",
  "PotentialMitigations.4.Phase.0": "Implementation",
  "PotentialMitigations.4.Strategy": "Output Encoding",
  "PotentialMitigations.4.Description": "\n\nWhile it is risky to use dynamically-generated query strings, code, or commands that mix control and data together, sometimes it may be unavoidable. Properly quote arguments and escape any special characters within those arguments. The most conservative approach is to escape or filter all characters that do not pass an extremely strict allowlist (such as everything that is not alphanumeric or white space). If some special characters are still needed, such as white space, wrap each argument in quotes after the escaping/filtering step. Be careful of argument injection (CWE-88).\n\n\nInstead of building a new implementation, such features may be available in the database or programming language. For example, the Oracle DBMS_ASSERT package can check or enforce that parameters have certain properties that make them less vulnerable to SQL injection. For MySQL, the mysql_real_escape_string() API function is available in both C and PHP.\n",
  "PotentialMitigations.5.MitigationID": "MIT-5",
  "PotentialMitigations.5.Phase.0": "Implementation",
  "PotentialMitigations.5.Strategy": "Input Validation",
  "PotentialMitigations.5.Description": "\n\nAssume all input is malicious. Use an \"accept known good\" input validation strategy, i.e., use a list of acceptable inputs that strictly conform to specifications. Reject any input that does not strictly conform to specifications, or transform it into something that does.\n\n\nWhen performing input validation, consider all potentially relevant properties, including length, type of input, the full range of acceptable values, missing or extra inputs, syntax, consistency across related fields, and conformance to business rules. As an example of business rule logic, \"boat\" may be syntactically valid because it only contains alphanumeric characters, but it is not valid if the input is only expected to contain colors such as \"red\" or \"blue.\"\n\n\nDo not rely exclusively on looking for malicious or malformed inputs. This is likely to miss at least one undesirable input, especially if the code's environment changes. This can give attackers enough room to bypass the intended validation. However, denylists can be useful for detecting potential attacks or determining which inputs are so malformed that they should be rejected outright.\n\n\nWhen constructing SQL query strings, use stringent allowlists that limit the character set based on the expected value of the parameter in the request. This will indirectly limit the scope of an attack, but this technique is less important than proper output encoding and escaping.\n\n\nNote that proper output encoding, escaping, and quoting is the most effective solution for preventing SQL injection, although input validation may provide some defense-in-depth. This is because it effectively limits what will appear in output. Input validation will not always prevent SQL injection, especially if you are required to support free-form text fields that could contain arbitrary characters. For example, the name \"O'Reilly\" would likely pass the validation step, since it is a common last name in the English language. However, it cannot be directly inserted into the database because it contains the \"'\" apostrophe character, which would need to be escaped or otherwise handled. In this case, stripping the apostrophe might reduce the risk of SQL injection, but it would produce incorrect behavior because the wrong name would be recorded.\n\n\nWhen feasible, it may be safest to disallow meta-characters entirely, instead of escaping them. This will provide some defense in depth. After the data is entered into the database, later processes may neglect to escape meta-characters before use, and you may not have control over those processes.\n",
  "PotentialMitigations.6.MitigationID": "MIT-21",
  "PotentialMitigations.6.Phase.0": "Architecture and Design",
  "PotentialMitigations.6.Strategy": "Enforcement by Conversion",
  "PotentialMitigations.6.Description": "When the set of acceptable objects, such as filenames or URLs, is limited or known, create a mapping from a set of fixed input values (such as numeric IDs) to the actual filenames or URLs, and reject all other inputs.",
  "PotentialMitigations.7.MitigationID": "MIT-39",
  "PotentialMitigations.7.Phase.0": "Implementation",
  "PotentialMitigations.7.Description": "\n\nEnsure that error messages only contain minimal details that are useful to the intended audience and no one else. The messages need to strike the balance between being too cryptic (which can confuse users) or being too detailed (which may reveal more than intended). The messages should not reveal the methods that were used to determine the error. Attackers can use detailed information to refine or optimize their original attack, thereby increasing their chances of success.\n\n\nIf errors must be captured in some detail, record them in log messages, but consider what could occur if the log messages can be viewed by attackers. Highly sensitive information such as passwords should never be saved to log files.\n\n\nAvoid inconsistent messaging that might accidentally tip off an attacker about internal state, such as whether a user account exists or not.\n\n\nIn the context of SQL Injection, error messages revealing the structure of a SQL query can help attackers tailor successful attack strings.\n",
  "PotentialMitigations.8.MitigationID": "MIT-29",
  "PotentialMitigations.8.Phase.0": "Operation",
  "PotentialMitigations.8.Strategy": "Firewall",
  "PotentialMitigations.8.Description": "Use an application firewall that can detect attacks against this weakness. It can be beneficial in cases in which the code cannot be fixed (because it is controlled by a third party), as an emergency prevention measure while more comprehensive software assurance measures are applied, or to provide defense in depth.",
  "PotentialMitigations.8.Effectiveness": "Moderate",
  "PotentialMitigations.8.EffectivenessNotes": "An application firewall might not cover all possible input vectors. In addition, attack techniques might be available to bypass the protection mechanism, such as using malformed inputs that can still be processed by the component that receives those inputs. Depending on functionality, an application firewall might inadvertently reject or modify legitimate requests. Finally, some manual effort may be required for customization.",
  "PotentialMitigations.9.MitigationID": "MIT-16",
  "PotentialMitigations.9.Phase.0": "Operation",
  "PotentialMitigations.9.Phase.1": "Implementation",
  "PotentialMitigations.9.Strategy": "Environment Hardening",
  "PotentialMitigations.9.Description": "When using PHP, configure the application so that it does not use register_globals. During implementation, develop the application so that it does not rely on this feature, but be wary of implementing a register_globals emulation that is subject to weaknesses such as CWE-95, CWE-621, and similar issues.",
  "DemonstrativeExamples.0.Entries.0.IntroText": "In 2008, a large number of web servers were compromised using the same SQL injection attack string. This single string worked against many different programs. The SQL injection was then used to modify the web sites to serve malicious code.",
  "DemonstrativeExamples.1.ID": "DX-209",
  "DemonstrativeExamples.1.Entries.0.IntroText": "The following code dynamically constructs and executes a SQL query that searches for items matching a specified name. The query restricts the items displayed to those where owner matches the user name of the currently-authenticated user.",
  "DemonstrativeExamples.1.Entries.1.Nature": "Bad",
  "DemonstrativeExamples.1.Entries.1.Language": "C#",
  "DemonstrativeExamples.1.Entries.1.ExampleCode": "```\n\t...\n\tstring userName = ctx.getAuthenticatedUserName();\n\tstring query = \"SELECT * FROM items WHERE owner = '\" + userName + \"' AND itemname = '\" + ItemName.Text + \"'\";\n\tsda = new SqlDataAdapter(query, conn);\n\tDataTable dt = new DataTable();\n\tsda.Fill(dt);\n\t...\n```",
  "DemonstrativeExamples.1.Entries.2.BodyText": "The query that this code intends to execute follows:",
  "DemonstrativeExamples.1.Entries.3.Nature": "Informative",
  "DemonstrativeExamples.1.Entries.3.ExampleCode": "```\n\tSELECT * FROM items WHERE owner = <userName> AND itemname = <itemName>;\n```",
  "DemonstrativeExamples.1.Entries.4.BodyText": "However, because the query is constructed dynamically by concatenating a constant base query string and a user input string, the query only behaves correctly if itemName does not contain a single-quote character. If an attacker with the user name wiley enters the string:",
  "DemonstrativeExamples.1.Entries.5.Nature": "Attack",
  "DemonstrativeExamples.1.Entries.5.ExampleCode": "```\n\tname' OR 'a'='a\n```",
  "DemonstrativeExamples.1.Entries.6.BodyText": "for itemName, then the query becomes the following:",
  "DemonstrativeExamples.1.Entries.7.Nature": "Attack",
  "DemonstrativeExamples.1.Entries.7.ExampleCode": "```\n\tSELECT * FROM items WHERE owner = 'wiley' AND itemname = 'name' OR 'a'='a';\n```",
  "DemonstrativeExamples.1.Entries.8.BodyText": "The addition of the:",
  "DemonstrativeExamples.1.Entries.9.Nature": "Attack",
  "DemonstrativeExamples.1.Entries.9.ExampleCode": "```\n\tOR 'a'='a\n```",
  "DemonstrativeExamples.1.Entries.10.BodyText": "condition causes the WHERE clause to always evaluate to true, so the query becomes logically equivalent to the much simpler query:",
  "DemonstrativeExamples.1.Entries.11.Nature": "Attack",
  "DemonstrativeExamples.1.Entries.11.ExampleCode": "```\n\tSELECT * FROM items;\n```",
  "DemonstrativeExamples.1.Entries.12.BodyText": "This simplification of the query allows the attacker to bypass the requirement that the query only return items owned by the authenticated user; the query now returns all entries stored in the items table, regardless of their specified owner.",
  "DemonstrativeExamples.2.Entries.0.IntroText": "This example examines the effects of a different malicious value passed to the query constructed and executed in the previous example.",
  "DemonstrativeExamples.2.Entries.1.BodyText": "If an attacker with the user name wiley enters the string:",
  "DemonstrativeExamples.2.Entries.2.Nature": "Attack",
  "DemonstrativeExamples.2.Entries.2.ExampleCode": "```\n\tname'; DELETE FROM items; --\n```",
  "DemonstrativeExamples.2.Entries.3.BodyText": "for itemName, then the query becomes the following two queries:",
  "DemonstrativeExamples.2.Entries.4.Nature": "Attack",
  "DemonstrativeExamples.2.Entries.4.Language": "SQL",
  "DemonstrativeExamples.2.Entries.4.ExampleCode": "```\n\tSELECT * FROM items WHERE owner = 'wiley' AND itemname = 'name';\n\tDELETE FROM items;\n```\n--'*",
  "DemonstrativeExamples.2.Entries.5.BodyText": "Many database servers, including Microsoft(R) SQL Server 2000, allow multiple SQL statements separated by semicolons to be executed at once. While this attack string results in an error on Oracle and other database servers that do not allow the batch-execution of statements separated by semicolons, on databases that do allow batch execution, this type of attack allows the attacker to execute arbitrary commands against the database.",
  "DemonstrativeExamples.2.Entries.6.BodyText": "Notice the trailing pair of hyphens (--), which specifies to most database servers that the remainder of the statement is to be treated as a comment and not executed. In this case the comment character serves to remove the trailing single-quote left over from the modified query. On a database where comments are not allowed to be used in this way, the general attack could still be made effective using a trick similar to the one shown in the previous example.",
  "DemonstrativeExamples.2.Entries.7.BodyText": "If an attacker enters the string",
  "DemonstrativeExamples.2.Entries.8.Nature": "Attack",
  "DemonstrativeExamples.2.Entries.8.ExampleCode": "```\n\tname'; DELETE FROM items; SELECT * FROM items WHERE 'a'='a\n```",
  "DemonstrativeExamples.2.Entries.9.BodyText": "Then the following three valid statements will be created:",
  "DemonstrativeExamples.2.Entries.10.Nature": "Attack",
  "DemonstrativeExamples.2.Entries.10.ExampleCode": "```\n\tSELECT * FROM items WHERE owner = 'wiley' AND itemname = 'name';\n\tDELETE FROM items;\n\tSELECT * FROM items WHERE 'a'='a';\n```",
  "DemonstrativeExamples.2.Entries.11.BodyText": "One traditional approach to preventing SQL injection attacks is to handle them as an input validation problem and either accept only characters from an allowlist of safe values or identify and escape a denylist of potentially malicious values. Allowlists can be a very effective means of enforcing strict input validation rules, but parameterized SQL statements require less maintenance and can offer more guarantees with respect to security. As is almost always the case, denylisting is riddled with loopholes that make it ineffective at preventing SQL injection attacks. For example, attackers can:",
  "DemonstrativeExamples.2.Entries.12.BodyText": "- Target fields that are not quoted\n\n  - Find ways to bypass the need for certain escaped meta-characters\n\n  - Use stored procedures to hide the injected meta-characters.",
  "DemonstrativeExamples.2.Entries.13.BodyText": "Manually escaping characters in input to SQL queries can help, but it will not make your application secure from SQL injection attacks.",
  "DemonstrativeExamples.2.Entries.14.BodyText": "Another solution commonly proposed for dealing with SQL injection attacks is to use stored procedures. Although stored procedures prevent some types of SQL injection attacks, they do not protect against many others. For example, the following PL/SQL procedure is vulnerable to the same SQL injection attack shown in the first example.",
  "DemonstrativeExamples.2.Entries.15.Nature": "Bad",
  "DemonstrativeExamples.2.Entries.15.Language": "SQL",
  "DemonstrativeExamples.2.Entries.15.ExampleCode": "```\n\tprocedure get_item ( itm_cv IN OUT ItmCurTyp, usr in varchar2, itm in varchar2)\n\tis open itm_cv for\n\t' SELECT * FROM items WHERE ' || 'owner = '|| usr || ' AND itemname = ' || itm || ';\n\tend get_item;\n```",
  "DemonstrativeExamples.2.Entries.16.BodyText": "Stored procedures typically help prevent SQL injection attacks by limiting the types of statements that can be passed to their parameters. However, there are many ways around the limitations and many interesting statements that can still be passed to stored procedures. Again, stored procedures can prevent some exploits, but they will not make your application secure against SQL injection attacks.",
  "DemonstrativeExamples.3.Entries.0.IntroText": "MS SQL has a built in function that enables shell command execution. An SQL injection in such a context could be disastrous. For example, a query of the form:",
  "DemonstrativeExamples.3.Entries.1.Nature": "Bad",
  "DemonstrativeExamples.3.Entries.1.Language": "SQL",
  "DemonstrativeExamples.3.Entries.1.ExampleCode": "```\n\tSELECT ITEM,PRICE FROM PRODUCT WHERE ITEM_CATEGORY='$user_input' ORDER BY PRICE\n```",
  "DemonstrativeExamples.3.Entries.2.BodyText": "Where $user_input is taken from an untrusted source.",
  "DemonstrativeExamples.3.Entries.3.BodyText": "If the user provides the string:",
  "DemonstrativeExamples.3.Entries.4.Nature": "Attack",
  "DemonstrativeExamples.3.Entries.4.ExampleCode": "```\n\t'; exec master..xp_cmdshell 'dir' --\n```",
  "DemonstrativeExamples.3.Entries.5.BodyText": "The query will take the following form:",
  "DemonstrativeExamples.3.Entries.6.Nature": "Attack",
  "DemonstrativeExamples.3.Entries.6.ExampleCode": "```\n\tSELECT ITEM,PRICE FROM PRODUCT WHERE ITEM_CATEGORY=''; exec master..xp_cmdshell 'dir' --' ORDER BY PRICE\n```",
  "DemonstrativeExamples.3.Entries.7.BodyText": "Now, this query can be broken down into:",
  "DemonstrativeExamples.3.Entries.8.BodyText": "1. a first SQL query: SELECT ITEM,PRICE FROM PRODUCT WHERE ITEM_CATEGORY='';\n\n  1. a second SQL query, which executes the dir command in the shell: exec master..xp_cmdshell 'dir'\n\n  1. an MS SQL comment: --' ORDER BY PRICE",
  "DemonstrativeExamples.3.Entries.9.BodyText": "As can be seen, the malicious input changes the semantics of the query into a query, a shell command execution and a comment.",
  "DemonstrativeExamples.4.Entries.0.IntroText": "This code intends to print a message summary given the message ID.",
  "DemonstrativeExamples.4.Entries.1.Nature": "Bad",
  "DemonstrativeExamples.4.Entries.1.Language": "PHP",
  "DemonstrativeExamples.4.Entries.1.ExampleCode": "```\n\t$id = $_COOKIE[\"mid\"];\n\tmysql_query(\"SELECT MessageID, Subject FROM messages WHERE MessageID = '$id'\");\n```",
  "DemonstrativeExamples.4.Entries.2.BodyText": "The programmer may have skipped any input validation on $id under the assumption that attackers cannot modify the cookie. However, this is easy to do with custom client code or even in the web browser.",
  "DemonstrativeExamples.4.Entries.3.BodyText": "While $id is wrapped in single quotes in the call to mysql_query(), an attacker could simply change the incoming mid cookie to:",
  "DemonstrativeExamples.4.Entries.4.Nature": "Attack",
  "DemonstrativeExamples.4.Entries.4.ExampleCode": "```\n\t1432' or '1' = '1\n```",
  "DemonstrativeExamples.4.Entries.5.BodyText": "This would produce the resulting query:",
  "DemonstrativeExamples.4.Entries.6.Nature": "Result",
  "DemonstrativeExamples.4.Entries.6.ExampleCode": "```\n\tSELECT MessageID, Subject FROM messages WHERE MessageID = '1432' or '1' = '1'\n```",
  "DemonstrativeExamples.4.Entries.7.BodyText": "Not only will this retrieve message number 1432, it will retrieve all other messages.",
  "DemonstrativeExamples.4.Entries.8.BodyText": "In this case, the programmer could apply a simple modification to the code to eliminate the SQL injection:",
  "DemonstrativeExamples.4.Entries.9.Nature": "Good",
  "DemonstrativeExamples.4.Entries.9.Language": "PHP",
  "DemonstrativeExamples.4.Entries.9.ExampleCode": "```\n\t$id = intval($_COOKIE[\"mid\"]);\n\tmysql_query(\"SELECT MessageID, Subject FROM messages WHERE MessageID = '$id'\");\n```",
  "DemonstrativeExamples.4.Entries.10.BodyText": "However, if this code is intended to support multiple users with different message boxes, the code might also need an access control check (CWE-285) to ensure that the application user has the permission to see that message.",
  "DemonstrativeExamples.5.Entries.0.IntroText": "This example attempts to take a last name provided by a user and enter it into a database.",
  "DemonstrativeExamples.5.Entries.1.Nature": "Bad",
  "DemonstrativeExamples.5.Entries.1.Language": "Perl",
  "DemonstrativeExamples.5.Entries.1.ExampleCode": "```\n\t$userKey = getUserID();\n\t$name = getUserInput();\n```\n# ensure only letters, hyphens and apostrophe are allowed* \n\t$name = allowList($name, \"^a-zA-z'-$\");\n\t$query = \"INSERT INTO last_names VALUES('$userKey', '$name')\";",
  "DemonstrativeExamples.5.Entries.2.BodyText": "While the programmer applies an allowlist to the user input, it has shortcomings. First of all, the user is still allowed to provide hyphens, which are used as comment structures in SQL. If a user specifies \"--\" then the remainder of the statement will be treated as a comment, which may bypass security logic. Furthermore, the allowlist permits the apostrophe, which is also a data / command separator in SQL. If a user supplies a name with an apostrophe, they may be able to alter the structure of the whole statement and even change control flow of the program, possibly accessing or modifying confidential information. In this situation, both the hyphen and apostrophe are legitimate characters for a last name and permitting them is required. Instead, a programmer may want to use a prepared statement or apply an encoding routine to the input to prevent any data / directive misinterpretations.",
  "ObservedExamples.0.Reference": "CVE-2023-32530",
  "ObservedExamples.0.Description": "SQL injection in security product dashboard using crafted certificate fields",
  "ObservedExamples.0.Link": "https://www.cve.org/CVERecord?id=CVE-2023-32530",
  "ObservedExamples.1.Reference": "CVE-2021-42258",
  "ObservedExamples.1.Description": "SQL injection in time and billing software, as exploited in the wild per CISA KEV.",
  "ObservedExamples.1.Link": "https://www.cve.org/CVERecord?id=CVE-2021-42258",
  "ObservedExamples.2.Reference": "CVE-2021-27101",
  "ObservedExamples.2.Description": "SQL injection in file-transfer system via a crafted Host header, as exploited in the wild per CISA KEV.",
  "ObservedExamples.2.Link": "https://www.cve.org/CVERecord?id=CVE-2021-27101",
  "ObservedExamples.3.Reference": "CVE-2020-12271",
  "ObservedExamples.3.Description": "SQL injection in firewall product's admin interface or user portal, as exploited in the wild per CISA KEV.",
  "ObservedExamples.3.Link": "https://www.cve.org/CVERecord?id=CVE-2020-12271",
  "ObservedExamples.4.Reference": "CVE-2019-3792",
  "ObservedExamples.4.Description": "An automation system written in Go contains an API that is vulnerable to SQL injection allowing the attacker to read privileged data.",
  "ObservedExamples.4.Link": "https://www.cve.org/CVERecord?id=CVE-2019-3792",
  "ObservedExamples.5.Reference": "CVE-2004-0366",
  "ObservedExamples.5.Description": "chain: SQL injection in library intended for database authentication allows SQL injection and authentication bypass.",
  "ObservedExamples.5.Link": "https://www.cve.org/CVERecord?id=CVE-2004-0366",
  "ObservedExamples.6.Reference": "CVE-2008-2790",
  "ObservedExamples.6.Description": "SQL injection through an ID that was supposed to be numeric.",
  "ObservedExamples.6.Link": "https://www.cve.org/CVERecord?id=CVE-2008-2790",
  "ObservedExamples.7.Reference": "CVE-2008-2223",
  "ObservedExamples.7.Description": "SQL injection through an ID that was supposed to be numeric.",
  "ObservedExamples.7.Link": "https://www.cve.org/CVERecord?id=CVE-2008-2223",
  "ObservedExamples.8.Reference": "CVE-2007-6602",
  "ObservedExamples.8.Description": "SQL injection via user name.",
  "ObservedExamples.8.Link": "https://www.cve.org/CVERecord?id=CVE-2007-6602",
  "ObservedExamples.9.Reference": "CVE-2008-5817",
  "ObservedExamples.9.Description": "SQL injection via user name or password fields.",
  "ObservedExamples.9.Link": "https://www.cve.org/CVERecord?id=CVE-2008-5817",
  "ObservedExamples.10.Reference": "CVE-2003-0377",
  "ObservedExamples.10.Description": "SQL injection in security product, using a crafted group name.",
  "ObservedExamples.10.Link": "https://www.cve.org/CVERecord?id=CVE-2003-0377",
  "ObservedExamples.11.Reference": "CVE-2008-2380",
  "ObservedExamples.11.Description": "SQL injection in authentication library.",
  "ObservedExamples.11.Link": "https://www.cve.org/CVERecord?id=CVE-2008-2380",
  "ObservedExamples.12.Reference": "CVE-2017-11508",
  "ObservedExamples.12.Description": "SQL injection in vulnerability management and reporting tool, using a crafted password.",
  "ObservedExamples.12.Link": "https://www.cve.org/CVERecord?id=CVE-2017-11508",
  "TaxonomyMappings.0.TaxonomyName": "PLOVER",
  "TaxonomyMappings.0.EntryName": "SQL injection",
  "TaxonomyMappings.1.TaxonomyName": "7 Pernicious Kingdoms",
  "TaxonomyMappings.1.EntryName": "SQL Injection",
  "TaxonomyMappings.2.TaxonomyName": "CLASP",
  "TaxonomyMappings.2.EntryName": "SQL injection",
  "TaxonomyMappings.3.TaxonomyName": "OWASP Top Ten 2007",
  "TaxonomyMappings.3.EntryID": "A2",
  "TaxonomyMappings.3.EntryName": "Injection Flaws",
  "TaxonomyMappings.3.MappingFit": "CWE More Specific",
  "TaxonomyMappings.4.TaxonomyName": "OWASP Top Ten 2004",
  "TaxonomyMappings.4.EntryID": "A1",
  "TaxonomyMappings.4.EntryName": "Unvalidated Input",
  "TaxonomyMappings.4.MappingFit": "CWE More Specific",
  "TaxonomyMappings.5.TaxonomyName": "OWASP Top Ten 2004",
  "TaxonomyMappings.5.EntryID": "A6",
  "TaxonomyMappings.5.EntryName": "Injection Flaws",
  "TaxonomyMappings.5.MappingFit": "CWE More Specific",
  "TaxonomyMappings.6.TaxonomyName": "WASC",
  "TaxonomyMappings.6.EntryID": "19",
  "TaxonomyMappings.6.EntryName": "SQL Injection",
  "TaxonomyMappings.7.TaxonomyName": "Software Fault Patterns",
  "TaxonomyMappings.7.EntryID": "SFP24",
  "TaxonomyMappings.7.EntryName": "Tainted input to command",
  "TaxonomyMappings.8.TaxonomyName": "OMG ASCSM",
  "TaxonomyMappings.8.EntryID": "ASCSM-CWE-89",
  "TaxonomyMappings.9.TaxonomyName": "SEI CERT Oracle Coding Standard for Java",
  "TaxonomyMappings.9.EntryID": "IDS00-J",
  "TaxonomyMappings.9.EntryName": "Prevent SQL injection",
  "TaxonomyMappings.9.MappingFit": "Exact",
  "RelatedAttackPatterns.0": "108",
  "RelatedAttackPatterns.1": "109",
  "RelatedAttackPatterns.2": "110",
  "RelatedAttackPatterns.3": "470",
  "RelatedAttackPatterns.4": "66",
  "RelatedAttackPatterns.5": "7",
  "References.0.ExternalReferenceID": "REF-1460",
  "References.0.Authors.0": "rain.forest.puppy",
  "References.0.Title": "NT Web Technology Vulnerabilities",
  "References.0.Publication": "Phrack Issue 54, Volume 8",
  "References.0.PublicationYear": "1998",
  "References.0.PublicationMonth": "12",
  "References.0.PublicationDay": "25",
  "References.0.URL": "https://phrack.org/issues/54/8#article",
  "References.0.URLDate": "2025-03-14",
  "References.1.ExternalReferenceID": "REF-44",
  "References.1.Section": "\"Sin 1: SQL Injection.\" Page 3",
  "References.1.Authors.0": "Michael Howard",
  "References.1.Authors.1": "David LeBlanc",
  "References.1.Authors.2": "John Viega",
  "References.1.Title": "24 Deadly Sins of Software Security",
  "References.1.Publication": "McGraw-Hill",
  "References.1.PublicationYear": "2010",
  "References.2.ExternalReferenceID": "REF-7",
  "References.2.Section": "Chapter 12, \"Database Input Issues\" Page 397",
  "References.2.Authors.0": "Michael Howard",
  "References.2.Authors.1": "David LeBlanc",
  "References.2.Title": "Writing Secure Code",
  "References.2.Edition": "2nd Edition",
  "References.2.PublicationYear": "2002",
  "References.2.PublicationMonth": "12",
  "References.2.PublicationDay": "04",
  "References.2.Publisher": "Microsoft Press",
  "References.2.URL": "https://www.microsoftpressstore.com/store/writing-secure-code-9780735617223",
  "References.3.ExternalReferenceID": "REF-867",
  "References.3.Authors.0": "OWASP",
  "References.3.Title": "SQL Injection Prevention Cheat Sheet",
  "References.3.URL": "http://www.owasp.org/index.php/SQL_Injection_Prevention_Cheat_Sheet",
  "References.4.ExternalReferenceID": "REF-868",
  "References.4.Authors.0": "Steven Friedl",
  "References.4.Title": "SQL Injection Attacks by Example",
  "References.4.PublicationYear": "2007",
  "References.4.PublicationMonth": "10",
  "References.4.PublicationDay": "10",
  "References.4.URL": "http://www.unixwiz.net/techtips/sql-injection.html",
  "References.5.ExternalReferenceID": "REF-869",
  "References.5.Authors.0": "Ferruh Mavituna",
  "References.5.Title": "SQL Injection Cheat Sheet",
  "References.5.PublicationYear": "2007",
  "References.5.PublicationMonth": "03",
  "References.5.PublicationDay": "15",
  "References.5.URL": "https://web.archive.org/web/20080126180244/http://ferruh.mavituna.com/sql-injection-cheatsheet-oku/",
  "References.5.URLDate": "2023-04-07",
  "References.6.ExternalReferenceID": "REF-870",
  "References.6.Authors.0": "David Litchfield",
  "References.6.Authors.1": "Chris Anley",
  "References.6.Authors.2": "John Heasman",
  "References.6.Authors.3": "Bill Grindlay",
  "References.6.Title": "The Database Hacker's Handbook: Defending Database Servers",
  "References.6.PublicationYear": "2005",
  "References.6.PublicationMonth": "07",
  "References.6.PublicationDay": "14",
  "References.6.Publisher": "Wiley",
  "References.7.ExternalReferenceID": "REF-871",
  "References.7.Authors.0": "David Litchfield",
  "References.7.Title": "The Oracle Hacker's Handbook: Hacking and Defending Oracle",
  "References.7.PublicationYear": "2007",
  "References.7.PublicationMonth": "01",
  "References.7.PublicationDay": "30",
  "References.7.Publisher": "Wiley",
  "References.8.ExternalReferenceID": "REF-872",
  "References.8.Authors.0": "Microsoft",
  "References.8.Title": "SQL Injection",
  "References.8.PublicationYear": "2008",
  "References.8.PublicationMonth": "12",
  "References.8.URL": "https://learn.microsoft.com/en-us/previous-versions/sql/sql-server-2008-r2/ms161953(v=sql.105)?redirectedfrom=MSDN",
  "References.8.URLDate": "2023-04-07",
  "References.9.ExternalReferenceID": "REF-873",
  "References.9.Authors.0": "Microsoft Security Vulnerability Research & Defense",
  "References.9.Title": "SQL Injection Attack",
  "References.9.URL": "https://msrc.microsoft.com/blog/2008/05/sql-injection-attack/",
  "References.9.URLDate": "2023-04-07",
  "References.10.ExternalReferenceID": "REF-874",
  "References.10.Authors.0": "Michael Howard",
  "References.10.Title": "Giving SQL Injection the Respect it Deserves",
  "References.10.PublicationYear": "2008",
  "References.10.PublicationMonth": "05",
  "References.10.PublicationDay": "15",
  "References.10.URL": "https://learn.microsoft.com/en-us/archive/blogs/michael_howard/giving-sql-injection-the-respect-it-deserves",
  "References.10.URLDate": "2023-04-07",
  "References.11.ExternalReferenceID": "REF-875",
  "References.11.Authors.0": "Frank Kim",
  "References.11.Title": "Top 25 Series - Rank 2 - SQL Injection",
  "References.11.PublicationYear": "2010",
  "References.11.PublicationMonth": "03",
  "References.11.PublicationDay": "01",
  "References.11.Publisher": "SANS Software Security Institute",
  "References.11.URL": "https://www.sans.org/blog/top-25-series-rank-2-sql-injection/",
  "References.11.URLDate": "2023-04-07",
  "References.12.ExternalReferenceID": "REF-76",
  "References.12.Authors.0": "Sean Barnum",
  "References.12.Authors.1": "Michael Gegick",
  "References.12.Title": "Least Privilege",
  "References.12.PublicationYear": "2005",
  "References.12.PublicationMonth": "09",
  "References.12.PublicationDay": "14",
  "References.12.URL": "https://web.archive.org/web/20211209014121/https://www.cisa.gov/uscert/bsi/articles/knowledge/principles/least-privilege",
  "References.12.URLDate": "2023-04-07",
  "References.13.ExternalReferenceID": "REF-62",
  "References.13.Section": "Chapter 8, \"SQL Queries\", Page 431",
  "References.13.Authors.0": "Mark Dowd",
  "References.13.Authors.1": "John McDonald",
  "References.13.Authors.2": "Justin Schuh",
  "References.13.Title": "The Art of Software Security Assessment",
  "References.13.Edition": "1st Edition",
  "References.13.PublicationYear": "2006",
  "References.13.Publisher": "Addison Wesley",
  "References.14.ExternalReferenceID": "REF-62",
  "References.14.Section": "Chapter 17, \"SQL Injection\", Page 1061",
  "References.14.Authors.0": "Mark Dowd",
  "References.14.Authors.1": "John McDonald",
  "References.14.Authors.2": "Justin Schuh",
  "References.14.Title": "The Art of Software Security Assessment",
  "References.14.Edition": "1st Edition",
  "References.14.PublicationYear": "2006",
  "References.14.Publisher": "Addison Wesley",
  "References.15.ExternalReferenceID": "REF-962",
  "References.15.Section": "ASCSM-CWE-89",
  "References.15.Authors.0": "Object Management Group (OMG)",
  "References.15.Title": "Automated Source Code Security Measure (ASCSM)",
  "References.15.PublicationYear": "2016",
  "References.15.PublicationMonth": "01",
  "References.15.URL": "http://www.omg.org/spec/ASCSM/1.0/",
  "References.16.ExternalReferenceID": "REF-1447",
  "References.16.Authors.0": "Cybersecurity and Infrastructure Security Agency",
  "References.16.Title": "Secure by Design Alert: Eliminating SQL Injection Vulnerabilities in Software",
  "References.16.PublicationYear": "2024",
  "References.16.PublicationMonth": "03",
  "References.16.PublicationDay": "25",
  "References.16.URL": "https://www.cisa.gov/resources-tools/resources/secure-design-alert-eliminating-sql-injection-vulnerabilities-software",
  "References.16.URLDate": "2024-07-14",
  "MappingNotes.Usage": "Allowed",
  "MappingNotes.Rationale": "This CWE entry is at the Base level of abstraction, which is a preferred level of abstraction for mapping to the root causes of vulnerabilities.",
  "MappingNotes.Comments": "Carefully read both the name and description to ensure that this mapping is an appropriate fit. Do not try to 'force' a mapping to a lower-level Base/Variant simply to comply with this preferred level of abstraction.",
  "MappingNotes.Reasons.0": "Acceptable-Use",
  "Notes.0.Type": "Relationship",
  "Notes.0.Note": "SQL injection can be resultant from special character mismanagement, MAID, or denylist/allowlist problems. It can be primary to authentication errors.",
  "ContentHistory.0.Type": "Submission",
  "ContentHistory.0.SubmissionName": "PLOVER",
  "ContentHistory.0.SubmissionDate": "2006-07-19",
  "ContentHistory.0.SubmissionVersion": "Draft 3",
  "ContentHistory.0.SubmissionReleaseDate": "2006-07-19",
  "ContentHistory.1.Type": "Modification",
  "ContentHistory.1.ModificationName": "Eric Dalci",
  "ContentHistory.1.ModificationOrganization": "Cigital",
  "ContentHistory.1.ModificationDate": "2008-07-01",
  "ContentHistory.1.ModificationComment": "updated Time_of_Introduction",
  "ContentHistory.1.ModificationVersion": "1.0",
  "ContentHistory.1.ModificationReleaseDate": "2008-09-09",
  "ContentHistory.2.Type": "Modification",
  "ContentHistory.2.ModificationOrganization": "KDM Analytics",
  "ContentHistory.2.ModificationDate": "2008-08-01",
  "ContentHistory.2.ModificationComment": "added/updated white box definitions",
  "ContentHistory.2.ModificationVersion": "1.0",
  "ContentHistory.2.ModificationReleaseDate": "2008-09-09",
  "ContentHistory.3.Type": "Modification",
  "ContentHistory.3.ModificationOrganization": "Veracode",
  "ContentHistory.3.ModificationDate": "2008-08-15",
  "ContentHistory.3.ModificationComment": "Suggested OWASP Top Ten 2004 mapping",
  "ContentHistory.3.ModificationVersion": "1.0",
  "ContentHistory.3.ModificationReleaseDate": "2008-09-09",
  "ContentHistory.4.Type": "Modification",
  "ContentHistory.4.ModificationName": "CWE Content Team",
  "ContentHistory.4.ModificationOrganization": "MITRE",
  "ContentHistory.4.ModificationDate": "2008-09-08",
  "ContentHistory.4.ModificationComment": "updated Applicable_Platforms, Common_Consequences, Modes_of_Introduction, Name, Relationships, Other_Notes, Relationship_Notes, Taxonomy_Mappings",
  "ContentHistory.5.Type": "Modification",
  "ContentHistory.5.ModificationName": "CWE Content Team",
  "ContentHistory.5.ModificationOrganization": "MITRE",
  "ContentHistory.5.ModificationDate": "2008-10-14",
  "ContentHistory.5.ModificationComment": "updated Description",
  "ContentHistory.6.Type": "Modification",
  "ContentHistory.6.ModificationName": "CWE Content Team",
  "ContentHistory.6.ModificationOrganization": "MITRE",
  "ContentHistory.6.ModificationDate": "2008-11-24",
  "ContentHistory.6.ModificationComment": "updated Observed_Examples",
  "ContentHistory.7.Type": "Modification",
  "ContentHistory.7.ModificationName": "CWE Content Team",
  "ContentHistory.7.ModificationOrganization": "MITRE",
  "ContentHistory.7.ModificationDate": "2009-01-12",
  "ContentHistory.7.ModificationComment": "updated Demonstrative_Examples, Description, Enabling_Factors_for_Exploitation, Modes_of_Introduction, Name, Observed_Examples, Other_Notes, Potential_Mitigations, References, Relationships",
  "ContentHistory.8.Type": "Modification",
  "ContentHistory.8.ModificationName": "CWE Content Team",
  "ContentHistory.8.ModificationOrganization": "MITRE",
  "ContentHistory.8.ModificationDate": "2009-03-10",
  "ContentHistory.8.ModificationComment": "updated Potential_Mitigations",
  "ContentHistory.9.Type": "Modification",
  "ContentHistory.9.ModificationName": "CWE Content Team",
  "ContentHistory.9.ModificationOrganization": "MITRE",
  "ContentHistory.9.ModificationDate": "2009-05-27",
  "ContentHistory.9.ModificationComment": "updated Demonstrative_Examples, Name, Related_Attack_Patterns",
  "ContentHistory.10.Type": "Modification",
  "ContentHistory.10.ModificationName": "KDM Analytics",
  "ContentHistory.10.ModificationDate": "2009-07-17",
  "ContentHistory.10.ModificationComment": "Improved the White_Box_Definition",
  "ContentHistory.11.Type": "Modification",
  "ContentHistory.11.ModificationName": "CWE Content Team",
  "ContentHistory.11.ModificationOrganization": "MITRE",
  "ContentHistory.11.ModificationDate": "2009-07-27",
  "ContentHistory.11.ModificationComment": "updated Description, Name, White_Box_Definitions",
  "ContentHistory.12.Type": "Modification",
  "ContentHistory.12.ModificationName": "CWE Content Team",
  "ContentHistory.12.ModificationOrganization": "MITRE",
  "ContentHistory.12.ModificationDate": "2009-12-28",
  "ContentHistory.12.ModificationComment": "updated Potential_Mitigations",
  "ContentHistory.13.Type": "Modification",
  "ContentHistory.13.ModificationName": "CWE Content Team",
  "ContentHistory.13.ModificationOrganization": "MITRE",
  "ContentHistory.13.ModificationDate": "2010-02-16",
  "ContentHistory.13.ModificationComment": "updated Demonstrative_Examples, Detection_Factors, Potential_Mitigations, References, Relationships, Taxonomy_Mappings",
  "ContentHistory.14.Type": "Modification",
  "ContentHistory.14.ModificationName": "CWE Content Team",
  "ContentHistory.14.ModificationOrganization": "MITRE",
  "ContentHistory.14.ModificationDate": "2010-04-05",
  "ContentHistory.14.ModificationComment": "updated Demonstrative_Examples, Potential_Mitigations",
  "ContentHistory.15.Type": "Modification",
  "ContentHistory.15.ModificationName": "CWE Content Team",
  "ContentHistory.15.ModificationOrganization": "MITRE",
  "ContentHistory.15.ModificationDate": "2010-06-21",
  "ContentHistory.15.ModificationComment": "updated Common_Consequences, Demonstrative_Examples, Description, Detection_Factors, Name, Potential_Mitigations, References, Relationships",
  "ContentHistory.16.Type": "Modification",
  "ContentHistory.16.ModificationName": "CWE Content Team",
  "ContentHistory.16.ModificationOrganization": "MITRE",
  "ContentHistory.16.ModificationDate": "2010-09-27",
  "ContentHistory.16.ModificationComment": "updated Potential_Mitigations",
  "ContentHistory.17.Type": "Modification",
  "ContentHistory.17.ModificationName": "CWE Content Team",
  "ContentHistory.17.ModificationOrganization": "MITRE",
  "ContentHistory.17.ModificationDate": "2011-03-29",
  "ContentHistory.17.ModificationComment": "updated Demonstrative_Examples",
  "ContentHistory.18.Type": "Modification",
  "ContentHistory.18.ModificationName": "CWE Content Team",
  "ContentHistory.18.ModificationOrganization": "MITRE",
  "ContentHistory.18.ModificationDate": "2011-06-01",
  "ContentHistory.18.ModificationComment": "updated Common_Consequences",
  "ContentHistory.19.Type": "Modification",
  "ContentHistory.19.ModificationName": "CWE Content Team",
  "ContentHistory.19.ModificationOrganization": "MITRE",
  "ContentHistory.19.ModificationDate": "2011-06-27",
  "ContentHistory.19.ModificationComment": "updated Relationships",
  "ContentHistory.20.Type": "Modification",
  "ContentHistory.20.ModificationName": "CWE Content Team",
  "ContentHistory.20.ModificationOrganization": "MITRE",
  "ContentHistory.20.ModificationDate": "2011-09-13",
  "ContentHistory.20.ModificationComment": "updated Potential_Mitigations, References",
  "ContentHistory.21.Type": "Modification",
  "ContentHistory.21.ModificationName": "CWE Content Team",
  "ContentHistory.21.ModificationOrganization": "MITRE",
  "ContentHistory.21.ModificationDate": "2012-05-11",
  "ContentHistory.21.ModificationComment": "updated Potential_Mitigations, References, Related_Attack_Patterns, Relationships",
  "ContentHistory.22.Type": "Modification",
  "ContentHistory.22.ModificationName": "CWE Content Team",
  "ContentHistory.22.ModificationOrganization": "MITRE",
  "ContentHistory.22.ModificationDate": "2012-10-30",
  "ContentHistory.22.ModificationComment": "updated Potential_Mitigations",
  "ContentHistory.23.Type": "Modification",
  "ContentHistory.23.ModificationName": "CWE Content Team",
  "ContentHistory.23.ModificationOrganization": "MITRE",
  "ContentHistory.23.ModificationDate": "2013-07-17",
  "ContentHistory.23.ModificationComment": "updated Relationships",
  "ContentHistory.24.Type": "Modification",
  "ContentHistory.24.ModificationName": "CWE Content Team",
  "ContentHistory.24.ModificationOrganization": "MITRE",
  "ContentHistory.24.ModificationDate": "2014-06-23",
  "ContentHistory.24.ModificationComment": "updated Relationships",
  "ContentHistory.25.Type": "Modification",
  "ContentHistory.25.ModificationName": "CWE Content Team",
  "ContentHistory.25.ModificationOrganization": "MITRE",
  "ContentHistory.25.ModificationDate": "2014-07-30",
  "ContentHistory.25.ModificationComment": "updated Detection_Factors, Relationships, Taxonomy_Mappings",
  "ContentHistory.26.Type": "Modification",
  "ContentHistory.26.ModificationName": "CWE Content Team",
  "ContentHistory.26.ModificationOrganization": "MITRE",
  "ContentHistory.26.ModificationDate": "2015-12-07",
  "ContentHistory.26.ModificationComment": "updated Relationships",
  "ContentHistory.27.Type": "Modification",
  "ContentHistory.27.ModificationName": "CWE Content Team",
  "ContentHistory.27.ModificationOrganization": "MITRE",
  "ContentHistory.27.ModificationDate": "2017-05-03",
  "ContentHistory.27.ModificationComment": "updated Relationships",
  "ContentHistory.28.Type": "Modification",
  "ContentHistory.28.ModificationName": "CWE Content Team",
  "ContentHistory.28.ModificationOrganization": "MITRE",
  "ContentHistory.28.ModificationDate": "2017-11-08",
  "ContentHistory.28.ModificationComment": "updated Applicable_Platforms, Demonstrative_Examples, Enabling_Factors_for_Exploitation, Likelihood_of_Exploit, Modes_of_Introduction, Observed_Examples, References, Relationships, White_Box_Definitions",
  "ContentHistory.29.Type": "Modification",
  "ContentHistory.29.ModificationName": "CWE Content Team",
  "ContentHistory.29.ModificationOrganization": "MITRE",
  "ContentHistory.29.ModificationDate": "2018-03-27",
  "ContentHistory.29.ModificationComment": "updated References, Relationships",
  "ContentHistory.30.Type": "Modification",
  "ContentHistory.30.ModificationName": "CWE Content Team",
  "ContentHistory.30.ModificationOrganization": "MITRE",
  "ContentHistory.30.ModificationDate": "2019-01-03",
  "ContentHistory.30.ModificationComment": "updated References, Relationships, Taxonomy_Mappings",
  "ContentHistory.31.Type": "Modification",
  "ContentHistory.31.ModificationName": "CWE Content Team",
  "ContentHistory.31.ModificationOrganization": "MITRE",
  "ContentHistory.31.ModificationDate": "2019-06-20",
  "ContentHistory.31.ModificationComment": "updated Relationships",
  "ContentHistory.32.Type": "Modification",
  "ContentHistory.32.ModificationName": "CWE Content Team",
  "ContentHistory.32.ModificationOrganization": "MITRE",
  "ContentHistory.32.ModificationDate": "2019-09-19",
  "ContentHistory.32.ModificationComment": "updated Relationships",
  "ContentHistory.33.Type": "Modification",
  "ContentHistory.33.ModificationName": "CWE Content Team",
  "ContentHistory.33.ModificationOrganization": "MITRE",
  "ContentHistory.33.ModificationDate": "2020-02-24",
  "ContentHistory.33.ModificationComment": "updated Potential_Mitigations, Relationships, Time_of_Introduction",
  "ContentHistory.34.Type": "Modification",
  "ContentHistory.34.ModificationName": "CWE Content Team",
  "ContentHistory.34.ModificationOrganization": "MITRE",
  "ContentHistory.34.ModificationDate": "2020-06-25",
  "ContentHistory.34.ModificationComment": "updated Demonstrative_Examples, Potential_Mitigations, Relationship_Notes",
  "ContentHistory.35.Type": "Modification",
  "ContentHistory.35.ModificationName": "CWE Content Team",
  "ContentHistory.35.ModificationOrganization": "MITRE",
  "ContentHistory.35.ModificationDate": "2020-08-20",
  "ContentHistory.35.ModificationComment": "updated Relationships",
  "ContentHistory.36.Type": "Modification",
  "ContentHistory.36.ModificationName": "CWE Content Team",
  "ContentHistory.36.ModificationOrganization": "MITRE",
  "ContentHistory.36.ModificationDate": "2020-12-10",
  "ContentHistory.36.ModificationComment": "updated Potential_Mitigations, Relationships",
  "ContentHistory.37.Type": "Modification",
  "ContentHistory.37.ModificationName": "CWE Content Team",
  "ContentHistory.37.ModificationOrganization": "MITRE",
  "ContentHistory.37.ModificationDate": "2021-07-20",
  "ContentHistory.37.ModificationComment": "updated Relationships",
  "ContentHistory.38.Type": "Modification",
  "ContentHistory.38.ModificationName": "CWE Content Team",
  "ContentHistory.38.ModificationOrganization": "MITRE",
  "ContentHistory.38.ModificationDate": "2021-10-28",
  "ContentHistory.38.ModificationComment": "updated Relationships",
  "ContentHistory.39.Type": "Modification",
  "ContentHistory.39.ModificationName": "CWE Content Team",
  "ContentHistory.39.ModificationOrganization": "MITRE",
  "ContentHistory.39.ModificationDate": "2022-06-28",
  "ContentHistory.39.ModificationComment": "updated Observed_Examples, Relationships",
  "ContentHistory.40.Type": "Modification",
  "ContentHistory.40.ModificationName": "CWE Content Team",
  "ContentHistory.40.ModificationOrganization": "MITRE",
  "ContentHistory.40.ModificationDate": "2022-10-13",
  "ContentHistory.40.ModificationComment": "updated Observed_Examples, References",
  "ContentHistory.41.Type": "Modification",
  "ContentHistory.41.ModificationName": "CWE Content Team",
  "ContentHistory.41.ModificationOrganization": "MITRE",
  "ContentHistory.41.ModificationDate": "2023-01-31",
  "ContentHistory.41.ModificationComment": "updated Demonstrative_Examples, Description",
  "ContentHistory.42.Type": "Modification",
  "ContentHistory.42.ModificationName": "CWE Content Team",
  "ContentHistory.42.ModificationOrganization": "MITRE",
  "ContentHistory.42.ModificationDate": "2023-04-27",
  "ContentHistory.42.ModificationComment": "updated References, Relationships, Time_of_Introduction",
  "ContentHistory.43.Type": "Modification",
  "ContentHistory.43.ModificationName": "CWE Content Team",
  "ContentHistory.43.ModificationOrganization": "MITRE",
  "ContentHistory.43.ModificationDate": "2023-06-29",
  "ContentHistory.43.ModificationComment": "updated Mapping_Notes, Relationships",
  "ContentHistory.44.Type": "Modification",
  "ContentHistory.44.ModificationName": "CWE Content Team",
  "ContentHistory.44.ModificationOrganization": "MITRE",
  "ContentHistory.44.ModificationDate": "2024-02-29",
  "ContentHistory.44.ModificationComment": "updated Demonstrative_Examples, Observed_Examples",
  "ContentHistory.44.ModificationVersion": "4.14",
  "ContentHistory.44.ModificationReleaseDate": "2024-02-29",
  "ContentHistory.45.Type": "Modification",
  "ContentHistory.45.ModificationName": "CWE Content Team",
  "ContentHistory.45.ModificationOrganization": "MITRE",
  "ContentHistory.45.ModificationDate": "2024-07-16",
  "ContentHistory.45.ModificationComment": "updated Alternate_Terms, Common_Consequences, Description, Diagram, References",
  "ContentHistory.45.ModificationVersion": "4.15",
  "ContentHistory.45.ModificationReleaseDate": "2024-07-16",
  "ContentHistory.46.Type": "Modification",
  "ContentHistory.46.ModificationName": "CWE Content Team",
  "ContentHistory.46.ModificationOrganization": "MITRE",
  "ContentHistory.46.ModificationDate": "2024-11-19",
  "ContentHistory.46.ModificationComment": "updated Relationships",
  "ContentHistory.46.ModificationVersion": "4.16",
  "ContentHistory.46.ModificationReleaseDate": "2024-11-19",
  "ContentHistory.47.Type": "Modification",
  "ContentHistory.47.ModificationName": "CWE Content Team",
  "ContentHistory.47.ModificationOrganization": "MITRE",
  "ContentHistory.47.ModificationDate": "2025-04-03",
  "ContentHistory.47.ModificationComment": "updated Applicable_Platforms, Demonstrative_Examples, References",
  "ContentHistory.47.ModificationVersion": "4.17",
  "ContentHistory.47.ModificationReleaseDate": "2025-04-03",
  "ContentHistory.48.Type": "Contribution",
  "ContentHistory.48.ContributionName": "Abhi Balakrishnan",
  "ContentHistory.48.ContributionDate": "2024-02-29",
  "ContentHistory.48.ContributionComment": "Provided diagram to improve CWE usability",
  "ContentHistory.48.ContributionType": "Content",
  "ContentHistory.48.ContributionVersion": "4.15",
  "ContentHistory.48.ContributionReleaseDate": "2024-07-16",
  "ContentHistory.49.Type": "Rename",
  "ContentHistory.49.PreviousEntryName": "SQL Injection",
  "ContentHistory.49.Date": "2008-04-11",
  "ContentHistory.50.Type": "Rename",
  "ContentHistory.50.PreviousEntryName": "Failure to Sanitize Data into SQL Queries (aka 'SQL Injection')",
  "ContentHistory.50.Date": "2008-09-09",
  "ContentHistory.51.Type": "Rename",
  "ContentHistory.51.PreviousEntryName": "Failure to Sanitize Data within SQL Queries (aka 'SQL Injection')",
  "ContentHistory.51.Date": "2009-01-12",
  "ContentHistory.52.Type": "Rename",
  "ContentHistory.52.PreviousEntryName": "Failure to Preserve SQL Query Structure (aka 'SQL Injection')",
  "ContentHistory.52.Date": "2009-05-27",
  "ContentHistory.53.Type": "Rename",
  "ContentHistory.53.PreviousEntryName": "Failure to Preserve SQL Query Structure ('SQL Injection')",
  "ContentHistory.53.Date": "2009-07-27",
  "ContentHistory.54.Type": "Rename",
  "ContentHistory.54.PreviousEntryName": "Improper Sanitization of Special Elements used in an SQL Command ('SQL Injection')",
  "ContentHistory.54.Date": "2010-06-21"
}