{
  "ID": "502",
  "Name": "Deserialization of Untrusted Data",
  "Abstraction": "Base",
  "Structure": "Simple",
  "Status": "Draft",
  "Diagram": "/data/images/CWE-502-Diagram.png",
  "Description": "The product deserializes untrusted data without sufficiently ensuring that the resulting data will be valid.",
  "LikelihoodOfExploit": "Medium",
  "RelatedWeaknesses.0.Nature": "ChildOf",
  "RelatedWeaknesses.0.CweID": "913",
  "RelatedWeaknesses.0.ViewID": "1000",
  "RelatedWeaknesses.0.Ordinal": "Primary",
  "RelatedWeaknesses.1.Nature": "ChildOf",
  "RelatedWeaknesses.1.CweID": "913",
  "RelatedWeaknesses.1.ViewID": "1003",
  "RelatedWeaknesses.1.Ordinal": "Primary",
  "RelatedWeaknesses.2.Nature": "PeerOf",
  "RelatedWeaknesses.2.CweID": "915",
  "RelatedWeaknesses.2.ViewID": "1000",
  "ApplicablePlatforms.0.Type": "Language",
  "ApplicablePlatforms.0.Name": "Java",
  "ApplicablePlatforms.0.Prevalence": "Undetermined",
  "ApplicablePlatforms.1.Type": "Language",
  "ApplicablePlatforms.1.Name": "Ruby",
  "ApplicablePlatforms.1.Prevalence": "Undetermined",
  "ApplicablePlatforms.2.Type": "Language",
  "ApplicablePlatforms.2.Name": "PHP",
  "ApplicablePlatforms.2.Prevalence": "Undetermined",
  "ApplicablePlatforms.3.Type": "Language",
  "ApplicablePlatforms.3.Name": "Python",
  "ApplicablePlatforms.3.Prevalence": "Undetermined",
  "ApplicablePlatforms.4.Type": "Language",
  "ApplicablePlatforms.4.Name": "JavaScript",
  "ApplicablePlatforms.4.Prevalence": "Undetermined",
  "ApplicablePlatforms.5.Type": "Technology",
  "ApplicablePlatforms.5.Class": "ICS/OT",
  "ApplicablePlatforms.5.Prevalence": "Often",
  "BackgroundDetails.0": "Serialization and deserialization refer to the process of taking program-internal object-related data, packaging it in a way that allows the data to be externally stored or transferred (\"serialization\"), then extracting the serialized data to reconstruct the original object (\"deserialization\").",
  "AlternateTerms.0.Term": "Marshaling, Unmarshaling",
  "AlternateTerms.0.Description": "Marshaling and unmarshaling are effectively synonyms for serialization and deserialization, respectively.",
  "AlternateTerms.1.Term": "Pickling, Unpickling",
  "AlternateTerms.1.Description": "In Python, the \"pickle\" functionality is used to perform serialization and deserialization.",
  "AlternateTerms.2.Term": "PHP Object Injection",
  "AlternateTerms.2.Description": "Some PHP application researchers use this term when attacking unsafe use of the unserialize() function; but it is also used for CWE-915.",
  "ModesOfIntroduction.0.Phase": "Architecture and Design",
  "ModesOfIntroduction.0.Note": "OMISSION: This weakness is caused by missing a security tactic during the architecture and design phase.",
  "ModesOfIntroduction.1.Phase": "Implementation",
  "CommonConsequences.0.Scope.0": "Integrity",
  "CommonConsequences.0.Impact.0": "Modify Application Data",
  "CommonConsequences.0.Impact.1": "Unexpected State",
  "CommonConsequences.0.Note": "Attackers can modify unexpected objects or data that was assumed to be safe from modification. Deserialized data or code could be modified without using the provided accessor functions, or unexpected functions could be invoked.",
  "CommonConsequences.1.Scope.0": "Availability",
  "CommonConsequences.1.Impact.0": "DoS: Resource Consumption (CPU)",
  "CommonConsequences.1.Note": "If a function is making an assumption on when to terminate, based on a sentry in a string, it could easily never terminate.",
  "CommonConsequences.2.Scope.0": "Other",
  "CommonConsequences.2.Impact.0": "Varies by Context",
  "CommonConsequences.2.Note": "The consequences can vary widely, because it depends on which objects or methods are being deserialized, and how they are used. Making an assumption that the code in the deserialized object is valid is dangerous and can enable exploitation. One example is attackers using gadget chains to perform unauthorized actions, such as generating a shell.",
  "DetectionMethods.0.DetectionMethodID": "DM-14",
  "DetectionMethods.0.Method": "Automated Static Analysis",
  "DetectionMethods.0.Description": "Automated static analysis, commonly referred to as Static Application Security Testing (SAST), can find some instances of this weakness by analyzing source code (or binary/compiled code) without having to execute it. Typically, this is done by building a model of data flow and control flow, then searching for potentially-vulnerable patterns that connect \"sources\" (origins of input) with \"sinks\" (destinations where the data interacts with external components, a lower layer such as the OS, etc.)",
  "DetectionMethods.0.Effectiveness": "High",
  "PotentialMitigations.0.Phase.0": "Architecture and Design",
  "PotentialMitigations.0.Phase.1": "Implementation",
  "PotentialMitigations.0.Description": "If available, use the signing/sealing features of the programming language to assure that deserialized data has not been tainted. For example, a hash-based message authentication code (HMAC) could be used to ensure that data has not been modified.",
  "PotentialMitigations.1.Phase.0": "Implementation",
  "PotentialMitigations.1.Description": "When deserializing data, populate a new object rather than just deserializing. The result is that the data flows through safe input validation and that the functions are safe.",
  "PotentialMitigations.2.Phase.0": "Implementation",
  "PotentialMitigations.2.Description": "Explicitly define a final object() to prevent deserialization.",
  "PotentialMitigations.3.Phase.0": "Architecture and Design",
  "PotentialMitigations.3.Phase.1": "Implementation",
  "PotentialMitigations.3.Description": "\n\nMake fields transient to protect them from deserialization.\n\n\nAn attempt to serialize and then deserialize a class containing transient fields will result in NULLs where the transient data should be. This is an excellent way to prevent time, environment-based, or sensitive variables from being carried over and used improperly.\n",
  "PotentialMitigations.4.Phase.0": "Implementation",
  "PotentialMitigations.4.Description": "Avoid having unnecessary types or gadgets (a sequence of instances and method invocations that can self-execute during the deserialization process, often found in libraries) available that can be leveraged for malicious ends. This limits the potential for unintended or unauthorized types and gadgets to be leveraged by the attacker. Add only acceptable classes to an allowlist. Note: new gadgets are constantly being discovered, so this alone is not a sufficient mitigation.",
  "PotentialMitigations.5.Phase.0": "Architecture and Design",
  "PotentialMitigations.5.Phase.1": "Implementation",
  "PotentialMitigations.5.Description": "Employ cryptography of the data or code for protection. However, it's important to note that it would still be client-side security. This is risky because if the client is compromised then the security implemented on the client (the cryptography) can be bypassed.",
  "DemonstrativeExamples.0.Entries.0.IntroText": "This code snippet deserializes an object from a file and uses it as a UI button:",
  "DemonstrativeExamples.0.Entries.1.Nature": "Bad",
  "DemonstrativeExamples.0.Entries.1.Language": "Java",
  "DemonstrativeExamples.0.Entries.1.ExampleCode": "```\n\ttry {\n\t\tFile file = new File(\"object.obj\");\n\t\tObjectInputStream in = new ObjectInputStream(new FileInputStream(file));\n\t\tjavax.swing.JButton button = (javax.swing.JButton) in.readObject();\n\t\tin.close();\n\t}\n```",
  "DemonstrativeExamples.0.Entries.2.BodyText": "This code does not attempt to verify the source or contents of the file before deserializing it. An attacker may be able to replace the intended file with a file that contains arbitrary malicious code which will be executed when the button is pressed.",
  "DemonstrativeExamples.0.Entries.3.BodyText": "To mitigate this, explicitly define final readObject() to prevent deserialization. An example of this is:",
  "DemonstrativeExamples.0.Entries.4.Nature": "Good",
  "DemonstrativeExamples.0.Entries.4.Language": "Java",
  "DemonstrativeExamples.0.Entries.4.ExampleCode": "```\n\tprivate final void readObject(ObjectInputStream in) throws java.io.IOException {\n\tthrow new java.io.IOException(\"Cannot be deserialized\"); }\n```",
  "DemonstrativeExamples.1.Entries.0.IntroText": "In Python, the Pickle library handles the serialization and deserialization processes. In this example derived from [REF-467], the code receives and parses data, and afterwards tries to authenticate a user based on validating a token.",
  "DemonstrativeExamples.1.Entries.1.Nature": "Bad",
  "DemonstrativeExamples.1.Entries.1.Language": "Python",
  "DemonstrativeExamples.1.Entries.1.ExampleCode": "```\n\ttry {\n\t\t\tclass ExampleProtocol(protocol.Protocol):\n\t\t\tdef dataReceived(self, data):\n\t\t\t# Code that would be here would parse the incoming data\n\t\t\t# After receiving headers, call confirmAuth() to authenticate\n\t\t\tdef confirmAuth(self, headers):\n\t\t\ttry:\n\t\t\ttoken = cPickle.loads(base64.b64decode(headers['AuthToken']))\n\t\t\tif not check_hmac(token['signature'], token['data'], getSecretKey()):\n\t\t\traise AuthFail\n\t\t\tself.secure_data = token['data']\n\t\t\texcept:\n\t\t\traise AuthFail\n\t}\n```",
  "DemonstrativeExamples.1.Entries.2.BodyText": "Unfortunately, the code does not verify that the incoming data is legitimate. An attacker can construct a illegitimate, serialized object \"AuthToken\" that instantiates one of Python's subprocesses to execute arbitrary commands. For instance,the attacker could construct a pickle that leverages Python's subprocess module, which spawns new processes and includes a number of arguments for various uses. Since Pickle allows objects to define the process for how they should be unpickled, the attacker can direct the unpickle process to call Popen in the subprocess module and execute /bin/sh.",
  "ObservedExamples.0.Reference": "CVE-2019-12799",
  "ObservedExamples.0.Description": "chain: bypass of untrusted deserialization issue (CWE-502) by using an assumed-trusted class (CWE-183)",
  "ObservedExamples.0.Link": "https://www.cve.org/CVERecord?id=CVE-2019-12799",
  "ObservedExamples.1.Reference": "CVE-2015-8103",
  "ObservedExamples.1.Description": "Deserialization issue in commonly-used Java library allows remote execution.",
  "ObservedExamples.1.Link": "https://www.cve.org/CVERecord?id=CVE-2015-8103",
  "ObservedExamples.2.Reference": "CVE-2015-4852",
  "ObservedExamples.2.Description": "Deserialization issue in commonly-used Java library allows remote execution.",
  "ObservedExamples.2.Link": "https://www.cve.org/CVERecord?id=CVE-2015-4852",
  "ObservedExamples.3.Reference": "CVE-2013-1465",
  "ObservedExamples.3.Description": "Use of PHP unserialize function on untrusted input allows attacker to modify application configuration.",
  "ObservedExamples.3.Link": "https://www.cve.org/CVERecord?id=CVE-2013-1465",
  "ObservedExamples.4.Reference": "CVE-2012-3527",
  "ObservedExamples.4.Description": "Use of PHP unserialize function on untrusted input in content management system might allow code execution.",
  "ObservedExamples.4.Link": "https://www.cve.org/CVERecord?id=CVE-2012-3527",
  "ObservedExamples.5.Reference": "CVE-2012-0911",
  "ObservedExamples.5.Description": "Use of PHP unserialize function on untrusted input in content management system allows code execution using a crafted cookie value.",
  "ObservedExamples.5.Link": "https://www.cve.org/CVERecord?id=CVE-2012-0911",
  "ObservedExamples.6.Reference": "CVE-2012-0911",
  "ObservedExamples.6.Description": "Content management system written in PHP allows unserialize of arbitrary objects, possibly allowing code execution.",
  "ObservedExamples.6.Link": "https://www.cve.org/CVERecord?id=CVE-2012-0911",
  "ObservedExamples.7.Reference": "CVE-2011-2520",
  "ObservedExamples.7.Description": "Python script allows local users to execute code via pickled data.",
  "ObservedExamples.7.Link": "https://www.cve.org/CVERecord?id=CVE-2011-2520",
  "ObservedExamples.8.Reference": "CVE-2012-4406",
  "ObservedExamples.8.Description": "Unsafe deserialization using pickle in a Python script.",
  "ObservedExamples.8.Link": "https://www.cve.org/CVERecord?id=CVE-2012-4406",
  "ObservedExamples.9.Reference": "CVE-2003-0791",
  "ObservedExamples.9.Description": "Web browser allows execution of native methods via a crafted string to a JavaScript function that deserializes the string.",
  "ObservedExamples.9.Link": "https://www.cve.org/CVERecord?id=CVE-2003-0791",
  "TaxonomyMappings.0.TaxonomyName": "CLASP",
  "TaxonomyMappings.0.EntryName": "Deserialization of untrusted data",
  "TaxonomyMappings.1.TaxonomyName": "The CERT Oracle Secure Coding Standard for Java (2011)",
  "TaxonomyMappings.1.EntryID": "SER01-J",
  "TaxonomyMappings.1.EntryName": "Do not deviate from the proper signatures of serialization methods",
  "TaxonomyMappings.2.TaxonomyName": "The CERT Oracle Secure Coding Standard for Java (2011)",
  "TaxonomyMappings.2.EntryID": "SER03-J",
  "TaxonomyMappings.2.EntryName": "Do not serialize unencrypted, sensitive data",
  "TaxonomyMappings.3.TaxonomyName": "The CERT Oracle Secure Coding Standard for Java (2011)",
  "TaxonomyMappings.3.EntryID": "SER06-J",
  "TaxonomyMappings.3.EntryName": "Make defensive copies of private mutable components during deserialization",
  "TaxonomyMappings.4.TaxonomyName": "The CERT Oracle Secure Coding Standard for Java (2011)",
  "TaxonomyMappings.4.EntryID": "SER08-J",
  "TaxonomyMappings.4.EntryName": "Do not use the default serialized form for implementation defined invariants",
  "TaxonomyMappings.5.TaxonomyName": "Software Fault Patterns",
  "TaxonomyMappings.5.EntryID": "SFP25",
  "TaxonomyMappings.5.EntryName": "Tainted input to variable",
  "RelatedAttackPatterns.0": "586",
  "References.0.ExternalReferenceID": "REF-18",
  "References.0.Authors.0": "Secure Software, Inc.",
  "References.0.Title": "The CLASP Application Security Process",
  "References.0.PublicationYear": "2005",
  "References.0.URL": "https://cwe.mitre.org/documents/sources/TheCLASPApplicationSecurityProcess.pdf",
  "References.0.URLDate": "2024-11-17",
  "References.1.ExternalReferenceID": "REF-461",
  "References.1.Authors.0": "Matthias Kaiser",
  "References.1.Title": "Exploiting Deserialization Vulnerabilities in Java",
  "References.1.PublicationYear": "2015",
  "References.1.PublicationMonth": "10",
  "References.1.PublicationDay": "28",
  "References.1.URL": "https://www.slideshare.net/codewhitesec/exploiting-deserialization-vulnerabilities-in-java-54707478",
  "References.1.URLDate": "2023-04-07",
  "References.2.ExternalReferenceID": "REF-462",
  "References.2.Authors.0": "Sam Thomas",
  "References.2.Title": "PHP unserialization vulnerabilities: What are we missing?",
  "References.2.PublicationYear": "2015",
  "References.2.PublicationMonth": "08",
  "References.2.PublicationDay": "27",
  "References.2.URL": "https://www.slideshare.net/_s_n_t/php-unserialization-vulnerabilities-what-are-we-missing",
  "References.2.URLDate": "2023-04-07",
  "References.3.ExternalReferenceID": "REF-463",
  "References.3.Authors.0": "Gabriel Lawrence",
  "References.3.Authors.1": "Chris Frohoff",
  "References.3.Title": "Marshalling Pickles: How deserializing objects can ruin your day",
  "References.3.PublicationYear": "2015",
  "References.3.PublicationMonth": "01",
  "References.3.PublicationDay": "28",
  "References.3.URL": "https://www.slideshare.net/frohoff1/appseccali-2015-marshalling-pickles",
  "References.3.URLDate": "2023-04-07",
  "References.4.ExternalReferenceID": "REF-464",
  "References.4.Authors.0": "Heine Deelstra",
  "References.4.Title": "Unserializing user-supplied data, a bad idea",
  "References.4.PublicationYear": "2010",
  "References.4.PublicationMonth": "08",
  "References.4.PublicationDay": "25",
  "References.4.URL": "https://drupalsun.com/heine/2010/08/25/unserializing-user-supplied-data-bad-idea",
  "References.4.URLDate": "2023-04-07",
  "References.5.ExternalReferenceID": "REF-465",
  "References.5.Authors.0": "Manish S. Saindane",
  "References.5.Title": "Black Hat EU 2010 - Attacking Java Serialized Communication",
  "References.5.PublicationYear": "2010",
  "References.5.PublicationMonth": "04",
  "References.5.PublicationDay": "26",
  "References.5.URL": "https://www.slideshare.net/msaindane/black-hat-eu-2010-attacking-java-serialized-communication",
  "References.5.URLDate": "2023-04-07",
  "References.6.ExternalReferenceID": "REF-466",
  "References.6.Authors.0": "Nadia Alramli",
  "References.6.Title": "Why Python Pickle is Insecure",
  "References.6.PublicationYear": "2009",
  "References.6.PublicationMonth": "09",
  "References.6.PublicationDay": "09",
  "References.6.URL": "http://michael-rushanan.blogspot.com/2012/10/why-python-pickle-is-insecure.html",
  "References.6.URLDate": "2023-04-07",
  "References.7.ExternalReferenceID": "REF-467",
  "References.7.Authors.0": "Nelson Elhage",
  "References.7.Title": "Exploiting misuse of Python's \"pickle\"",
  "References.7.PublicationYear": "2011",
  "References.7.PublicationMonth": "03",
  "References.7.PublicationDay": "20",
  "References.7.URL": "https://blog.nelhage.com/2011/03/exploiting-pickle/",
  "References.8.ExternalReferenceID": "REF-468",
  "References.8.Authors.0": "Chris Frohoff",
  "References.8.Title": "Deserialize My Shorts: Or How I Learned to Start Worrying and Hate Java Object Deserialization",
  "References.8.PublicationYear": "2016",
  "References.8.PublicationMonth": "03",
  "References.8.PublicationDay": "21",
  "References.8.URL": "https://speakerdeck.com/frohoff/owasp-sd-deserialize-my-shorts-or-how-i-learned-to-start-worrying-and-hate-java-object-deserialization",
  "References.8.URLDate": "2023-04-07",
  "MappingNotes.Usage": "Allowed",
  "MappingNotes.Rationale": "This CWE entry is at the Base level of abstraction, which is a preferred level of abstraction for mapping to the root causes of vulnerabilities.",
  "MappingNotes.Comments": "Carefully read both the name and description to ensure that this mapping is an appropriate fit. Do not try to 'force' a mapping to a lower-level Base/Variant simply to comply with this preferred level of abstraction.",
  "MappingNotes.Reasons.0": "Acceptable-Use",
  "Notes.0.Type": "Maintenance",
  "Notes.0.Note": "The relationships between CWE-502 and CWE-915 need further exploration. CWE-915 is more narrowly scoped to object modification, and is not necessarily used for deserialization.",
  "ContentHistory.0.Type": "Submission",
  "ContentHistory.0.SubmissionName": "CLASP",
  "ContentHistory.0.SubmissionDate": "2006-07-19",
  "ContentHistory.0.SubmissionVersion": "Draft 3",
  "ContentHistory.0.SubmissionReleaseDate": "2006-07-19",
  "ContentHistory.1.Type": "Modification",
  "ContentHistory.1.ModificationName": "Eric Dalci",
  "ContentHistory.1.ModificationOrganization": "Cigital",
  "ContentHistory.1.ModificationDate": "2008-07-01",
  "ContentHistory.1.ModificationComment": "updated Time_of_Introduction",
  "ContentHistory.2.Type": "Modification",
  "ContentHistory.2.ModificationName": "CWE Content Team",
  "ContentHistory.2.ModificationOrganization": "MITRE",
  "ContentHistory.2.ModificationDate": "2008-09-08",
  "ContentHistory.2.ModificationComment": "updated Common_Consequences, Description, Relationships, Other_Notes, Taxonomy_Mappings",
  "ContentHistory.3.Type": "Modification",
  "ContentHistory.3.ModificationName": "CWE Content Team",
  "ContentHistory.3.ModificationOrganization": "MITRE",
  "ContentHistory.3.ModificationDate": "2009-10-29",
  "ContentHistory.3.ModificationComment": "updated Description, Other_Notes, Potential_Mitigations",
  "ContentHistory.4.Type": "Modification",
  "ContentHistory.4.ModificationName": "CWE Content Team",
  "ContentHistory.4.ModificationOrganization": "MITRE",
  "ContentHistory.4.ModificationDate": "2011-06-01",
  "ContentHistory.4.ModificationComment": "updated Common_Consequences, Relationships, Taxonomy_Mappings",
  "ContentHistory.5.Type": "Modification",
  "ContentHistory.5.ModificationName": "CWE Content Team",
  "ContentHistory.5.ModificationOrganization": "MITRE",
  "ContentHistory.5.ModificationDate": "2012-05-11",
  "ContentHistory.5.ModificationComment": "updated Relationships, Taxonomy_Mappings",
  "ContentHistory.6.Type": "Modification",
  "ContentHistory.6.ModificationName": "CWE Content Team",
  "ContentHistory.6.ModificationOrganization": "MITRE",
  "ContentHistory.6.ModificationDate": "2012-10-30",
  "ContentHistory.6.ModificationComment": "updated Demonstrative_Examples",
  "ContentHistory.7.Type": "Modification",
  "ContentHistory.7.ModificationName": "CWE Content Team",
  "ContentHistory.7.ModificationOrganization": "MITRE",
  "ContentHistory.7.ModificationDate": "2013-02-21",
  "ContentHistory.7.ModificationComment": "updated Alternate_Terms, Applicable_Platforms, Background_Details, Common_Consequences, Maintenance_Notes, Observed_Examples, Potential_Mitigations, References, Relationships",
  "ContentHistory.8.Type": "Modification",
  "ContentHistory.8.ModificationName": "CWE Content Team",
  "ContentHistory.8.ModificationOrganization": "MITRE",
  "ContentHistory.8.ModificationDate": "2014-07-30",
  "ContentHistory.8.ModificationComment": "updated Relationships, Taxonomy_Mappings",
  "ContentHistory.9.Type": "Modification",
  "ContentHistory.9.ModificationName": "CWE Content Team",
  "ContentHistory.9.ModificationOrganization": "MITRE",
  "ContentHistory.9.ModificationDate": "2015-12-07",
  "ContentHistory.9.ModificationComment": "updated Observed_Examples, References, Relationships",
  "ContentHistory.10.Type": "Modification",
  "ContentHistory.10.ModificationName": "CWE Content Team",
  "ContentHistory.10.ModificationOrganization": "MITRE",
  "ContentHistory.10.ModificationDate": "2017-05-03",
  "ContentHistory.10.ModificationComment": "updated Applicable_Platforms, Demonstrative_Examples, Description, Potential_Mitigations, References",
  "ContentHistory.11.Type": "Modification",
  "ContentHistory.11.ModificationName": "CWE Content Team",
  "ContentHistory.11.ModificationOrganization": "MITRE",
  "ContentHistory.11.ModificationDate": "2017-11-08",
  "ContentHistory.11.ModificationComment": "updated Applicable_Platforms, Common_Consequences, Demonstrative_Examples, Modes_of_Introduction, Potential_Mitigations, References, Relationships",
  "ContentHistory.12.Type": "Modification",
  "ContentHistory.12.ModificationName": "CWE Content Team",
  "ContentHistory.12.ModificationOrganization": "MITRE",
  "ContentHistory.12.ModificationDate": "2018-03-27",
  "ContentHistory.12.ModificationComment": "updated Relationships",
  "ContentHistory.13.Type": "Modification",
  "ContentHistory.13.ModificationName": "CWE Content Team",
  "ContentHistory.13.ModificationOrganization": "MITRE",
  "ContentHistory.13.ModificationDate": "2019-01-03",
  "ContentHistory.13.ModificationComment": "updated Related_Attack_Patterns, Relationships, Taxonomy_Mappings",
  "ContentHistory.14.Type": "Modification",
  "ContentHistory.14.ModificationName": "CWE Content Team",
  "ContentHistory.14.ModificationOrganization": "MITRE",
  "ContentHistory.14.ModificationDate": "2019-06-20",
  "ContentHistory.14.ModificationComment": "updated Type",
  "ContentHistory.15.Type": "Modification",
  "ContentHistory.15.ModificationName": "CWE Content Team",
  "ContentHistory.15.ModificationOrganization": "MITRE",
  "ContentHistory.15.ModificationDate": "2019-09-19",
  "ContentHistory.15.ModificationComment": "updated Relationships",
  "ContentHistory.16.Type": "Modification",
  "ContentHistory.16.ModificationName": "CWE Content Team",
  "ContentHistory.16.ModificationOrganization": "MITRE",
  "ContentHistory.16.ModificationDate": "2020-02-24",
  "ContentHistory.16.ModificationComment": "updated Observed_Examples, References, Relationships",
  "ContentHistory.17.Type": "Modification",
  "ContentHistory.17.ModificationName": "CWE Content Team",
  "ContentHistory.17.ModificationOrganization": "MITRE",
  "ContentHistory.17.ModificationDate": "2020-06-25",
  "ContentHistory.17.ModificationComment": "updated Alternate_Terms, Potential_Mitigations",
  "ContentHistory.18.Type": "Modification",
  "ContentHistory.18.ModificationName": "CWE Content Team",
  "ContentHistory.18.ModificationOrganization": "MITRE",
  "ContentHistory.18.ModificationDate": "2020-08-20",
  "ContentHistory.18.ModificationComment": "updated Relationships",
  "ContentHistory.19.Type": "Modification",
  "ContentHistory.19.ModificationName": "CWE Content Team",
  "ContentHistory.19.ModificationOrganization": "MITRE",
  "ContentHistory.19.ModificationDate": "2020-12-10",
  "ContentHistory.19.ModificationComment": "updated Relationships",
  "ContentHistory.20.Type": "Modification",
  "ContentHistory.20.ModificationName": "CWE Content Team",
  "ContentHistory.20.ModificationOrganization": "MITRE",
  "ContentHistory.20.ModificationDate": "2021-07-20",
  "ContentHistory.20.ModificationComment": "updated Relationships",
  "ContentHistory.21.Type": "Modification",
  "ContentHistory.21.ModificationName": "CWE Content Team",
  "ContentHistory.21.ModificationOrganization": "MITRE",
  "ContentHistory.21.ModificationDate": "2021-10-28",
  "ContentHistory.21.ModificationComment": "updated Relationships",
  "ContentHistory.22.Type": "Modification",
  "ContentHistory.22.ModificationName": "CWE Content Team",
  "ContentHistory.22.ModificationOrganization": "MITRE",
  "ContentHistory.22.ModificationDate": "2022-06-28",
  "ContentHistory.22.ModificationComment": "updated Relationships",
  "ContentHistory.23.Type": "Modification",
  "ContentHistory.23.ModificationName": "CWE Content Team",
  "ContentHistory.23.ModificationOrganization": "MITRE",
  "ContentHistory.23.ModificationDate": "2022-10-13",
  "ContentHistory.23.ModificationComment": "updated Applicable_Platforms",
  "ContentHistory.24.Type": "Modification",
  "ContentHistory.24.ModificationName": "CWE Content Team",
  "ContentHistory.24.ModificationOrganization": "MITRE",
  "ContentHistory.24.ModificationDate": "2023-01-31",
  "ContentHistory.24.ModificationComment": "updated Description",
  "ContentHistory.25.Type": "Modification",
  "ContentHistory.25.ModificationName": "CWE Content Team",
  "ContentHistory.25.ModificationOrganization": "MITRE",
  "ContentHistory.25.ModificationDate": "2023-04-27",
  "ContentHistory.25.ModificationComment": "updated Detection_Factors, References, Relationships",
  "ContentHistory.26.Type": "Modification",
  "ContentHistory.26.ModificationName": "CWE Content Team",
  "ContentHistory.26.ModificationOrganization": "MITRE",
  "ContentHistory.26.ModificationDate": "2023-06-29",
  "ContentHistory.26.ModificationComment": "updated Mapping_Notes, Relationships",
  "ContentHistory.27.Type": "Modification",
  "ContentHistory.27.ModificationName": "CWE Content Team",
  "ContentHistory.27.ModificationOrganization": "MITRE",
  "ContentHistory.27.ModificationDate": "2024-11-19",
  "ContentHistory.27.ModificationComment": "updated Common_Consequences, Description, Diagram, Potential_Mitigations, Relationships",
  "ContentHistory.27.ModificationVersion": "4.16",
  "ContentHistory.27.ModificationReleaseDate": "2024-11-19",
  "ContentHistory.28.Type": "Contribution",
  "ContentHistory.28.ContributionName": "Abhi Balakrishnan",
  "ContentHistory.28.ContributionDate": "2024-02-29",
  "ContentHistory.28.ContributionComment": "Contributed usability diagram concepts used by the CWE team",
  "ContentHistory.28.ContributionType": "Content",
  "ContentHistory.28.ContributionVersion": "4.16",
  "ContentHistory.28.ContributionReleaseDate": "2024-11-19"
}