{
  "ID": "257",
  "Name": "Storing Passwords in a Recoverable Format",
  "Abstraction": "Base",
  "Structure": "Simple",
  "Status": "Incomplete",
  "Description": "The storage of passwords in a recoverable format makes them subject to password reuse attacks by malicious users. In fact, it should be noted that recoverable encrypted passwords provide no significant benefit over plaintext passwords since they are subject not only to reuse by malicious attackers but also by malicious insiders. If a system administrator can recover a password directly, or use a brute force search on the available information, the administrator can use the password on other accounts.",
  "LikelihoodOfExploit": "High",
  "RelatedWeaknesses.0.Nature": "ChildOf",
  "RelatedWeaknesses.0.CweID": "522",
  "RelatedWeaknesses.0.ViewID": "1000",
  "RelatedWeaknesses.0.Ordinal": "Primary",
  "RelatedWeaknesses.1.Nature": "PeerOf",
  "RelatedWeaknesses.1.CweID": "259",
  "RelatedWeaknesses.1.ViewID": "1000",
  "WeaknessOrdinalities.0.Ordinality": "Primary",
  "ApplicablePlatforms.0.Type": "Language",
  "ApplicablePlatforms.0.Class": "Not Language-Specific",
  "ApplicablePlatforms.0.Prevalence": "Undetermined",
  "ModesOfIntroduction.0.Phase": "Architecture and Design",
  "ModesOfIntroduction.0.Note": "COMMISSION: This weakness refers to an incorrect design related to an architectural security tactic.",
  "CommonConsequences.0.Scope.0": "Confidentiality",
  "CommonConsequences.0.Scope.1": "Access Control",
  "CommonConsequences.0.Impact.0": "Gain Privileges or Assume Identity",
  "CommonConsequences.0.Note": "User's passwords may be revealed.",
  "CommonConsequences.1.Scope.0": "Access Control",
  "CommonConsequences.1.Impact.0": "Gain Privileges or Assume Identity",
  "CommonConsequences.1.Note": "Revealed passwords may be reused elsewhere to impersonate the users in question.",
  "DetectionMethods.0.DetectionMethodID": "DM-14",
  "DetectionMethods.0.Method": "Automated Static Analysis",
  "DetectionMethods.0.Description": "Automated static analysis, commonly referred to as Static Application Security Testing (SAST), can find some instances of this weakness by analyzing source code (or binary/compiled code) without having to execute it. Typically, this is done by building a model of data flow and control flow, then searching for potentially-vulnerable patterns that connect \"sources\" (origins of input) with \"sinks\" (destinations where the data interacts with external components, a lower layer such as the OS, etc.)",
  "DetectionMethods.0.Effectiveness": "High",
  "PotentialMitigations.0.Phase.0": "Architecture and Design",
  "PotentialMitigations.0.Description": "Use strong, non-reversible encryption to protect stored passwords.",
  "DemonstrativeExamples.0.ID": "DX-59",
  "DemonstrativeExamples.0.Entries.0.IntroText": "Both of these examples verify a password by comparing it to a stored compressed version.",
  "DemonstrativeExamples.0.Entries.1.Nature": "Bad",
  "DemonstrativeExamples.0.Entries.1.Language": "C",
  "DemonstrativeExamples.0.Entries.1.ExampleCode": "```\n\tint VerifyAdmin(char *password) {\n\t\tif (strcmp(compress(password), compressed_password)) {\n\t\t\tprintf(\"Incorrect Password!\\n\");\n\t\t\treturn(0);\n\t\t}\n\t\tprintf(\"Entering Diagnostic Mode...\\n\");\n\t\treturn(1);\n\t}\n```",
  "DemonstrativeExamples.0.Entries.2.Nature": "Bad",
  "DemonstrativeExamples.0.Entries.2.Language": "Java",
  "DemonstrativeExamples.0.Entries.2.ExampleCode": "```\n\tint VerifyAdmin(String password) {\n\t\tif (passwd.Equals(compress(password), compressed_password)) {\n\t\t\treturn(0);\n\t\t}\n```\n//Diagnostic Mode* \n\t\treturn(1);}",
  "DemonstrativeExamples.0.Entries.3.BodyText": "Because a compression algorithm is used instead of a one way hashing algorithm, an attacker can recover compressed passwords stored in the database.",
  "DemonstrativeExamples.1.ID": "DX-43",
  "DemonstrativeExamples.1.Entries.0.IntroText": "The following examples show a portion of properties and configuration files for Java and ASP.NET applications. The files include username and password information but they are stored in cleartext.",
  "DemonstrativeExamples.1.Entries.1.BodyText": "This Java example shows a properties file with a cleartext username / password pair.",
  "DemonstrativeExamples.1.Entries.2.Nature": "Bad",
  "DemonstrativeExamples.1.Entries.2.Language": "Java",
  "DemonstrativeExamples.1.Entries.2.ExampleCode": "```\n```\n# Java Web App ResourceBundle properties file* \n\t...\n\twebapp.ldap.username=secretUsername\n\twebapp.ldap.password=secretPassword\n\t...",
  "DemonstrativeExamples.1.Entries.3.BodyText": "The following example shows a portion of a configuration file for an ASP.Net application. This configuration file includes username and password information for a connection to a database but the pair is stored in cleartext.",
  "DemonstrativeExamples.1.Entries.4.Nature": "Bad",
  "DemonstrativeExamples.1.Entries.4.Language": "ASP.NET",
  "DemonstrativeExamples.1.Entries.4.ExampleCode": "```\n\t...\n\t<connectionStrings>\n\t\t<add name=\"ud_DEV\" connectionString=\"connectDB=uDB; uid=db2admin; pwd=password; dbalias=uDB;\" providerName=\"System.Data.Odbc\" />\n\t</connectionStrings>\n\t...\n```",
  "DemonstrativeExamples.1.Entries.5.BodyText": "Username and password information should not be included in a configuration file or a properties file in cleartext as this will allow anyone who can read the file access to the resource. If possible, encrypt this information.",
  "ObservedExamples.0.Reference": "CVE-2022-30018",
  "ObservedExamples.0.Description": "A messaging platform serializes all elements of User/Group objects, making private information available to adversaries",
  "ObservedExamples.0.Link": "https://www.cve.org/CVERecord?id=CVE-2022-30018",
  "TaxonomyMappings.0.TaxonomyName": "CLASP",
  "TaxonomyMappings.0.EntryName": "Storing passwords in a recoverable format",
  "TaxonomyMappings.1.TaxonomyName": "Software Fault Patterns",
  "TaxonomyMappings.1.EntryID": "SFP23",
  "TaxonomyMappings.1.EntryName": "Exposed Data",
  "RelatedAttackPatterns.0": "49",
  "References.0.ExternalReferenceID": "REF-18",
  "References.0.Authors.0": "Secure Software, Inc.",
  "References.0.Title": "The CLASP Application Security Process",
  "References.0.PublicationYear": "2005",
  "References.0.URL": "https://cwe.mitre.org/documents/sources/TheCLASPApplicationSecurityProcess.pdf",
  "References.0.URLDate": "2024-11-17",
  "MappingNotes.Usage": "Allowed",
  "MappingNotes.Rationale": "This CWE entry is at the Base level of abstraction, which is a preferred level of abstraction for mapping to the root causes of vulnerabilities.",
  "MappingNotes.Comments": "Carefully read both the name and description to ensure that this mapping is an appropriate fit. Do not try to 'force' a mapping to a lower-level Base/Variant simply to comply with this preferred level of abstraction.",
  "MappingNotes.Reasons.0": "Acceptable-Use",
  "Notes.0.Type": "Maintenance",
  "Notes.0.Note": "The meaning of this entry needs to be investigated more closely, especially with respect to what is meant by \"recoverable.\"",
  "ContentHistory.0.Type": "Submission",
  "ContentHistory.0.SubmissionName": "CLASP",
  "ContentHistory.0.SubmissionDate": "2006-07-19",
  "ContentHistory.0.SubmissionVersion": "Draft 3",
  "ContentHistory.0.SubmissionReleaseDate": "2006-07-19",
  "ContentHistory.1.Type": "Modification",
  "ContentHistory.1.ModificationName": "CWE Content Team",
  "ContentHistory.1.ModificationOrganization": "MITRE",
  "ContentHistory.1.ModificationDate": "2008-09-08",
  "ContentHistory.1.ModificationComment": "updated Common_Consequences, Relationships, Other_Notes, Taxonomy_Mappings, Weakness_Ordinalities",
  "ContentHistory.2.Type": "Modification",
  "ContentHistory.2.ModificationName": "CWE Content Team",
  "ContentHistory.2.ModificationOrganization": "MITRE",
  "ContentHistory.2.ModificationDate": "2008-10-14",
  "ContentHistory.2.ModificationComment": "updated Demonstrative_Examples, Description, Maintenance_Notes, Potential_Mitigations",
  "ContentHistory.3.Type": "Modification",
  "ContentHistory.3.ModificationName": "CWE Content Team",
  "ContentHistory.3.ModificationOrganization": "MITRE",
  "ContentHistory.3.ModificationDate": "2010-02-16",
  "ContentHistory.3.ModificationComment": "updated Relationships",
  "ContentHistory.4.Type": "Modification",
  "ContentHistory.4.ModificationName": "CWE Content Team",
  "ContentHistory.4.ModificationOrganization": "MITRE",
  "ContentHistory.4.ModificationDate": "2011-06-01",
  "ContentHistory.4.ModificationComment": "updated Common_Consequences, Demonstrative_Examples",
  "ContentHistory.5.Type": "Modification",
  "ContentHistory.5.ModificationName": "CWE Content Team",
  "ContentHistory.5.ModificationOrganization": "MITRE",
  "ContentHistory.5.ModificationDate": "2012-05-11",
  "ContentHistory.5.ModificationComment": "updated Demonstrative_Examples, Relationships",
  "ContentHistory.6.Type": "Modification",
  "ContentHistory.6.ModificationName": "CWE Content Team",
  "ContentHistory.6.ModificationOrganization": "MITRE",
  "ContentHistory.6.ModificationDate": "2012-10-30",
  "ContentHistory.6.ModificationComment": "updated Demonstrative_Examples",
  "ContentHistory.7.Type": "Modification",
  "ContentHistory.7.ModificationName": "CWE Content Team",
  "ContentHistory.7.ModificationOrganization": "MITRE",
  "ContentHistory.7.ModificationDate": "2014-06-23",
  "ContentHistory.7.ModificationComment": "updated Description, Other_Notes",
  "ContentHistory.8.Type": "Modification",
  "ContentHistory.8.ModificationName": "CWE Content Team",
  "ContentHistory.8.ModificationOrganization": "MITRE",
  "ContentHistory.8.ModificationDate": "2014-07-30",
  "ContentHistory.8.ModificationComment": "updated Relationships, Taxonomy_Mappings",
  "ContentHistory.9.Type": "Modification",
  "ContentHistory.9.ModificationName": "CWE Content Team",
  "ContentHistory.9.ModificationOrganization": "MITRE",
  "ContentHistory.9.ModificationDate": "2017-11-08",
  "ContentHistory.9.ModificationComment": "updated Applicable_Platforms, Causal_Nature, Demonstrative_Examples, Likelihood_of_Exploit, Modes_of_Introduction, Relationships",
  "ContentHistory.10.Type": "Modification",
  "ContentHistory.10.ModificationName": "CWE Content Team",
  "ContentHistory.10.ModificationOrganization": "MITRE",
  "ContentHistory.10.ModificationDate": "2020-02-24",
  "ContentHistory.10.ModificationComment": "updated References, Relationships",
  "ContentHistory.11.Type": "Modification",
  "ContentHistory.11.ModificationName": "CWE Content Team",
  "ContentHistory.11.ModificationOrganization": "MITRE",
  "ContentHistory.11.ModificationDate": "2021-03-15",
  "ContentHistory.11.ModificationComment": "updated Demonstrative_Examples, Maintenance_Notes",
  "ContentHistory.12.Type": "Modification",
  "ContentHistory.12.ModificationName": "CWE Content Team",
  "ContentHistory.12.ModificationOrganization": "MITRE",
  "ContentHistory.12.ModificationDate": "2021-10-28",
  "ContentHistory.12.ModificationComment": "updated Relationships",
  "ContentHistory.13.Type": "Modification",
  "ContentHistory.13.ModificationName": "CWE Content Team",
  "ContentHistory.13.ModificationOrganization": "MITRE",
  "ContentHistory.13.ModificationDate": "2023-04-27",
  "ContentHistory.13.ModificationComment": "updated Detection_Factors, Relationships",
  "ContentHistory.14.Type": "Modification",
  "ContentHistory.14.ModificationName": "CWE Content Team",
  "ContentHistory.14.ModificationOrganization": "MITRE",
  "ContentHistory.14.ModificationDate": "2023-06-29",
  "ContentHistory.14.ModificationComment": "updated Mapping_Notes",
  "ContentHistory.15.Type": "Modification",
  "ContentHistory.15.ModificationName": "CWE Content Team",
  "ContentHistory.15.ModificationOrganization": "MITRE",
  "ContentHistory.15.ModificationDate": "2023-10-26",
  "ContentHistory.15.ModificationComment": "updated Observed_Examples"
}