{
  "ID": "321",
  "Name": "Use of Hard-coded Cryptographic Key",
  "Abstraction": "Variant",
  "Structure": "Simple",
  "Status": "Draft",
  "Diagram": "/data/images/CWE-321-Diagram.png",
  "Description": "The product uses a hard-coded, unchangeable cryptographic key.",
  "LikelihoodOfExploit": "High",
  "RelatedWeaknesses.0.Nature": "ChildOf",
  "RelatedWeaknesses.0.CweID": "798",
  "RelatedWeaknesses.0.ViewID": "1000",
  "RelatedWeaknesses.0.Ordinal": "Primary",
  "RelatedWeaknesses.1.Nature": "ChildOf",
  "RelatedWeaknesses.1.CweID": "798",
  "RelatedWeaknesses.1.ViewID": "1305",
  "RelatedWeaknesses.1.Ordinal": "Primary",
  "RelatedWeaknesses.2.Nature": "ChildOf",
  "RelatedWeaknesses.2.CweID": "798",
  "RelatedWeaknesses.2.ViewID": "1340",
  "RelatedWeaknesses.2.Ordinal": "Primary",
  "ApplicablePlatforms.0.Type": "Language",
  "ApplicablePlatforms.0.Class": "Not Language-Specific",
  "ApplicablePlatforms.0.Prevalence": "Undetermined",
  "ApplicablePlatforms.1.Type": "Technology",
  "ApplicablePlatforms.1.Class": "ICS/OT",
  "ApplicablePlatforms.1.Prevalence": "Undetermined",
  "ModesOfIntroduction.0.Phase": "Architecture and Design",
  "ModesOfIntroduction.0.Note": "REALIZATION: This weakness is caused during implementation of an architectural security tactic.",
  "CommonConsequences.0.Scope.0": "Access Control",
  "CommonConsequences.0.Impact.0": "Bypass Protection Mechanism",
  "CommonConsequences.0.Impact.1": "Gain Privileges or Assume Identity",
  "CommonConsequences.0.Impact.2": "Read Application Data",
  "CommonConsequences.0.Note": "If hard-coded cryptographic keys are used, it is almost certain that malicious users will gain access through the account in question. The use of a hard-coded cryptographic key significantly increases the possibility that encrypted data may be recovered.",
  "DetectionMethods.0.DetectionMethodID": "DM-14",
  "DetectionMethods.0.Method": "Automated Static Analysis",
  "DetectionMethods.0.Description": "Automated static analysis, commonly referred to as Static Application Security Testing (SAST), can find some instances of this weakness by analyzing source code (or binary/compiled code) without having to execute it. Typically, this is done by building a model of data flow and control flow, then searching for potentially-vulnerable patterns that connect \"sources\" (origins of input) with \"sinks\" (destinations where the data interacts with external components, a lower layer such as the OS, etc.)",
  "DetectionMethods.0.Effectiveness": "High",
  "PotentialMitigations.0.Phase.0": "Architecture and Design",
  "PotentialMitigations.0.Description": "Prevention schemes mirror that of hard-coded password storage.",
  "DemonstrativeExamples.0.ID": "DX-92",
  "DemonstrativeExamples.0.Entries.0.IntroText": "The following code examples attempt to verify a password using a hard-coded cryptographic key.",
  "DemonstrativeExamples.0.Entries.1.Nature": "Bad",
  "DemonstrativeExamples.0.Entries.1.Language": "C",
  "DemonstrativeExamples.0.Entries.1.ExampleCode": "```\n\tint VerifyAdmin(char *password) {\n\t\t\tif (strcmp(password,\"68af404b513073584c4b6f22b6c63e6b\")) {\n\t\t\t\t\tprintf(\"Incorrect Password!\\n\");\n\t\t\t\t\treturn(0);\n\t\t\t}\n\t\t\tprintf(\"Entering Diagnostic Mode...\\n\");\n\t\t\treturn(1);\n\t}\n```",
  "DemonstrativeExamples.0.Entries.2.Nature": "Bad",
  "DemonstrativeExamples.0.Entries.2.Language": "Java",
  "DemonstrativeExamples.0.Entries.2.ExampleCode": "```\n\tpublic boolean VerifyAdmin(String password) {\n\t\tif (password.equals(\"68af404b513073584c4b6f22b6c63e6b\")) {\n\t\t\tSystem.out.println(\"Entering Diagnostic Mode...\");\n\t\t\treturn true;\n\t\t}\n\t\tSystem.out.println(\"Incorrect Password!\");\n\t\treturn false;\n```",
  "DemonstrativeExamples.0.Entries.3.Nature": "Bad",
  "DemonstrativeExamples.0.Entries.3.Language": "C#",
  "DemonstrativeExamples.0.Entries.3.ExampleCode": "```\n\tint VerifyAdmin(String password) {\n\t\tif (password.Equals(\"68af404b513073584c4b6f22b6c63e6b\")) {\n\t\t\tConsole.WriteLine(\"Entering Diagnostic Mode...\");\n\t\t\treturn(1);\n\t\t}\n\t\tConsole.WriteLine(\"Incorrect Password!\");\n\t\treturn(0);\n\t}\n```",
  "DemonstrativeExamples.0.Entries.4.BodyText": "The cryptographic key is within a hard-coded string value that is compared to the password. It is likely that an attacker will be able to read the key and compromise the system.",
  "DemonstrativeExamples.1.ID": "DX-153",
  "DemonstrativeExamples.1.Entries.0.IntroText": "In 2022, the OT:ICEFALL study examined products by 10 different Operational Technology (OT) vendors. The researchers reported 56 vulnerabilities and said that the products were \"insecure by design\" [REF-1283]. If exploited, these vulnerabilities often allowed adversaries to change how the products operated, ranging from denial of service to changing the code that the products executed. Since these products were often used in industries such as power, electrical, water, and others, there could even be safety implications.",
  "DemonstrativeExamples.1.Entries.1.BodyText": "Multiple vendors used hard-coded keys for critical functionality in their OT products.",
  "ObservedExamples.0.Reference": "CVE-2022-29960",
  "ObservedExamples.0.Description": "Engineering Workstation uses hard-coded cryptographic keys that could allow for unathorized filesystem access and privilege escalation",
  "ObservedExamples.0.Link": "https://www.cve.org/CVERecord?id=CVE-2022-29960",
  "ObservedExamples.1.Reference": "CVE-2022-30271",
  "ObservedExamples.1.Description": "Remote Terminal Unit (RTU) uses a hard-coded SSH private key that is likely to be used by default.",
  "ObservedExamples.1.Link": "https://www.cve.org/CVERecord?id=CVE-2022-30271",
  "ObservedExamples.2.Reference": "CVE-2020-10884",
  "ObservedExamples.2.Description": "WiFi router service has a hard-coded encryption key, allowing root access",
  "ObservedExamples.2.Link": "https://www.cve.org/CVERecord?id=CVE-2020-10884",
  "ObservedExamples.3.Reference": "CVE-2014-2198",
  "ObservedExamples.3.Description": "Communications / collaboration product has a hardcoded SSH private key, allowing access to root account",
  "ObservedExamples.3.Link": "https://www.cve.org/CVERecord?id=CVE-2014-2198",
  "TaxonomyMappings.0.TaxonomyName": "CLASP",
  "TaxonomyMappings.0.EntryName": "Use of hard-coded cryptographic key",
  "TaxonomyMappings.1.TaxonomyName": "OWASP Top Ten 2007",
  "TaxonomyMappings.1.EntryID": "A8",
  "TaxonomyMappings.1.EntryName": "Insecure Cryptographic Storage",
  "TaxonomyMappings.1.MappingFit": "CWE More Specific",
  "TaxonomyMappings.2.TaxonomyName": "OWASP Top Ten 2007",
  "TaxonomyMappings.2.EntryID": "A9",
  "TaxonomyMappings.2.EntryName": "Insecure Communications",
  "TaxonomyMappings.2.MappingFit": "CWE More Specific",
  "TaxonomyMappings.3.TaxonomyName": "OWASP Top Ten 2004",
  "TaxonomyMappings.3.EntryID": "A8",
  "TaxonomyMappings.3.EntryName": "Insecure Storage",
  "TaxonomyMappings.3.MappingFit": "CWE More Specific",
  "TaxonomyMappings.4.TaxonomyName": "Software Fault Patterns",
  "TaxonomyMappings.4.EntryID": "SFP33",
  "TaxonomyMappings.4.EntryName": "Hardcoded sensitive data",
  "TaxonomyMappings.5.TaxonomyName": "ISA/IEC 62443",
  "TaxonomyMappings.5.EntryID": "Part 2-4",
  "TaxonomyMappings.5.EntryName": "Req SP.03.10 RE(1)",
  "TaxonomyMappings.6.TaxonomyName": "ISA/IEC 62443",
  "TaxonomyMappings.6.EntryID": "Part 2-4",
  "TaxonomyMappings.6.EntryName": "Req SP.03.10 RE(3)",
  "TaxonomyMappings.7.TaxonomyName": "ISA/IEC 62443",
  "TaxonomyMappings.7.EntryID": "Part 3-3",
  "TaxonomyMappings.7.EntryName": "Req SR 1.5",
  "TaxonomyMappings.8.TaxonomyName": "ISA/IEC 62443",
  "TaxonomyMappings.8.EntryID": "Part 3-3",
  "TaxonomyMappings.8.EntryName": "Req SR 4.3",
  "TaxonomyMappings.9.TaxonomyName": "ISA/IEC 62443",
  "TaxonomyMappings.9.EntryID": "Part 4-1",
  "TaxonomyMappings.9.EntryName": "Req SD-1",
  "TaxonomyMappings.10.TaxonomyName": "ISA/IEC 62443",
  "TaxonomyMappings.10.EntryID": "Part 4-2",
  "TaxonomyMappings.10.EntryName": "Req SR 4.3",
  "TaxonomyMappings.11.TaxonomyName": "ISA/IEC 62443",
  "TaxonomyMappings.11.EntryID": "Part 4-2",
  "TaxonomyMappings.11.EntryName": "Req CR 7.3",
  "References.0.ExternalReferenceID": "REF-18",
  "References.0.Authors.0": "Secure Software, Inc.",
  "References.0.Title": "The CLASP Application Security Process",
  "References.0.PublicationYear": "2005",
  "References.0.URL": "https://cwe.mitre.org/documents/sources/TheCLASPApplicationSecurityProcess.pdf",
  "References.0.URLDate": "2024-11-17",
  "References.1.ExternalReferenceID": "REF-1283",
  "References.1.Authors.0": "Forescout Vedere Labs",
  "References.1.Title": "OT:ICEFALL: The legacy of \"insecure by design\" and its implications for certifications and risk management",
  "References.1.PublicationYear": "2022",
  "References.1.PublicationMonth": "06",
  "References.1.PublicationDay": "20",
  "References.1.URL": "https://www.forescout.com/resources/ot-icefall-report/",
  "MappingNotes.Usage": "Allowed",
  "MappingNotes.Rationale": "This CWE entry is at the Variant level of abstraction, which is a preferred level of abstraction for mapping to the root causes of vulnerabilities.",
  "MappingNotes.Comments": "Carefully read both the name and description to ensure that this mapping is an appropriate fit. Do not try to 'force' a mapping to a lower-level Base/Variant simply to comply with this preferred level of abstraction.",
  "MappingNotes.Reasons.0": "Acceptable-Use",
  "Notes.0.Type": "Other",
  "Notes.0.Note": "The main difference between the use of hard-coded passwords and the use of hard-coded cryptographic keys is the false sense of security that the former conveys. Many people believe that simply hashing a hard-coded password before storage will protect the information from malicious users. However, many hashes are reversible (or at least vulnerable to brute force attacks) -- and further, many authentication protocols simply request the hash itself, making it no better than a password.",
  "Notes.1.Type": "Maintenance",
  "Notes.1.Note": "The Taxonomy_Mappings to ISA/IEC 62443 were added in CWE 4.10, but they are still under review and might change in future CWE versions. These draft mappings were performed by members of the \"Mapping CWE to 62443\" subgroup of the CWE-CAPEC ICS/OT Special Interest Group (SIG), and their work is incomplete as of CWE 4.10. The mappings are included to facilitate discussion and review by the broader ICS/OT community, and they are likely to change in future CWE versions.",
  "ContentHistory.0.Type": "Submission",
  "ContentHistory.0.SubmissionName": "CLASP",
  "ContentHistory.0.SubmissionDate": "2006-07-19",
  "ContentHistory.0.SubmissionVersion": "Draft 3",
  "ContentHistory.0.SubmissionReleaseDate": "2006-07-19",
  "ContentHistory.1.Type": "Modification",
  "ContentHistory.1.ModificationName": "Eric Dalci",
  "ContentHistory.1.ModificationOrganization": "Cigital",
  "ContentHistory.1.ModificationDate": "2008-07-01",
  "ContentHistory.1.ModificationComment": "updated Time_of_Introduction",
  "ContentHistory.2.Type": "Modification",
  "ContentHistory.2.ModificationOrganization": "Veracode",
  "ContentHistory.2.ModificationDate": "2008-08-15",
  "ContentHistory.2.ModificationComment": "Suggested OWASP Top Ten 2004 mapping",
  "ContentHistory.3.Type": "Modification",
  "ContentHistory.3.ModificationName": "CWE Content Team",
  "ContentHistory.3.ModificationOrganization": "MITRE",
  "ContentHistory.3.ModificationDate": "2008-09-08",
  "ContentHistory.3.ModificationComment": "updated Common_Consequences, Relationships, Other_Notes, Taxonomy_Mappings",
  "ContentHistory.4.Type": "Modification",
  "ContentHistory.4.ModificationName": "CWE Content Team",
  "ContentHistory.4.ModificationOrganization": "MITRE",
  "ContentHistory.4.ModificationDate": "2009-05-27",
  "ContentHistory.4.ModificationComment": "updated Demonstrative_Examples",
  "ContentHistory.5.Type": "Modification",
  "ContentHistory.5.ModificationName": "CWE Content Team",
  "ContentHistory.5.ModificationOrganization": "MITRE",
  "ContentHistory.5.ModificationDate": "2010-02-16",
  "ContentHistory.5.ModificationComment": "updated Relationships",
  "ContentHistory.6.Type": "Modification",
  "ContentHistory.6.ModificationName": "CWE Content Team",
  "ContentHistory.6.ModificationOrganization": "MITRE",
  "ContentHistory.6.ModificationDate": "2010-09-27",
  "ContentHistory.6.ModificationComment": "updated Relationships",
  "ContentHistory.7.Type": "Modification",
  "ContentHistory.7.ModificationName": "CWE Content Team",
  "ContentHistory.7.ModificationOrganization": "MITRE",
  "ContentHistory.7.ModificationDate": "2010-12-13",
  "ContentHistory.7.ModificationComment": "updated Relationships",
  "ContentHistory.8.Type": "Modification",
  "ContentHistory.8.ModificationName": "CWE Content Team",
  "ContentHistory.8.ModificationOrganization": "MITRE",
  "ContentHistory.8.ModificationDate": "2011-06-01",
  "ContentHistory.8.ModificationComment": "updated Common_Consequences",
  "ContentHistory.9.Type": "Modification",
  "ContentHistory.9.ModificationName": "CWE Content Team",
  "ContentHistory.9.ModificationOrganization": "MITRE",
  "ContentHistory.9.ModificationDate": "2012-05-11",
  "ContentHistory.9.ModificationComment": "updated Demonstrative_Examples, Relationships",
  "ContentHistory.10.Type": "Modification",
  "ContentHistory.10.ModificationName": "CWE Content Team",
  "ContentHistory.10.ModificationOrganization": "MITRE",
  "ContentHistory.10.ModificationDate": "2014-07-30",
  "ContentHistory.10.ModificationComment": "updated Demonstrative_Examples, Relationships, Taxonomy_Mappings",
  "ContentHistory.11.Type": "Modification",
  "ContentHistory.11.ModificationName": "CWE Content Team",
  "ContentHistory.11.ModificationOrganization": "MITRE",
  "ContentHistory.11.ModificationDate": "2017-11-08",
  "ContentHistory.11.ModificationComment": "updated Applicable_Platforms, Demonstrative_Examples, Modes_of_Introduction, Relationships",
  "ContentHistory.12.Type": "Modification",
  "ContentHistory.12.ModificationName": "CWE Content Team",
  "ContentHistory.12.ModificationOrganization": "MITRE",
  "ContentHistory.12.ModificationDate": "2020-02-24",
  "ContentHistory.12.ModificationComment": "updated References, Relationships, Type",
  "ContentHistory.13.Type": "Modification",
  "ContentHistory.13.ModificationName": "CWE Content Team",
  "ContentHistory.13.ModificationOrganization": "MITRE",
  "ContentHistory.13.ModificationDate": "2020-08-20",
  "ContentHistory.13.ModificationComment": "updated Relationships",
  "ContentHistory.14.Type": "Modification",
  "ContentHistory.14.ModificationName": "CWE Content Team",
  "ContentHistory.14.ModificationOrganization": "MITRE",
  "ContentHistory.14.ModificationDate": "2020-12-10",
  "ContentHistory.14.ModificationComment": "updated Relationships",
  "ContentHistory.15.Type": "Modification",
  "ContentHistory.15.ModificationName": "CWE Content Team",
  "ContentHistory.15.ModificationOrganization": "MITRE",
  "ContentHistory.15.ModificationDate": "2021-10-28",
  "ContentHistory.15.ModificationComment": "updated Relationships",
  "ContentHistory.16.Type": "Modification",
  "ContentHistory.16.ModificationName": "CWE Content Team",
  "ContentHistory.16.ModificationOrganization": "MITRE",
  "ContentHistory.16.ModificationDate": "2022-10-13",
  "ContentHistory.16.ModificationComment": "updated Demonstrative_Examples, Observed_Examples, References",
  "ContentHistory.17.Type": "Modification",
  "ContentHistory.17.ModificationName": "CWE Content Team",
  "ContentHistory.17.ModificationOrganization": "MITRE",
  "ContentHistory.17.ModificationDate": "2023-01-31",
  "ContentHistory.17.ModificationComment": "updated Applicable_Platforms, Maintenance_Notes, Taxonomy_Mappings",
  "ContentHistory.18.Type": "Modification",
  "ContentHistory.18.ModificationName": "CWE Content Team",
  "ContentHistory.18.ModificationOrganization": "MITRE",
  "ContentHistory.18.ModificationDate": "2023-04-27",
  "ContentHistory.18.ModificationComment": "updated Detection_Factors, Relationships, Taxonomy_Mappings",
  "ContentHistory.19.Type": "Modification",
  "ContentHistory.19.ModificationName": "CWE Content Team",
  "ContentHistory.19.ModificationOrganization": "MITRE",
  "ContentHistory.19.ModificationDate": "2023-06-29",
  "ContentHistory.19.ModificationComment": "updated Mapping_Notes, Taxonomy_Mappings",
  "ContentHistory.20.Type": "Modification",
  "ContentHistory.20.ModificationName": "CWE Content Team",
  "ContentHistory.20.ModificationOrganization": "MITRE",
  "ContentHistory.20.ModificationDate": "2025-04-03",
  "ContentHistory.20.ModificationComment": "updated Common_Consequences, Description, Diagram",
  "ContentHistory.20.ModificationVersion": "4.17",
  "ContentHistory.20.ModificationReleaseDate": "2025-04-03",
  "ContentHistory.21.Type": "Contribution",
  "ContentHistory.21.ContributionName": "\"Mapping CWE to 62443\" Sub-Working Group",
  "ContentHistory.21.ContributionOrganization": "CWE-CAPEC ICS/OT SIG",
  "ContentHistory.21.ContributionDate": "2023-01-24",
  "ContentHistory.21.ContributionComment": "Suggested mappings to ISA/IEC 62443.",
  "ContentHistory.21.ContributionType": "Content",
  "ContentHistory.21.ContributionVersion": "4.10",
  "ContentHistory.21.ContributionReleaseDate": "2023-01-31",
  "ContentHistory.22.Type": "Contribution",
  "ContentHistory.22.ContributionName": "\"Mapping CWE to 62443\" Sub-Working Group",
  "ContentHistory.22.ContributionOrganization": "CWE-CAPEC ICS/OT SIG",
  "ContentHistory.22.ContributionDate": "2023-04-25",
  "ContentHistory.22.ContributionComment": "Suggested mappings to ISA/IEC 62443.",
  "ContentHistory.22.ContributionType": "Content"
}