{
  "ID": "862",
  "Name": "Missing Authorization",
  "Abstraction": "Class",
  "Structure": "Simple",
  "Status": "Incomplete",
  "Diagram": "/data/images/CWE-862-Diagram.png",
  "Description": "The product does not perform an authorization check when an actor attempts to access a resource or perform an action.",
  "LikelihoodOfExploit": "High",
  "RelatedWeaknesses.0.Nature": "ChildOf",
  "RelatedWeaknesses.0.CweID": "285",
  "RelatedWeaknesses.0.ViewID": "1000",
  "RelatedWeaknesses.0.Ordinal": "Primary",
  "RelatedWeaknesses.1.Nature": "ChildOf",
  "RelatedWeaknesses.1.CweID": "284",
  "RelatedWeaknesses.1.ViewID": "1340",
  "RelatedWeaknesses.1.Ordinal": "Primary",
  "ApplicablePlatforms.0.Type": "Language",
  "ApplicablePlatforms.0.Class": "Not Language-Specific",
  "ApplicablePlatforms.0.Prevalence": "Undetermined",
  "ApplicablePlatforms.1.Type": "Technology",
  "ApplicablePlatforms.1.Name": "Web Server",
  "ApplicablePlatforms.1.Prevalence": "Often",
  "ApplicablePlatforms.2.Type": "Technology",
  "ApplicablePlatforms.2.Name": "Database Server",
  "ApplicablePlatforms.2.Prevalence": "Often",
  "BackgroundDetails.0": "An access control list (ACL) represents who/what has permissions to a given object. Different operating systems implement (ACLs) in different ways. In UNIX, there are three types of permissions: read, write, and execute. Users are divided into three classes for file access: owner, group owner, and all other users where each class has a separate set of rights. In Windows NT, there are four basic types of permissions for files: \"No access\", \"Read access\", \"Change access\", and \"Full control\". Windows NT extends the concept of three types of users in UNIX to include a list of users and groups along with their associated permissions. A user can create an object (file) and assign specified permissions to that object.",
  "AlternateTerms.0.Term": "AuthZ",
  "AlternateTerms.0.Description": "\"AuthZ\" is typically used as an abbreviation of \"authorization\" within the web application security community. It is distinct from \"AuthN\" (or, sometimes, \"AuthC\") which is an abbreviation of \"authentication.\" The use of \"Auth\" as an abbreviation is discouraged, since it could be used for either authentication or authorization.",
  "ModesOfIntroduction.0.Phase": "Architecture and Design",
  "ModesOfIntroduction.0.Note": "\n\nOMISSION: This weakness is caused by missing a security tactic during the architecture and design phase.\n\n\nAuthorization weaknesses may arise when a single-user application is ported to a multi-user environment.\n",
  "ModesOfIntroduction.1.Phase": "Implementation",
  "ModesOfIntroduction.1.Note": "A developer may introduce authorization weaknesses because of a lack of understanding about the underlying technologies. For example, a developer may assume that attackers cannot modify certain inputs such as headers or cookies.",
  "ModesOfIntroduction.2.Phase": "Operation",
  "CommonConsequences.0.Scope.0": "Confidentiality",
  "CommonConsequences.0.Impact.0": "Read Application Data",
  "CommonConsequences.0.Impact.1": "Read Files or Directories",
  "CommonConsequences.0.Note": "An attacker could read sensitive data, either by reading the data directly from a data store that is not restricted, or by accessing insufficiently-protected, privileged functionality to read the data.",
  "CommonConsequences.1.Scope.0": "Integrity",
  "CommonConsequences.1.Impact.0": "Modify Application Data",
  "CommonConsequences.1.Impact.1": "Modify Files or Directories",
  "CommonConsequences.1.Note": "An attacker could modify sensitive data, either by writing the data directly to a data store that is not restricted, or by accessing insufficiently-protected, privileged functionality to write the data.",
  "CommonConsequences.2.Scope.0": "Access Control",
  "CommonConsequences.2.Impact.0": "Gain Privileges or Assume Identity",
  "CommonConsequences.2.Impact.1": "Bypass Protection Mechanism",
  "CommonConsequences.2.Note": "An attacker could gain privileges by modifying or reading critical data directly, or by accessing privileged functionality.",
  "CommonConsequences.3.Scope.0": "Availability",
  "CommonConsequences.3.Impact.0": "DoS: Crash, Exit, or Restart",
  "CommonConsequences.3.Impact.1": "DoS: Resource Consumption (CPU)",
  "CommonConsequences.3.Impact.2": "DoS: Resource Consumption (Memory)",
  "CommonConsequences.3.Impact.3": "DoS: Resource Consumption (Other)",
  "CommonConsequences.3.Note": "An attacker could gain unauthorized access to resources on the system and excessively consume those resources, leading to a denial of service.",
  "DetectionMethods.0.DetectionMethodID": "DM-6",
  "DetectionMethods.0.Method": "Automated Static Analysis",
  "DetectionMethods.0.Description": "\n\nAutomated static analysis is useful for detecting commonly-used idioms for authorization. A tool may be able to analyze related configuration files, such as .htaccess in Apache web servers, or detect the usage of commonly-used authorization libraries.\n\n\nGenerally, automated static analysis tools have difficulty detecting custom authorization schemes. In addition, the software's design may include some functionality that is accessible to any user and does not require an authorization check; an automated technique that detects the absence of authorization may report false positives.\n",
  "DetectionMethods.0.Effectiveness": "Limited",
  "DetectionMethods.1.Method": "Automated Dynamic Analysis",
  "DetectionMethods.1.Description": "Automated dynamic analysis may find many or all possible interfaces that do not require authorization, but manual analysis is required to determine if the lack of authorization violates business logic.",
  "DetectionMethods.2.Method": "Manual Analysis",
  "DetectionMethods.2.Description": "\n\nThis weakness can be detected using tools and techniques that require manual (human) analysis, such as penetration testing, threat modeling, and interactive tools that allow the tester to record and modify an active session.\n\n\nSpecifically, manual static analysis is useful for evaluating the correctness of custom authorization mechanisms.\n",
  "DetectionMethods.2.Effectiveness": "Moderate",
  "DetectionMethods.2.EffectivenessNotes": "These may be more effective than strictly automated techniques. This is especially the case with weaknesses that are related to design and business rules. However, manual efforts might not achieve desired code coverage within limited time constraints.",
  "DetectionMethods.3.Method": "Manual Static Analysis - Binary or Bytecode",
  "DetectionMethods.3.Description": "\n\nAccording to SOAR, the following detection techniques may be useful:\n\n```\n\t\tCost effective for partial coverage:\n```\n\n\t\tBinary / Bytecode disassembler - then use manual analysis for vulnerabilities & anomalies",
  "DetectionMethods.3.Effectiveness": "SOAR Partial",
  "DetectionMethods.4.Method": "Dynamic Analysis with Automated Results Interpretation",
  "DetectionMethods.4.Description": "\n\nAccording to SOAR, the following detection techniques may be useful:\n\n```\n\t\tCost effective for partial coverage:\n```\n\n\t\tWeb Application Scanner\n\t\tWeb Services Scanner\n\t\tDatabase Scanners",
  "DetectionMethods.4.Effectiveness": "SOAR Partial",
  "DetectionMethods.5.Method": "Dynamic Analysis with Manual Results Interpretation",
  "DetectionMethods.5.Description": "\n\nAccording to SOAR, the following detection techniques may be useful:\n\n```\n\t\tCost effective for partial coverage:\n```\n\n\t\tHost Application Interface Scanner\n\t\tFuzz Tester\n\t\tFramework-based Fuzzer",
  "DetectionMethods.5.Effectiveness": "SOAR Partial",
  "DetectionMethods.6.Method": "Manual Static Analysis - Source Code",
  "DetectionMethods.6.Description": "\n\nAccording to SOAR, the following detection techniques may be useful:\n\n```\n\t\tCost effective for partial coverage:\n```\n\n\t\tFocused Manual Spotcheck - Focused manual analysis of source\n\t\tManual Source Code Review (not inspections)",
  "DetectionMethods.6.Effectiveness": "SOAR Partial",
  "DetectionMethods.7.Method": "Automated Static Analysis - Source Code",
  "DetectionMethods.7.Description": "\n\nAccording to SOAR, the following detection techniques may be useful:\n\n```\n\t\tCost effective for partial coverage:\n```\n\n\t\tSource code Weakness Analyzer\n\t\tContext-configured Source Code Weakness Analyzer",
  "DetectionMethods.7.Effectiveness": "SOAR Partial",
  "DetectionMethods.8.Method": "Architecture or Design Review",
  "DetectionMethods.8.Description": "\n\nAccording to SOAR, the following detection techniques may be useful:\n\n```\n\t\tHighly cost effective:\n```\n\n\t\tInspection (IEEE 1028 standard) (can apply to requirements, design, source code, etc.)\n\t\tFormal Methods / Correct-By-Construction",
  "DetectionMethods.8.Effectiveness": "High",
  "PotentialMitigations.0.Phase.0": "Architecture and Design",
  "PotentialMitigations.0.Description": "\n\nDivide the product into anonymous, normal, privileged, and administrative areas. Reduce the attack surface by carefully mapping roles with data and functionality. Use role-based access control (RBAC) [REF-229] to enforce the roles at the appropriate boundaries.\n\n\nNote that this approach may not protect against horizontal authorization, i.e., it will not protect a user from attacking others with the same role.\n",
  "PotentialMitigations.1.Phase.0": "Architecture and Design",
  "PotentialMitigations.1.Description": "Ensure that access control checks are performed related to the business logic. These checks may be different than the access control checks that are applied to more generic resources such as files, connections, processes, memory, and database records. For example, a database may restrict access for medical records to a specific database user, but each record might only be intended to be accessible to the patient and the patient's doctor [REF-7].",
  "PotentialMitigations.2.MitigationID": "MIT-4.4",
  "PotentialMitigations.2.Phase.0": "Architecture and Design",
  "PotentialMitigations.2.Strategy": "Libraries or Frameworks",
  "PotentialMitigations.2.Description": "\n\nUse a vetted library or framework that does not allow this weakness to occur or provides constructs that make this weakness easier to avoid.\n\n\nFor example, consider using authorization frameworks such as the JAAS Authorization Framework [REF-233] and the OWASP ESAPI Access Control feature [REF-45].\n",
  "PotentialMitigations.3.Phase.0": "Architecture and Design",
  "PotentialMitigations.3.Description": "\n\nFor web applications, make sure that the access control mechanism is enforced correctly at the server side on every page. Users should not be able to access any unauthorized functionality or information by simply requesting direct access to that page.\n\n\nOne way to do this is to ensure that all pages containing sensitive information are not cached, and that all such pages restrict access to requests that are accompanied by an active and authenticated session token associated with a user who has the required permissions to access that page.\n",
  "PotentialMitigations.4.Phase.0": "System Configuration",
  "PotentialMitigations.4.Phase.1": "Installation",
  "PotentialMitigations.4.Description": "Use the access control capabilities of your operating system and server environment and define your access control lists accordingly. Use a \"default deny\" policy when defining these ACLs.",
  "DemonstrativeExamples.0.ID": "DX-95",
  "DemonstrativeExamples.0.Entries.0.IntroText": "This function runs an arbitrary SQL query on a given database, returning the result of the query.",
  "DemonstrativeExamples.0.Entries.1.Nature": "Bad",
  "DemonstrativeExamples.0.Entries.1.Language": "PHP",
  "DemonstrativeExamples.0.Entries.1.ExampleCode": "```\n\tfunction runEmployeeQuery($dbName, $name){\n\t\tmysql_select_db($dbName,$globalDbHandle) or die(\"Could not open Database\".$dbName);\n```\n//Use a prepared statement to avoid CWE-89* \n\t\t$preparedStatement = $globalDbHandle->prepare('SELECT * FROM employees WHERE name = :name');\n\t\t$preparedStatement->execute(array(':name' => $name));\n\t\treturn $preparedStatement->fetchAll();}\n\t\n\t */.../* \n\t\n\t$employeeRecord = runEmployeeQuery('EmployeeDB',$_GET['EmployeeName']);",
  "DemonstrativeExamples.0.Entries.2.BodyText": "While this code is careful to avoid SQL Injection, the function does not confirm the user sending the query is authorized to do so. An attacker may be able to obtain sensitive employee information from the database.",
  "DemonstrativeExamples.1.ID": "DX-96",
  "DemonstrativeExamples.1.Entries.0.IntroText": "The following program could be part of a bulletin board system that allows users to send private messages to each other. This program intends to authenticate the user before deciding whether a private message should be displayed. Assume that LookupMessageObject() ensures that the $id argument is numeric, constructs a filename based on that id, and reads the message details from that file. Also assume that the program stores all private messages for all users in the same directory.",
  "DemonstrativeExamples.1.Entries.1.Nature": "Bad",
  "DemonstrativeExamples.1.Entries.1.Language": "Perl",
  "DemonstrativeExamples.1.Entries.1.ExampleCode": "```\n\tsub DisplayPrivateMessage {\n\t\tmy($id) = @_;\n\t\tmy $Message = LookupMessageObject($id);\n\t\tprint \"From: \" . encodeHTML($Message->{from}) . \"<br>\\n\";\n\t\tprint \"Subject: \" . encodeHTML($Message->{subject}) . \"\\n\";\n\t\tprint \"<hr>\\n\";\n\t\tprint \"Body: \" . encodeHTML($Message->{body}) . \"\\n\";\n\t}\n\tmy $q = new CGI;\n```\n# For purposes of this example, assume that CWE-309 and* \n\t\n\t\n\t\n\t *# CWE-523 do not apply.* \n\tif (! AuthenticateUser($q->param('username'), $q->param('password'))) {\n\t```\n\t\tExitError(\"invalid username or password\");\n\t}\n\tmy $id = $q->param('id');\n\tDisplayPrivateMessage($id);\n```",
  "DemonstrativeExamples.1.Entries.2.BodyText": "While the program properly exits if authentication fails, it does not ensure that the message is addressed to the user. As a result, an authenticated attacker could provide any arbitrary identifier and read private messages that were intended for other users.",
  "DemonstrativeExamples.1.Entries.3.BodyText": "One way to avoid this problem would be to ensure that the \"to\" field in the message object matches the username of the authenticated user.",
  "ObservedExamples.0.Reference": "CVE-2022-24730",
  "ObservedExamples.0.Description": "Go-based continuous deployment product does not check that a user has certain privileges to update or create an app, allowing adversaries to read sensitive repository information",
  "ObservedExamples.0.Link": "https://www.cve.org/CVERecord?id=CVE-2022-24730",
  "ObservedExamples.1.Reference": "CVE-2009-3168",
  "ObservedExamples.1.Description": "Web application does not restrict access to admin scripts, allowing authenticated users to reset administrative passwords.",
  "ObservedExamples.1.Link": "https://www.cve.org/CVERecord?id=CVE-2009-3168",
  "ObservedExamples.2.Reference": "CVE-2009-3597",
  "ObservedExamples.2.Description": "Web application stores database file under the web root with insufficient access control (CWE-219), allowing direct request.",
  "ObservedExamples.2.Link": "https://www.cve.org/CVERecord?id=CVE-2009-3597",
  "ObservedExamples.3.Reference": "CVE-2009-2282",
  "ObservedExamples.3.Description": "Terminal server does not check authorization for guest access.",
  "ObservedExamples.3.Link": "https://www.cve.org/CVERecord?id=CVE-2009-2282",
  "ObservedExamples.4.Reference": "CVE-2008-5027",
  "ObservedExamples.4.Description": "System monitoring software allows users to bypass authorization by creating custom forms.",
  "ObservedExamples.4.Link": "https://www.cve.org/CVERecord?id=CVE-2008-5027",
  "ObservedExamples.5.Reference": "CVE-2009-3781",
  "ObservedExamples.5.Description": "Content management system does not check access permissions for private files, allowing others to view those files.",
  "ObservedExamples.5.Link": "https://www.cve.org/CVERecord?id=CVE-2009-3781",
  "ObservedExamples.6.Reference": "CVE-2008-6548",
  "ObservedExamples.6.Description": "Product does not check the ACL of a page accessed using an \"include\" directive, allowing attackers to read unauthorized files.",
  "ObservedExamples.6.Link": "https://www.cve.org/CVERecord?id=CVE-2008-6548",
  "ObservedExamples.7.Reference": "CVE-2009-2960",
  "ObservedExamples.7.Description": "Web application does not restrict access to admin scripts, allowing authenticated users to modify passwords of other users.",
  "ObservedExamples.7.Link": "https://www.cve.org/CVERecord?id=CVE-2009-2960",
  "ObservedExamples.8.Reference": "CVE-2009-3230",
  "ObservedExamples.8.Description": "Database server does not use appropriate privileges for certain sensitive operations.",
  "ObservedExamples.8.Link": "https://www.cve.org/CVERecord?id=CVE-2009-3230",
  "ObservedExamples.9.Reference": "CVE-2009-2213",
  "ObservedExamples.9.Description": "Gateway uses default \"Allow\" configuration for its authorization settings.",
  "ObservedExamples.9.Link": "https://www.cve.org/CVERecord?id=CVE-2009-2213",
  "ObservedExamples.10.Reference": "CVE-2009-0034",
  "ObservedExamples.10.Description": "Chain: product does not properly interpret a configuration option for a system group, allowing users to gain privileges.",
  "ObservedExamples.10.Link": "https://www.cve.org/CVERecord?id=CVE-2009-0034",
  "ObservedExamples.11.Reference": "CVE-2008-6123",
  "ObservedExamples.11.Description": "Chain: SNMP product does not properly parse a configuration option for which hosts are allowed to connect, allowing unauthorized IP addresses to connect.",
  "ObservedExamples.11.Link": "https://www.cve.org/CVERecord?id=CVE-2008-6123",
  "ObservedExamples.12.Reference": "CVE-2008-7109",
  "ObservedExamples.12.Description": "Chain: reliance on client-side security (CWE-602) allows attackers to bypass authorization using a custom client.",
  "ObservedExamples.12.Link": "https://www.cve.org/CVERecord?id=CVE-2008-7109",
  "ObservedExamples.13.Reference": "CVE-2008-3424",
  "ObservedExamples.13.Description": "Chain: product does not properly handle wildcards in an authorization policy list, allowing unintended access.",
  "ObservedExamples.13.Link": "https://www.cve.org/CVERecord?id=CVE-2008-3424",
  "ObservedExamples.14.Reference": "CVE-2005-1036",
  "ObservedExamples.14.Description": "Chain: Bypass of access restrictions due to improper authorization (CWE-862) of a user results from an improperly initialized (CWE-909) I/O permission bitmap",
  "ObservedExamples.14.Link": "https://www.cve.org/CVERecord?id=CVE-2005-1036",
  "ObservedExamples.15.Reference": "CVE-2008-4577",
  "ObservedExamples.15.Description": "ACL-based protection mechanism treats negative access rights as if they are positive, allowing bypass of intended restrictions.",
  "ObservedExamples.15.Link": "https://www.cve.org/CVERecord?id=CVE-2008-4577",
  "ObservedExamples.16.Reference": "CVE-2007-2925",
  "ObservedExamples.16.Description": "Default ACL list for a DNS server does not set certain ACLs, allowing unauthorized DNS queries.",
  "ObservedExamples.16.Link": "https://www.cve.org/CVERecord?id=CVE-2007-2925",
  "ObservedExamples.17.Reference": "CVE-2006-6679",
  "ObservedExamples.17.Description": "Product relies on the X-Forwarded-For HTTP header for authorization, allowing unintended access by spoofing the header.",
  "ObservedExamples.17.Link": "https://www.cve.org/CVERecord?id=CVE-2006-6679",
  "ObservedExamples.18.Reference": "CVE-2005-3623",
  "ObservedExamples.18.Description": "OS kernel does not check for a certain privilege before setting ACLs for files.",
  "ObservedExamples.18.Link": "https://www.cve.org/CVERecord?id=CVE-2005-3623",
  "ObservedExamples.19.Reference": "CVE-2005-2801",
  "ObservedExamples.19.Description": "Chain: file-system code performs an incorrect comparison (CWE-697), preventing default ACLs from being properly applied.",
  "ObservedExamples.19.Link": "https://www.cve.org/CVERecord?id=CVE-2005-2801",
  "ObservedExamples.20.Reference": "CVE-2001-1155",
  "ObservedExamples.20.Description": "Chain: product does not properly check the result of a reverse DNS lookup because of operator precedence (CWE-783), allowing bypass of DNS-based access restrictions.",
  "ObservedExamples.20.Link": "https://www.cve.org/CVERecord?id=CVE-2001-1155",
  "ObservedExamples.21.Reference": "CVE-2020-17533",
  "ObservedExamples.21.Description": "Chain: unchecked return value (CWE-252) of some functions for policy enforcement leads to authorization bypass (CWE-862)",
  "ObservedExamples.21.Link": "https://www.cve.org/CVERecord?id=CVE-2020-17533",
  "TaxonomyMappings.0.TaxonomyName": "ISA/IEC 62443",
  "TaxonomyMappings.0.EntryID": "Part 2-1",
  "TaxonomyMappings.0.EntryName": "Req 4.3.3.7",
  "TaxonomyMappings.1.TaxonomyName": "ISA/IEC 62443",
  "TaxonomyMappings.1.EntryID": "Part 3-3",
  "TaxonomyMappings.1.EntryName": "Req SR 2.1",
  "TaxonomyMappings.2.TaxonomyName": "ISA/IEC 62443",
  "TaxonomyMappings.2.EntryID": "Part 4-2",
  "TaxonomyMappings.2.EntryName": "Req CR 2.1",
  "RelatedAttackPatterns.0": "665",
  "References.0.ExternalReferenceID": "REF-229",
  "References.0.Authors.0": "NIST",
  "References.0.Title": "Role Based Access Control and Role Based Security",
  "References.0.URL": "https://csrc.nist.gov/projects/role-based-access-control",
  "References.0.URLDate": "2023-04-07",
  "References.1.ExternalReferenceID": "REF-7",
  "References.1.Section": "Chapter 4, \"Authorization\" Page 114; Chapter 6, \"Determining\n                  Appropriate Access Control\" Page 171",
  "References.1.Authors.0": "Michael Howard",
  "References.1.Authors.1": "David LeBlanc",
  "References.1.Title": "Writing Secure Code",
  "References.1.Edition": "2nd Edition",
  "References.1.PublicationYear": "2002",
  "References.1.PublicationMonth": "12",
  "References.1.PublicationDay": "04",
  "References.1.Publisher": "Microsoft Press",
  "References.1.URL": "https://www.microsoftpressstore.com/store/writing-secure-code-9780735617223",
  "References.2.ExternalReferenceID": "REF-231",
  "References.2.Authors.0": "Frank Kim",
  "References.2.Title": "Top 25 Series - Rank 5 - Improper Access Control (Authorization)",
  "References.2.PublicationYear": "2010",
  "References.2.PublicationMonth": "03",
  "References.2.PublicationDay": "04",
  "References.2.Publisher": "SANS Software Security Institute",
  "References.2.URL": "https://www.sans.org/blog/top-25-series-rank-5-improper-access-control-authorization/",
  "References.2.URLDate": "2023-04-07",
  "References.3.ExternalReferenceID": "REF-45",
  "References.3.Authors.0": "OWASP",
  "References.3.Title": "OWASP Enterprise Security API (ESAPI) Project",
  "References.3.URL": "http://www.owasp.org/index.php/ESAPI",
  "References.4.ExternalReferenceID": "REF-233",
  "References.4.Authors.0": "Rahul Bhattacharjee",
  "References.4.Title": "Authentication using JAAS",
  "References.4.URL": "https://javaranch.com/journal/2008/04/authentication-using-JAAS.html",
  "References.4.URLDate": "2023-04-07",
  "References.5.ExternalReferenceID": "REF-62",
  "References.5.Section": "Chapter 2, \"Common Vulnerabilities of Authorization\", Page 39",
  "References.5.Authors.0": "Mark Dowd",
  "References.5.Authors.1": "John McDonald",
  "References.5.Authors.2": "Justin Schuh",
  "References.5.Title": "The Art of Software Security Assessment",
  "References.5.Edition": "1st Edition",
  "References.5.PublicationYear": "2006",
  "References.5.Publisher": "Addison Wesley",
  "MappingNotes.Usage": "Allowed-with-Review",
  "MappingNotes.Rationale": "This CWE entry is a Class and might have Base-level children that would be more appropriate",
  "MappingNotes.Comments": "Examine children of this entry to see if there is a better fit",
  "MappingNotes.Reasons.0": "Abstraction",
  "Notes.0.Type": "Terminology",
  "Notes.0.Note": "Assuming a user with a given identity, authorization is the process of determining whether that user can access a given resource, based on the user's privileges and any permissions or other access-control specifications that apply to the resource.",
  "ContentHistory.0.Type": "Submission",
  "ContentHistory.0.SubmissionName": "CWE Content Team",
  "ContentHistory.0.SubmissionOrganization": "MITRE",
  "ContentHistory.0.SubmissionDate": "2011-05-24",
  "ContentHistory.0.SubmissionVersion": "1.13",
  "ContentHistory.0.SubmissionReleaseDate": "2011-06-01",
  "ContentHistory.1.Type": "Modification",
  "ContentHistory.1.ModificationName": "CWE Content Team",
  "ContentHistory.1.ModificationOrganization": "MITRE",
  "ContentHistory.1.ModificationDate": "2011-06-27",
  "ContentHistory.1.ModificationComment": "updated Demonstrative_Examples, Related_Attack_Patterns, Relationships",
  "ContentHistory.2.Type": "Modification",
  "ContentHistory.2.ModificationName": "CWE Content Team",
  "ContentHistory.2.ModificationOrganization": "MITRE",
  "ContentHistory.2.ModificationDate": "2011-09-13",
  "ContentHistory.2.ModificationComment": "updated Potential_Mitigations, References, Relationships",
  "ContentHistory.3.Type": "Modification",
  "ContentHistory.3.ModificationName": "CWE Content Team",
  "ContentHistory.3.ModificationOrganization": "MITRE",
  "ContentHistory.3.ModificationDate": "2012-05-11",
  "ContentHistory.3.ModificationComment": "updated Demonstrative_Examples, Observed_Examples, References, Relationships",
  "ContentHistory.4.Type": "Modification",
  "ContentHistory.4.ModificationName": "CWE Content Team",
  "ContentHistory.4.ModificationOrganization": "MITRE",
  "ContentHistory.4.ModificationDate": "2012-10-30",
  "ContentHistory.4.ModificationComment": "updated Potential_Mitigations",
  "ContentHistory.5.Type": "Modification",
  "ContentHistory.5.ModificationName": "CWE Content Team",
  "ContentHistory.5.ModificationOrganization": "MITRE",
  "ContentHistory.5.ModificationDate": "2014-02-18",
  "ContentHistory.5.ModificationComment": "updated Relationships",
  "ContentHistory.6.Type": "Modification",
  "ContentHistory.6.ModificationName": "CWE Content Team",
  "ContentHistory.6.ModificationOrganization": "MITRE",
  "ContentHistory.6.ModificationDate": "2014-07-30",
  "ContentHistory.6.ModificationComment": "updated Detection_Factors",
  "ContentHistory.7.Type": "Modification",
  "ContentHistory.7.ModificationName": "CWE Content Team",
  "ContentHistory.7.ModificationOrganization": "MITRE",
  "ContentHistory.7.ModificationDate": "2017-01-19",
  "ContentHistory.7.ModificationComment": "updated Relationships",
  "ContentHistory.8.Type": "Modification",
  "ContentHistory.8.ModificationName": "CWE Content Team",
  "ContentHistory.8.ModificationOrganization": "MITRE",
  "ContentHistory.8.ModificationDate": "2017-11-08",
  "ContentHistory.8.ModificationComment": "updated Applicable_Platforms, Modes_of_Introduction, References, Relationships",
  "ContentHistory.9.Type": "Modification",
  "ContentHistory.9.ModificationName": "CWE Content Team",
  "ContentHistory.9.ModificationOrganization": "MITRE",
  "ContentHistory.9.ModificationDate": "2018-03-27",
  "ContentHistory.9.ModificationComment": "updated References",
  "ContentHistory.10.Type": "Modification",
  "ContentHistory.10.ModificationName": "CWE Content Team",
  "ContentHistory.10.ModificationOrganization": "MITRE",
  "ContentHistory.10.ModificationDate": "2019-06-20",
  "ContentHistory.10.ModificationComment": "updated Relationships",
  "ContentHistory.11.Type": "Modification",
  "ContentHistory.11.ModificationName": "CWE Content Team",
  "ContentHistory.11.ModificationOrganization": "MITRE",
  "ContentHistory.11.ModificationDate": "2020-02-24",
  "ContentHistory.11.ModificationComment": "updated Relationships",
  "ContentHistory.12.Type": "Modification",
  "ContentHistory.12.ModificationName": "CWE Content Team",
  "ContentHistory.12.ModificationOrganization": "MITRE",
  "ContentHistory.12.ModificationDate": "2020-08-20",
  "ContentHistory.12.ModificationComment": "updated Relationships",
  "ContentHistory.13.Type": "Modification",
  "ContentHistory.13.ModificationName": "CWE Content Team",
  "ContentHistory.13.ModificationOrganization": "MITRE",
  "ContentHistory.13.ModificationDate": "2020-12-10",
  "ContentHistory.13.ModificationComment": "updated Relationships",
  "ContentHistory.14.Type": "Modification",
  "ContentHistory.14.ModificationName": "CWE Content Team",
  "ContentHistory.14.ModificationOrganization": "MITRE",
  "ContentHistory.14.ModificationDate": "2021-03-15",
  "ContentHistory.14.ModificationComment": "updated Alternate_Terms, Observed_Examples",
  "ContentHistory.15.Type": "Modification",
  "ContentHistory.15.ModificationName": "CWE Content Team",
  "ContentHistory.15.ModificationOrganization": "MITRE",
  "ContentHistory.15.ModificationDate": "2021-07-20",
  "ContentHistory.15.ModificationComment": "updated Observed_Examples, Related_Attack_Patterns, Relationships",
  "ContentHistory.16.Type": "Modification",
  "ContentHistory.16.ModificationName": "CWE Content Team",
  "ContentHistory.16.ModificationOrganization": "MITRE",
  "ContentHistory.16.ModificationDate": "2021-10-28",
  "ContentHistory.16.ModificationComment": "updated Relationships",
  "ContentHistory.17.Type": "Modification",
  "ContentHistory.17.ModificationName": "CWE Content Team",
  "ContentHistory.17.ModificationOrganization": "MITRE",
  "ContentHistory.17.ModificationDate": "2022-06-28",
  "ContentHistory.17.ModificationComment": "updated Relationships",
  "ContentHistory.18.Type": "Modification",
  "ContentHistory.18.ModificationName": "CWE Content Team",
  "ContentHistory.18.ModificationOrganization": "MITRE",
  "ContentHistory.18.ModificationDate": "2022-10-13",
  "ContentHistory.18.ModificationComment": "updated Observed_Examples",
  "ContentHistory.19.Type": "Modification",
  "ContentHistory.19.ModificationName": "CWE Content Team",
  "ContentHistory.19.ModificationOrganization": "MITRE",
  "ContentHistory.19.ModificationDate": "2023-01-31",
  "ContentHistory.19.ModificationComment": "updated Description, Potential_Mitigations",
  "ContentHistory.20.Type": "Modification",
  "ContentHistory.20.ModificationName": "CWE Content Team",
  "ContentHistory.20.ModificationOrganization": "MITRE",
  "ContentHistory.20.ModificationDate": "2023-04-27",
  "ContentHistory.20.ModificationComment": "updated References, Relationships, Taxonomy_Mappings",
  "ContentHistory.21.Type": "Modification",
  "ContentHistory.21.ModificationName": "CWE Content Team",
  "ContentHistory.21.ModificationOrganization": "MITRE",
  "ContentHistory.21.ModificationDate": "2023-06-29",
  "ContentHistory.21.ModificationComment": "updated Mapping_Notes, Relationships, Taxonomy_Mappings",
  "ContentHistory.22.Type": "Modification",
  "ContentHistory.22.ModificationName": "CWE Content Team",
  "ContentHistory.22.ModificationOrganization": "MITRE",
  "ContentHistory.22.ModificationDate": "2024-11-19",
  "ContentHistory.22.ModificationComment": "updated Common_Consequences, Description, Diagram, Relationships, Terminology_Notes",
  "ContentHistory.22.ModificationVersion": "4.16",
  "ContentHistory.22.ModificationReleaseDate": "2024-11-19",
  "ContentHistory.23.Type": "Contribution",
  "ContentHistory.23.ContributionName": "\"Mapping CWE to 62443\" Sub-Working Group",
  "ContentHistory.23.ContributionOrganization": "CWE-CAPEC ICS/OT SIG",
  "ContentHistory.23.ContributionDate": "2023-04-25",
  "ContentHistory.23.ContributionComment": "Suggested mappings to ISA/IEC 62443.",
  "ContentHistory.23.ContributionType": "Content",
  "ContentHistory.24.Type": "Contribution",
  "ContentHistory.24.ContributionName": "Abhi Balakrishnan",
  "ContentHistory.24.ContributionDate": "2024-02-29",
  "ContentHistory.24.ContributionComment": "Provided diagram to improve CWE usability",
  "ContentHistory.24.ContributionType": "Content",
  "ContentHistory.24.ContributionVersion": "4.16",
  "ContentHistory.24.ContributionReleaseDate": "2024-11-19"
}