{
  "ID": "416",
  "Name": "Use After Free",
  "Abstraction": "Variant",
  "Structure": "Simple",
  "Status": "Stable",
  "Diagram": "/data/images/CWE-416-Diagram.png",
  "Description": "The product reuses or references memory after it has been freed. At some point afterward, the memory may be allocated again and saved in another pointer, while the original pointer references a location somewhere within the new allocation. Any operations using the original pointer are no longer valid because the memory \"belongs\" to the code that operates on the new pointer.",
  "LikelihoodOfExploit": "High",
  "RelatedWeaknesses.0.Nature": "ChildOf",
  "RelatedWeaknesses.0.CweID": "825",
  "RelatedWeaknesses.0.ViewID": "1000",
  "RelatedWeaknesses.0.Ordinal": "Primary",
  "RelatedWeaknesses.1.Nature": "ChildOf",
  "RelatedWeaknesses.1.CweID": "672",
  "RelatedWeaknesses.1.ViewID": "1003",
  "RelatedWeaknesses.1.Ordinal": "Primary",
  "RelatedWeaknesses.2.Nature": "ChildOf",
  "RelatedWeaknesses.2.CweID": "672",
  "RelatedWeaknesses.2.ViewID": "1305",
  "RelatedWeaknesses.2.Ordinal": "Primary",
  "RelatedWeaknesses.3.Nature": "ChildOf",
  "RelatedWeaknesses.3.CweID": "672",
  "RelatedWeaknesses.3.ViewID": "1340",
  "RelatedWeaknesses.3.Ordinal": "Primary",
  "RelatedWeaknesses.4.Nature": "CanPrecede",
  "RelatedWeaknesses.4.CweID": "120",
  "RelatedWeaknesses.4.ViewID": "1000",
  "RelatedWeaknesses.5.Nature": "CanPrecede",
  "RelatedWeaknesses.5.CweID": "123",
  "RelatedWeaknesses.5.ViewID": "1000",
  "WeaknessOrdinalities.0.Ordinality": "Resultant",
  "WeaknessOrdinalities.0.Description": "If the product accesses a previously-freed pointer, then it means that a separate weakness or error already occurred previously, such as a race condition, an unexpected or poorly handled error condition, confusion over which part of the program is responsible for freeing the memory, performing the free too soon, etc.",
  "ApplicablePlatforms.0.Type": "Language",
  "ApplicablePlatforms.0.Name": "C",
  "ApplicablePlatforms.0.Prevalence": "Undetermined",
  "ApplicablePlatforms.1.Type": "Language",
  "ApplicablePlatforms.1.Name": "C++",
  "ApplicablePlatforms.1.Prevalence": "Undetermined",
  "AlternateTerms.0.Term": "Dangling pointer",
  "AlternateTerms.0.Description": "a pointer that no longer points to valid memory, often after it has been freed",
  "AlternateTerms.1.Term": "UAF",
  "AlternateTerms.1.Description": "commonly used acronym for Use After Free",
  "AlternateTerms.2.Term": "Use-After-Free",
  "ModesOfIntroduction.0.Phase": "Implementation",
  "CommonConsequences.0.Scope.0": "Integrity",
  "CommonConsequences.0.Impact.0": "Modify Memory",
  "CommonConsequences.0.Note": "The use of previously freed memory may corrupt valid data, if the memory area in question has been allocated and used properly elsewhere.",
  "CommonConsequences.1.Scope.0": "Availability",
  "CommonConsequences.1.Impact.0": "DoS: Crash, Exit, or Restart",
  "CommonConsequences.1.Note": "If chunk consolidation occurs after the use of previously freed data, the process may crash when invalid data is used as chunk information.",
  "CommonConsequences.2.Scope.0": "Integrity",
  "CommonConsequences.2.Scope.1": "Confidentiality",
  "CommonConsequences.2.Scope.2": "Availability",
  "CommonConsequences.2.Impact.0": "Execute Unauthorized Code or Commands",
  "CommonConsequences.2.Note": "If malicious data is entered before chunk consolidation can take place, it may be possible to take advantage of a write-what-where primitive to execute arbitrary code. If the newly allocated data happens to hold a class, in C++ for example, various function pointers may be scattered within the heap data. If one of these function pointers is overwritten with an address to valid shellcode, execution of arbitrary code can be achieved.",
  "DetectionMethods.0.DetectionMethodID": "DM-13",
  "DetectionMethods.0.Method": "Fuzzing",
  "DetectionMethods.0.Description": "Fuzz testing (fuzzing) is a powerful technique for generating large numbers of diverse inputs - either randomly or algorithmically - and dynamically invoking the code with those inputs. Even with random inputs, it is often capable of generating unexpected results such as crashes, memory corruption, or resource consumption. Fuzzing effectively produces repeatable test cases that clearly indicate bugs, which helps developers to diagnose the issues.",
  "DetectionMethods.0.Effectiveness": "High",
  "DetectionMethods.1.DetectionMethodID": "DM-14",
  "DetectionMethods.1.Method": "Automated Static Analysis",
  "DetectionMethods.1.Description": "Automated static analysis, commonly referred to as Static Application Security Testing (SAST), can find some instances of this weakness by analyzing source code (or binary/compiled code) without having to execute it. Typically, this is done by building a model of data flow and control flow, then searching for potentially-vulnerable patterns that connect \"sources\" (origins of input) with \"sinks\" (destinations where the data interacts with external components, a lower layer such as the OS, etc.)",
  "DetectionMethods.1.Effectiveness": "High",
  "PotentialMitigations.0.Phase.0": "Architecture and Design",
  "PotentialMitigations.0.Strategy": "Language Selection",
  "PotentialMitigations.0.Description": "Choose a language that provides automatic memory management.",
  "PotentialMitigations.1.Phase.0": "Implementation",
  "PotentialMitigations.1.Strategy": "Attack Surface Reduction",
  "PotentialMitigations.1.Description": "When freeing pointers, be sure to set them to NULL once they are freed. However, the utilization of multiple or complex data structures may lower the usefulness of this strategy.",
  "PotentialMitigations.1.Effectiveness": "Defense in Depth",
  "PotentialMitigations.1.EffectivenessNotes": "If a bug causes an attempted access of this pointer, then a NULL dereference could still lead to a crash or other unexpected behavior, but it will reduce or eliminate the risk of code execution.",
  "DemonstrativeExamples.0.Entries.0.IntroText": "The following example demonstrates the weakness.",
  "DemonstrativeExamples.0.Entries.1.Nature": "Bad",
  "DemonstrativeExamples.0.Entries.1.Language": "C",
  "DemonstrativeExamples.0.Entries.1.ExampleCode": "```\n\t#include <stdio.h>\n\t#include <unistd.h>\n\t#define BUFSIZER1 512\n\t#define BUFSIZER2 ((BUFSIZER1/2) - 8)\n\tint main(int argc, char **argv) {\n\t\tchar *buf1R1;\n\t\tchar *buf2R1;\n\t\tchar *buf2R2;\n\t\tchar *buf3R2;\n\t\tbuf1R1 = (char *) malloc(BUFSIZER1);\n\t\tbuf2R1 = (char *) malloc(BUFSIZER1);\n\t\tfree(buf2R1);\n\t\tbuf2R2 = (char *) malloc(BUFSIZER2);\n\t\tbuf3R2 = (char *) malloc(BUFSIZER2);\n\t\tstrncpy(buf2R1, argv[1], BUFSIZER1-1);\n\t\tfree(buf1R1);\n\t\tfree(buf2R2);\n\t\tfree(buf3R2);\n\t}\n```",
  "DemonstrativeExamples.1.Entries.0.IntroText": "The following code illustrates a use after free error:",
  "DemonstrativeExamples.1.Entries.1.Nature": "Bad",
  "DemonstrativeExamples.1.Entries.1.Language": "C",
  "DemonstrativeExamples.1.Entries.1.ExampleCode": "```\n\tchar* ptr = (char*)malloc (SIZE);\n\tif (err) {\n\t\tabrt = 1;\n\t\tfree(ptr);\n\t}\n\t...\n\tif (abrt) {\n\t\tlogError(\"operation aborted before commit\", ptr);\n\t}\n```",
  "DemonstrativeExamples.1.Entries.2.BodyText": "When an error occurs, the pointer is immediately freed. However, this pointer is later incorrectly used in the logError function.",
  "ObservedExamples.0.Reference": "CVE-2022-20141",
  "ObservedExamples.0.Description": "Chain: an operating system kernel has insufficent resource locking (CWE-413) leading to a use after free (CWE-416).",
  "ObservedExamples.0.Link": "https://www.cve.org/CVERecord?id=CVE-2022-20141",
  "ObservedExamples.1.Reference": "CVE-2022-2621",
  "ObservedExamples.1.Description": "Chain: two threads in a web browser use the same resource (CWE-366), but one of those threads can destroy the resource before the other has completed (CWE-416).",
  "ObservedExamples.1.Link": "https://www.cve.org/CVERecord?id=CVE-2022-2621",
  "ObservedExamples.2.Reference": "CVE-2021-0920",
  "ObservedExamples.2.Description": "Chain: mobile platform race condition (CWE-362) leading to use-after-free (CWE-416), as exploited in the wild per CISA KEV.",
  "ObservedExamples.2.Link": "https://www.cve.org/CVERecord?id=CVE-2021-0920",
  "ObservedExamples.3.Reference": "CVE-2020-6819",
  "ObservedExamples.3.Description": "Chain: race condition (CWE-362) leads to use-after-free (CWE-416), as exploited in the wild per CISA KEV.",
  "ObservedExamples.3.Link": "https://www.cve.org/CVERecord?id=CVE-2020-6819",
  "ObservedExamples.4.Reference": "CVE-2010-4168",
  "ObservedExamples.4.Description": "Use-after-free triggered by closing a connection while data is still being transmitted.",
  "ObservedExamples.4.Link": "https://www.cve.org/CVERecord?id=CVE-2010-4168",
  "ObservedExamples.5.Reference": "CVE-2010-2941",
  "ObservedExamples.5.Description": "Improper allocation for invalid data leads to use-after-free.",
  "ObservedExamples.5.Link": "https://www.cve.org/CVERecord?id=CVE-2010-2941",
  "ObservedExamples.6.Reference": "CVE-2010-2547",
  "ObservedExamples.6.Description": "certificate with a large number of Subject Alternate Names not properly handled in realloc, leading to use-after-free",
  "ObservedExamples.6.Link": "https://www.cve.org/CVERecord?id=CVE-2010-2547",
  "ObservedExamples.7.Reference": "CVE-2010-1772",
  "ObservedExamples.7.Description": "Timers are not disabled when a related object is deleted",
  "ObservedExamples.7.Link": "https://www.cve.org/CVERecord?id=CVE-2010-1772",
  "ObservedExamples.8.Reference": "CVE-2010-1437",
  "ObservedExamples.8.Description": "Access to a \"dead\" object that is being cleaned up",
  "ObservedExamples.8.Link": "https://www.cve.org/CVERecord?id=CVE-2010-1437",
  "ObservedExamples.9.Reference": "CVE-2010-1208",
  "ObservedExamples.9.Description": "object is deleted even with a non-zero reference count, and later accessed",
  "ObservedExamples.9.Link": "https://www.cve.org/CVERecord?id=CVE-2010-1208",
  "ObservedExamples.10.Reference": "CVE-2010-0629",
  "ObservedExamples.10.Description": "use-after-free involving request containing an invalid version number",
  "ObservedExamples.10.Link": "https://www.cve.org/CVERecord?id=CVE-2010-0629",
  "ObservedExamples.11.Reference": "CVE-2010-0378",
  "ObservedExamples.11.Description": "unload of an object that is currently being accessed by other functionality",
  "ObservedExamples.11.Link": "https://www.cve.org/CVERecord?id=CVE-2010-0378",
  "ObservedExamples.12.Reference": "CVE-2010-0302",
  "ObservedExamples.12.Description": "incorrectly tracking a reference count leads to use-after-free",
  "ObservedExamples.12.Link": "https://www.cve.org/CVERecord?id=CVE-2010-0302",
  "ObservedExamples.13.Reference": "CVE-2010-0249",
  "ObservedExamples.13.Description": "use-after-free related to use of uninitialized memory",
  "ObservedExamples.13.Link": "https://www.cve.org/CVERecord?id=CVE-2010-0249",
  "ObservedExamples.14.Reference": "CVE-2010-0050",
  "ObservedExamples.14.Description": "HTML document with incorrectly-nested tags",
  "ObservedExamples.14.Link": "https://www.cve.org/CVERecord?id=CVE-2010-0050",
  "ObservedExamples.15.Reference": "CVE-2009-3658",
  "ObservedExamples.15.Description": "Use after free in ActiveX object by providing a malformed argument to a method",
  "ObservedExamples.15.Link": "https://www.cve.org/CVERecord?id=CVE-2009-3658",
  "ObservedExamples.16.Reference": "CVE-2009-3616",
  "ObservedExamples.16.Description": "use-after-free by disconnecting during data transfer, or a message containing incorrect data types",
  "ObservedExamples.16.Link": "https://www.cve.org/CVERecord?id=CVE-2009-3616",
  "ObservedExamples.17.Reference": "CVE-2009-3553",
  "ObservedExamples.17.Description": "disconnect during a large data transfer causes incorrect reference count, leading to use-after-free",
  "ObservedExamples.17.Link": "https://www.cve.org/CVERecord?id=CVE-2009-3553",
  "ObservedExamples.18.Reference": "CVE-2009-2416",
  "ObservedExamples.18.Description": "use-after-free found by fuzzing",
  "ObservedExamples.18.Link": "https://www.cve.org/CVERecord?id=CVE-2009-2416",
  "ObservedExamples.19.Reference": "CVE-2009-1837",
  "ObservedExamples.19.Description": "Chain: race condition (CWE-362) from improper handling of a page transition in web client while an applet is loading (CWE-368) leads to use after free (CWE-416)",
  "ObservedExamples.19.Link": "https://www.cve.org/CVERecord?id=CVE-2009-1837",
  "ObservedExamples.20.Reference": "CVE-2009-0749",
  "ObservedExamples.20.Description": "realloc generates new buffer and pointer, but previous pointer is still retained, leading to use after free",
  "ObservedExamples.20.Link": "https://www.cve.org/CVERecord?id=CVE-2009-0749",
  "ObservedExamples.21.Reference": "CVE-2010-3328",
  "ObservedExamples.21.Description": "Use-after-free in web browser, probably resultant from not initializing memory.",
  "ObservedExamples.21.Link": "https://www.cve.org/CVERecord?id=CVE-2010-3328",
  "ObservedExamples.22.Reference": "CVE-2008-5038",
  "ObservedExamples.22.Description": "use-after-free when one thread accessed memory that was freed by another thread",
  "ObservedExamples.22.Link": "https://www.cve.org/CVERecord?id=CVE-2008-5038",
  "ObservedExamples.23.Reference": "CVE-2008-0077",
  "ObservedExamples.23.Description": "assignment of malformed values to certain properties triggers use after free",
  "ObservedExamples.23.Link": "https://www.cve.org/CVERecord?id=CVE-2008-0077",
  "ObservedExamples.24.Reference": "CVE-2006-4434",
  "ObservedExamples.24.Description": "mail server does not properly handle a long header.",
  "ObservedExamples.24.Link": "https://www.cve.org/CVERecord?id=CVE-2006-4434",
  "ObservedExamples.25.Reference": "CVE-2010-2753",
  "ObservedExamples.25.Description": "chain: integer overflow leads to use-after-free",
  "ObservedExamples.25.Link": "https://www.cve.org/CVERecord?id=CVE-2010-2753",
  "ObservedExamples.26.Reference": "CVE-2006-4997",
  "ObservedExamples.26.Description": "freed pointer dereference",
  "ObservedExamples.26.Link": "https://www.cve.org/CVERecord?id=CVE-2006-4997",
  "ObservedExamples.27.Reference": "CVE-2003-0813",
  "ObservedExamples.27.Description": "Chain: A multi-threaded race condition (CWE-367) allows attackers to cause two threads to process the same RPC request, which causes a use-after-free (CWE-416) in one thread",
  "ObservedExamples.27.Link": "https://www.cve.org/CVERecord?id=CVE-2003-0813",
  "AffectedResources.0": "Memory",
  "TaxonomyMappings.0.TaxonomyName": "ISA/IEC 62443",
  "TaxonomyMappings.0.EntryID": "Part 4-1",
  "TaxonomyMappings.0.EntryName": "Req SI-1",
  "TaxonomyMappings.1.TaxonomyName": "7 Pernicious Kingdoms",
  "TaxonomyMappings.1.EntryName": "Use After Free",
  "TaxonomyMappings.2.TaxonomyName": "CLASP",
  "TaxonomyMappings.2.EntryName": "Using freed memory",
  "TaxonomyMappings.3.TaxonomyName": "CERT C Secure Coding",
  "TaxonomyMappings.3.EntryID": "MEM00-C",
  "TaxonomyMappings.3.EntryName": "Allocate and free memory in the same module, at the same level of abstraction",
  "TaxonomyMappings.4.TaxonomyName": "CERT C Secure Coding",
  "TaxonomyMappings.4.EntryID": "MEM01-C",
  "TaxonomyMappings.4.EntryName": "Store a new value in pointers immediately after free()",
  "TaxonomyMappings.5.TaxonomyName": "CERT C Secure Coding",
  "TaxonomyMappings.5.EntryID": "MEM30-C",
  "TaxonomyMappings.5.EntryName": "Do not access freed memory",
  "TaxonomyMappings.5.MappingFit": "Exact",
  "TaxonomyMappings.6.TaxonomyName": "Software Fault Patterns",
  "TaxonomyMappings.6.EntryID": "SFP15",
  "TaxonomyMappings.6.EntryName": "Faulty Resource Use",
  "References.0.ExternalReferenceID": "REF-6",
  "References.0.Authors.0": "Katrina Tsipenyuk",
  "References.0.Authors.1": "Brian Chess",
  "References.0.Authors.2": "Gary McGraw",
  "References.0.Title": "Seven Pernicious Kingdoms: A Taxonomy of Software Security Errors",
  "References.0.Publication": "NIST Workshop on Software Security Assurance Tools Techniques and Metrics",
  "References.0.PublicationYear": "2005",
  "References.0.PublicationMonth": "11",
  "References.0.PublicationDay": "07",
  "References.0.Publisher": "NIST",
  "References.0.URL": "https://samate.nist.gov/SSATTM_Content/papers/Seven%20Pernicious%20Kingdoms%20-%20Taxonomy%20of%20Sw%20Security%20Errors%20-%20Tsipenyuk%20-%20Chess%20-%20McGraw.pdf",
  "References.1.ExternalReferenceID": "REF-18",
  "References.1.Authors.0": "Secure Software, Inc.",
  "References.1.Title": "The CLASP Application Security Process",
  "References.1.PublicationYear": "2005",
  "References.1.URL": "https://cwe.mitre.org/documents/sources/TheCLASPApplicationSecurityProcess.pdf",
  "References.1.URLDate": "2024-11-17",
  "References.2.ExternalReferenceID": "REF-44",
  "References.2.Section": "\"Sin 8: C++ Catastrophes.\" Page 143",
  "References.2.Authors.0": "Michael Howard",
  "References.2.Authors.1": "David LeBlanc",
  "References.2.Authors.2": "John Viega",
  "References.2.Title": "24 Deadly Sins of Software Security",
  "References.2.Publication": "McGraw-Hill",
  "References.2.PublicationYear": "2010",
  "MappingNotes.Usage": "Allowed",
  "MappingNotes.Rationale": "This CWE entry is at the Variant level of abstraction, which is a preferred level of abstraction for mapping to the root causes of vulnerabilities.",
  "MappingNotes.Comments": "Carefully read both the name and description to ensure that this mapping is an appropriate fit. Do not try to 'force' a mapping to a lower-level Base/Variant simply to comply with this preferred level of abstraction.",
  "MappingNotes.Reasons.0": "Acceptable-Use",
  "ContentHistory.0.Type": "Submission",
  "ContentHistory.0.SubmissionName": "7 Pernicious Kingdoms",
  "ContentHistory.0.SubmissionDate": "2006-07-19",
  "ContentHistory.0.SubmissionVersion": "Draft 3",
  "ContentHistory.0.SubmissionReleaseDate": "2006-07-19",
  "ContentHistory.1.Type": "Modification",
  "ContentHistory.1.ModificationName": "Eric Dalci",
  "ContentHistory.1.ModificationOrganization": "Cigital",
  "ContentHistory.1.ModificationDate": "2008-07-01",
  "ContentHistory.1.ModificationComment": "updated Potential_Mitigations, Time_of_Introduction",
  "ContentHistory.2.Type": "Modification",
  "ContentHistory.2.ModificationOrganization": "KDM Analytics",
  "ContentHistory.2.ModificationDate": "2008-08-01",
  "ContentHistory.2.ModificationComment": "added/updated white box definitions",
  "ContentHistory.3.Type": "Modification",
  "ContentHistory.3.ModificationName": "CWE Content Team",
  "ContentHistory.3.ModificationOrganization": "MITRE",
  "ContentHistory.3.ModificationDate": "2008-09-08",
  "ContentHistory.3.ModificationComment": "updated Applicable_Platforms, Common_Consequences, Relationships, Observed_Example, Other_Notes, Taxonomy_Mappings",
  "ContentHistory.4.Type": "Modification",
  "ContentHistory.4.ModificationName": "CWE Content Team",
  "ContentHistory.4.ModificationOrganization": "MITRE",
  "ContentHistory.4.ModificationDate": "2008-11-24",
  "ContentHistory.4.ModificationComment": "updated Relationships, Taxonomy_Mappings",
  "ContentHistory.5.Type": "Modification",
  "ContentHistory.5.ModificationName": "CWE Content Team",
  "ContentHistory.5.ModificationOrganization": "MITRE",
  "ContentHistory.5.ModificationDate": "2009-03-10",
  "ContentHistory.5.ModificationComment": "updated Demonstrative_Examples",
  "ContentHistory.6.Type": "Modification",
  "ContentHistory.6.ModificationName": "CWE Content Team",
  "ContentHistory.6.ModificationOrganization": "MITRE",
  "ContentHistory.6.ModificationDate": "2009-05-27",
  "ContentHistory.6.ModificationComment": "updated Demonstrative_Examples",
  "ContentHistory.7.Type": "Modification",
  "ContentHistory.7.ModificationName": "CWE Content Team",
  "ContentHistory.7.ModificationOrganization": "MITRE",
  "ContentHistory.7.ModificationDate": "2009-10-29",
  "ContentHistory.7.ModificationComment": "updated Common_Consequences",
  "ContentHistory.8.Type": "Modification",
  "ContentHistory.8.ModificationName": "CWE Content Team",
  "ContentHistory.8.ModificationOrganization": "MITRE",
  "ContentHistory.8.ModificationDate": "2010-02-16",
  "ContentHistory.8.ModificationComment": "updated Relationships",
  "ContentHistory.9.Type": "Modification",
  "ContentHistory.9.ModificationName": "CWE Content Team",
  "ContentHistory.9.ModificationOrganization": "MITRE",
  "ContentHistory.9.ModificationDate": "2010-06-21",
  "ContentHistory.9.ModificationComment": "updated Potential_Mitigations",
  "ContentHistory.10.Type": "Modification",
  "ContentHistory.10.ModificationName": "CWE Content Team",
  "ContentHistory.10.ModificationOrganization": "MITRE",
  "ContentHistory.10.ModificationDate": "2010-09-27",
  "ContentHistory.10.ModificationComment": "updated Observed_Examples, Relationships",
  "ContentHistory.11.Type": "Modification",
  "ContentHistory.11.ModificationName": "CWE Content Team",
  "ContentHistory.11.ModificationOrganization": "MITRE",
  "ContentHistory.11.ModificationDate": "2010-12-13",
  "ContentHistory.11.ModificationComment": "updated Alternate_Terms, Common_Consequences, Description, Observed_Examples, Other_Notes, Potential_Mitigations, Relationships",
  "ContentHistory.12.Type": "Modification",
  "ContentHistory.12.ModificationName": "CWE Content Team",
  "ContentHistory.12.ModificationOrganization": "MITRE",
  "ContentHistory.12.ModificationDate": "2011-03-29",
  "ContentHistory.12.ModificationComment": "updated Description",
  "ContentHistory.13.Type": "Modification",
  "ContentHistory.13.ModificationName": "CWE Content Team",
  "ContentHistory.13.ModificationOrganization": "MITRE",
  "ContentHistory.13.ModificationDate": "2011-06-01",
  "ContentHistory.13.ModificationComment": "updated Common_Consequences",
  "ContentHistory.14.Type": "Modification",
  "ContentHistory.14.ModificationName": "CWE Content Team",
  "ContentHistory.14.ModificationOrganization": "MITRE",
  "ContentHistory.14.ModificationDate": "2011-06-27",
  "ContentHistory.14.ModificationComment": "updated Demonstrative_Examples",
  "ContentHistory.15.Type": "Modification",
  "ContentHistory.15.ModificationName": "CWE Content Team",
  "ContentHistory.15.ModificationOrganization": "MITRE",
  "ContentHistory.15.ModificationDate": "2011-09-13",
  "ContentHistory.15.ModificationComment": "updated Relationships, Taxonomy_Mappings",
  "ContentHistory.16.Type": "Modification",
  "ContentHistory.16.ModificationName": "CWE Content Team",
  "ContentHistory.16.ModificationOrganization": "MITRE",
  "ContentHistory.16.ModificationDate": "2012-05-11",
  "ContentHistory.16.ModificationComment": "updated References, Relationships",
  "ContentHistory.17.Type": "Modification",
  "ContentHistory.17.ModificationName": "CWE Content Team",
  "ContentHistory.17.ModificationOrganization": "MITRE",
  "ContentHistory.17.ModificationDate": "2014-07-30",
  "ContentHistory.17.ModificationComment": "updated Relationships, Taxonomy_Mappings",
  "ContentHistory.18.Type": "Modification",
  "ContentHistory.18.ModificationName": "CWE Content Team",
  "ContentHistory.18.ModificationOrganization": "MITRE",
  "ContentHistory.18.ModificationDate": "2015-12-07",
  "ContentHistory.18.ModificationComment": "updated Relationships",
  "ContentHistory.19.Type": "Modification",
  "ContentHistory.19.ModificationName": "CWE Content Team",
  "ContentHistory.19.ModificationOrganization": "MITRE",
  "ContentHistory.19.ModificationDate": "2017-11-08",
  "ContentHistory.19.ModificationComment": "updated Demonstrative_Examples, Relationships, Taxonomy_Mappings, White_Box_Definitions",
  "ContentHistory.20.Type": "Modification",
  "ContentHistory.20.ModificationName": "CWE Content Team",
  "ContentHistory.20.ModificationOrganization": "MITRE",
  "ContentHistory.20.ModificationDate": "2019-01-03",
  "ContentHistory.20.ModificationComment": "updated Relationships",
  "ContentHistory.21.Type": "Modification",
  "ContentHistory.21.ModificationName": "CWE Content Team",
  "ContentHistory.21.ModificationOrganization": "MITRE",
  "ContentHistory.21.ModificationDate": "2019-06-20",
  "ContentHistory.21.ModificationComment": "updated Relationships, Type",
  "ContentHistory.22.Type": "Modification",
  "ContentHistory.22.ModificationName": "CWE Content Team",
  "ContentHistory.22.ModificationOrganization": "MITRE",
  "ContentHistory.22.ModificationDate": "2019-09-19",
  "ContentHistory.22.ModificationComment": "updated Relationships",
  "ContentHistory.23.Type": "Modification",
  "ContentHistory.23.ModificationName": "CWE Content Team",
  "ContentHistory.23.ModificationOrganization": "MITRE",
  "ContentHistory.23.ModificationDate": "2020-02-24",
  "ContentHistory.23.ModificationComment": "updated References, Relationships, Taxonomy_Mappings",
  "ContentHistory.24.Type": "Modification",
  "ContentHistory.24.ModificationName": "CWE Content Team",
  "ContentHistory.24.ModificationOrganization": "MITRE",
  "ContentHistory.24.ModificationDate": "2020-06-25",
  "ContentHistory.24.ModificationComment": "updated Relationships",
  "ContentHistory.25.Type": "Modification",
  "ContentHistory.25.ModificationName": "CWE Content Team",
  "ContentHistory.25.ModificationOrganization": "MITRE",
  "ContentHistory.25.ModificationDate": "2020-08-20",
  "ContentHistory.25.ModificationComment": "updated Relationships",
  "ContentHistory.26.Type": "Modification",
  "ContentHistory.26.ModificationName": "CWE Content Team",
  "ContentHistory.26.ModificationOrganization": "MITRE",
  "ContentHistory.26.ModificationDate": "2020-12-10",
  "ContentHistory.26.ModificationComment": "updated Relationships",
  "ContentHistory.27.Type": "Modification",
  "ContentHistory.27.ModificationName": "CWE Content Team",
  "ContentHistory.27.ModificationOrganization": "MITRE",
  "ContentHistory.27.ModificationDate": "2021-07-20",
  "ContentHistory.27.ModificationComment": "updated Relationships",
  "ContentHistory.28.Type": "Modification",
  "ContentHistory.28.ModificationName": "CWE Content Team",
  "ContentHistory.28.ModificationOrganization": "MITRE",
  "ContentHistory.28.ModificationDate": "2022-06-28",
  "ContentHistory.28.ModificationComment": "updated Observed_Examples, Relationships",
  "ContentHistory.29.Type": "Modification",
  "ContentHistory.29.ModificationName": "CWE Content Team",
  "ContentHistory.29.ModificationOrganization": "MITRE",
  "ContentHistory.29.ModificationDate": "2022-10-13",
  "ContentHistory.29.ModificationComment": "updated Description, Relationships, Taxonomy_Mappings",
  "ContentHistory.30.Type": "Modification",
  "ContentHistory.30.ModificationName": "CWE Content Team",
  "ContentHistory.30.ModificationOrganization": "MITRE",
  "ContentHistory.30.ModificationDate": "2023-04-27",
  "ContentHistory.30.ModificationComment": "updated Detection_Factors, Relationships, Time_of_Introduction",
  "ContentHistory.31.Type": "Modification",
  "ContentHistory.31.ModificationName": "CWE Content Team",
  "ContentHistory.31.ModificationOrganization": "MITRE",
  "ContentHistory.31.ModificationDate": "2023-06-29",
  "ContentHistory.31.ModificationComment": "updated Mapping_Notes, Relationships",
  "ContentHistory.32.Type": "Modification",
  "ContentHistory.32.ModificationName": "CWE Content Team",
  "ContentHistory.32.ModificationOrganization": "MITRE",
  "ContentHistory.32.ModificationDate": "2023-10-26",
  "ContentHistory.32.ModificationComment": "updated Observed_Examples",
  "ContentHistory.33.Type": "Modification",
  "ContentHistory.33.ModificationName": "CWE Content Team",
  "ContentHistory.33.ModificationOrganization": "MITRE",
  "ContentHistory.33.ModificationDate": "2024-02-29",
  "ContentHistory.33.ModificationComment": "updated Taxonomy_Mappings",
  "ContentHistory.33.ModificationVersion": "4.14",
  "ContentHistory.33.ModificationReleaseDate": "2024-02-29",
  "ContentHistory.34.Type": "Modification",
  "ContentHistory.34.ModificationName": "CWE Content Team",
  "ContentHistory.34.ModificationOrganization": "MITRE",
  "ContentHistory.34.ModificationDate": "2024-07-16",
  "ContentHistory.34.ModificationComment": "updated Alternate_Terms, Common_Consequences, Description, Diagram, Potential_Mitigations, Relationships, Weakness_Ordinalities",
  "ContentHistory.34.ModificationVersion": "4.15",
  "ContentHistory.34.ModificationReleaseDate": "2024-07-16",
  "ContentHistory.35.Type": "Modification",
  "ContentHistory.35.ModificationName": "CWE Content Team",
  "ContentHistory.35.ModificationOrganization": "MITRE",
  "ContentHistory.35.ModificationDate": "2024-11-19",
  "ContentHistory.35.ModificationComment": "updated Relationships",
  "ContentHistory.35.ModificationVersion": "4.16",
  "ContentHistory.35.ModificationReleaseDate": "2024-11-19",
  "ContentHistory.36.Type": "Modification",
  "ContentHistory.36.ModificationName": "CWE Content Team",
  "ContentHistory.36.ModificationOrganization": "MITRE",
  "ContentHistory.36.ModificationDate": "2025-04-03",
  "ContentHistory.36.ModificationComment": "updated Observed_Examples",
  "ContentHistory.36.ModificationVersion": "4.17",
  "ContentHistory.36.ModificationReleaseDate": "2025-04-03",
  "ContentHistory.37.Type": "Contribution",
  "ContentHistory.37.ContributionName": "Anonymous External Contributor",
  "ContentHistory.37.ContributionDate": "2022-06-28",
  "ContentHistory.37.ContributionComment": "Suggested rephrase for extended description",
  "ContentHistory.37.ContributionType": "Feedback",
  "ContentHistory.38.Type": "Contribution",
  "ContentHistory.38.ContributionName": "participants in the CWE ICS/OT SIG 62443 Mapping Fall Workshop",
  "ContentHistory.38.ContributionDate": "2023-11-14",
  "ContentHistory.38.ContributionComment": "Contributed or reviewed taxonomy mappings for ISA/IEC 62443",
  "ContentHistory.38.ContributionType": "Content",
  "ContentHistory.38.ContributionVersion": "4.14",
  "ContentHistory.38.ContributionReleaseDate": "2024-02-29",
  "ContentHistory.39.Type": "Contribution",
  "ContentHistory.39.ContributionName": "Abhi Balakrishnan",
  "ContentHistory.39.ContributionDate": "2024-02-29",
  "ContentHistory.39.ContributionComment": "Provided diagram to improve CWE usability",
  "ContentHistory.39.ContributionType": "Content",
  "ContentHistory.39.ContributionVersion": "4.15",
  "ContentHistory.39.ContributionReleaseDate": "2024-07-16"
}