{
  "ID": "434",
  "Name": "Unrestricted Upload of File with Dangerous Type",
  "Abstraction": "Base",
  "Structure": "Simple",
  "Status": "Draft",
  "Diagram": "/data/images/CWE-434-Diagram.png",
  "Description": "The product allows the upload or transfer of dangerous file types that are automatically processed within its environment.",
  "LikelihoodOfExploit": "Medium",
  "RelatedWeaknesses.0.Nature": "ChildOf",
  "RelatedWeaknesses.0.CweID": "669",
  "RelatedWeaknesses.0.ViewID": "1000",
  "RelatedWeaknesses.0.Ordinal": "Primary",
  "RelatedWeaknesses.1.Nature": "ChildOf",
  "RelatedWeaknesses.1.CweID": "669",
  "RelatedWeaknesses.1.ViewID": "1003",
  "RelatedWeaknesses.1.Ordinal": "Primary",
  "RelatedWeaknesses.2.Nature": "PeerOf",
  "RelatedWeaknesses.2.CweID": "351",
  "RelatedWeaknesses.2.ViewID": "1000",
  "RelatedWeaknesses.3.Nature": "PeerOf",
  "RelatedWeaknesses.3.CweID": "436",
  "RelatedWeaknesses.3.ViewID": "1000",
  "RelatedWeaknesses.4.Nature": "PeerOf",
  "RelatedWeaknesses.4.CweID": "430",
  "RelatedWeaknesses.4.ViewID": "1000",
  "WeaknessOrdinalities.0.Ordinality": "Primary",
  "WeaknessOrdinalities.0.Description": "This can be primary when there is no check for the file type at all.",
  "WeaknessOrdinalities.1.Ordinality": "Resultant",
  "WeaknessOrdinalities.1.Description": "This can be resultant when use of double extensions (e.g. \".php.gif\") bypasses a check.",
  "WeaknessOrdinalities.2.Ordinality": "Resultant",
  "WeaknessOrdinalities.2.Description": "This can be resultant from client-side enforcement (CWE-602); some products will include web script in web clients to check the filename, without verifying on the server side.",
  "ApplicablePlatforms.0.Type": "Language",
  "ApplicablePlatforms.0.Name": "ASP.NET",
  "ApplicablePlatforms.0.Prevalence": "Sometimes",
  "ApplicablePlatforms.1.Type": "Language",
  "ApplicablePlatforms.1.Name": "PHP",
  "ApplicablePlatforms.1.Prevalence": "Often",
  "ApplicablePlatforms.2.Type": "Language",
  "ApplicablePlatforms.2.Class": "Not Language-Specific",
  "ApplicablePlatforms.2.Prevalence": "Undetermined",
  "ApplicablePlatforms.3.Type": "Technology",
  "ApplicablePlatforms.3.Name": "Web Server",
  "ApplicablePlatforms.3.Prevalence": "Sometimes",
  "AlternateTerms.0.Term": "Unrestricted File Upload",
  "AlternateTerms.0.Description": "Used in vulnerability databases and elsewhere, but it is insufficiently precise. The phrase could be interpreted as the lack of restrictions on the size or number of uploaded files, which is a resource consumption issue.",
  "ModesOfIntroduction.0.Phase": "Implementation",
  "ModesOfIntroduction.1.Phase": "Architecture and Design",
  "ModesOfIntroduction.1.Note": "OMISSION: This weakness is caused by missing a security tactic during the architecture and design phase.",
  "CommonConsequences.0.Scope.0": "Integrity",
  "CommonConsequences.0.Scope.1": "Confidentiality",
  "CommonConsequences.0.Scope.2": "Availability",
  "CommonConsequences.0.Impact.0": "Execute Unauthorized Code or Commands",
  "CommonConsequences.0.Note": "Arbitrary code execution is possible if an uploaded file is interpreted and executed as code by the recipient. This is especially true for web-server extensions such as .asp and .php because these file types are often treated as automatically executable, even when file system permissions do not specify execution. For example, in Unix environments, programs typically cannot run unless the execute bit is set, but PHP programs may be executed by the web server without directly invoking them on the operating system.",
  "DetectionMethods.0.Method": "Dynamic Analysis with Automated Results Interpretation",
  "DetectionMethods.0.Description": "\n\nAccording to SOAR, the following detection techniques may be useful:\n\n```\n\t\tCost effective for partial coverage:\n```\n\n\t\tWeb Application Scanner\n\t\tWeb Services Scanner\n\t\tDatabase Scanners",
  "DetectionMethods.0.Effectiveness": "SOAR Partial",
  "DetectionMethods.1.Method": "Dynamic Analysis with Manual Results Interpretation",
  "DetectionMethods.1.Description": "\n\nAccording to SOAR, the following detection techniques may be useful:\n\n```\n\t\tCost effective for partial coverage:\n```\n\n\t\tFuzz Tester\n\t\tFramework-based Fuzzer",
  "DetectionMethods.1.Effectiveness": "SOAR Partial",
  "DetectionMethods.2.Method": "Manual Static Analysis - Source Code",
  "DetectionMethods.2.Description": "\n\nAccording to SOAR, the following detection techniques may be useful:\n\n```\n\t\tHighly cost effective:\n```\n\n\t\tFocused Manual Spotcheck - Focused manual analysis of source\n\t\tManual Source Code Review (not inspections)",
  "DetectionMethods.2.Effectiveness": "High",
  "DetectionMethods.3.Method": "Automated Static Analysis - Source Code",
  "DetectionMethods.3.Description": "\n\nAccording to SOAR, the following detection techniques may be useful:\n\n```\n\t\tHighly cost effective:\n```\n\n\t\tSource code Weakness Analyzer\n\t\tContext-configured Source Code Weakness Analyzer",
  "DetectionMethods.3.Effectiveness": "High",
  "DetectionMethods.4.Method": "Architecture or Design Review",
  "DetectionMethods.4.Description": "\n\nAccording to SOAR, the following detection techniques may be useful:\n\n```\n\t\tHighly cost effective:\n```\n\n\t\tFormal Methods / Correct-By-Construction\n\t```\n\t\tCost effective for partial coverage:\n```\n\n\t\tInspection (IEEE 1028 standard) (can apply to requirements, design, source code, etc.)",
  "DetectionMethods.4.Effectiveness": "High",
  "PotentialMitigations.0.Phase.0": "Architecture and Design",
  "PotentialMitigations.0.Description": "Generate a new, unique filename for an uploaded file instead of using the user-supplied filename, so that no external input is used at all.[REF-422] [REF-423]",
  "PotentialMitigations.1.MitigationID": "MIT-21",
  "PotentialMitigations.1.Phase.0": "Architecture and Design",
  "PotentialMitigations.1.Strategy": "Enforcement by Conversion",
  "PotentialMitigations.1.Description": "When the set of acceptable objects, such as filenames or URLs, is limited or known, create a mapping from a set of fixed input values (such as numeric IDs) to the actual filenames or URLs, and reject all other inputs.",
  "PotentialMitigations.2.Phase.0": "Architecture and Design",
  "PotentialMitigations.2.Description": "Consider storing the uploaded files outside of the web document root entirely. Then, use other mechanisms to deliver the files dynamically. [REF-423]",
  "PotentialMitigations.3.MitigationID": "MIT-5",
  "PotentialMitigations.3.Phase.0": "Implementation",
  "PotentialMitigations.3.Strategy": "Input Validation",
  "PotentialMitigations.3.Description": "\n\nAssume all input is malicious. Use an \"accept known good\" input validation strategy, i.e., use a list of acceptable inputs that strictly conform to specifications. Reject any input that does not strictly conform to specifications, or transform it into something that does.\n\n\nWhen performing input validation, consider all potentially relevant properties, including length, type of input, the full range of acceptable values, missing or extra inputs, syntax, consistency across related fields, and conformance to business rules. As an example of business rule logic, \"boat\" may be syntactically valid because it only contains alphanumeric characters, but it is not valid if the input is only expected to contain colors such as \"red\" or \"blue.\"\n\n\nDo not rely exclusively on looking for malicious or malformed inputs. This is likely to miss at least one undesirable input, especially if the code's environment changes. This can give attackers enough room to bypass the intended validation. However, denylists can be useful for detecting potential attacks or determining which inputs are so malformed that they should be rejected outright.\n\n\nFor example, limiting filenames to alphanumeric characters can help to restrict the introduction of unintended file extensions.\n",
  "PotentialMitigations.4.Phase.0": "Architecture and Design",
  "PotentialMitigations.4.Description": "Define a very limited set of allowable extensions and only generate filenames that end in these extensions. Consider the possibility of XSS (CWE-79) before allowing .html or .htm file types.",
  "PotentialMitigations.5.Phase.0": "Implementation",
  "PotentialMitigations.5.Strategy": "Input Validation",
  "PotentialMitigations.5.Description": "Ensure that only one extension is used in the filename. Some web servers, including some versions of Apache, may process files based on inner extensions so that \"filename.php.gif\" is fed to the PHP interpreter.[REF-422] [REF-423]",
  "PotentialMitigations.6.Phase.0": "Implementation",
  "PotentialMitigations.6.Description": "When running on a web server that supports case-insensitive filenames, perform case-insensitive evaluations of the extensions that are provided.",
  "PotentialMitigations.7.MitigationID": "MIT-15",
  "PotentialMitigations.7.Phase.0": "Architecture and Design",
  "PotentialMitigations.7.Description": "For any security checks that are performed on the client side, ensure that these checks are duplicated on the server side, in order to avoid CWE-602. Attackers can bypass the client-side checks by modifying values after the checks have been performed, or by changing the client to remove the client-side checks entirely. Then, these modified values would be submitted to the server.",
  "PotentialMitigations.8.Phase.0": "Implementation",
  "PotentialMitigations.8.Description": "Do not rely exclusively on sanity checks of file contents to ensure that the file is of the expected type and size. It may be possible for an attacker to hide code in some file segments that will still be executed by the server. For example, GIF images may contain a free-form comments field.",
  "PotentialMitigations.9.Phase.0": "Implementation",
  "PotentialMitigations.9.Description": "Do not rely exclusively on the MIME content type or filename attribute when determining how to render a file. Validating the MIME content type and ensuring that it matches the extension is only a partial solution.",
  "PotentialMitigations.10.MitigationID": "MIT-17",
  "PotentialMitigations.10.Phase.0": "Architecture and Design",
  "PotentialMitigations.10.Phase.1": "Operation",
  "PotentialMitigations.10.Strategy": "Environment Hardening",
  "PotentialMitigations.10.Description": "Run your code using the lowest privileges that are required to accomplish the necessary tasks [REF-76]. If possible, create isolated accounts with limited privileges that are only used for a single task. That way, a successful attack will not immediately give the attacker access to the rest of the software or its environment. For example, database applications rarely need to run as the database administrator, especially in day-to-day operations.",
  "PotentialMitigations.11.MitigationID": "MIT-22",
  "PotentialMitigations.11.Phase.0": "Architecture and Design",
  "PotentialMitigations.11.Phase.1": "Operation",
  "PotentialMitigations.11.Strategy": "Sandbox or Jail",
  "PotentialMitigations.11.Description": "\n\nRun the code in a \"jail\" or similar sandbox environment that enforces strict boundaries between the process and the operating system. This may effectively restrict which files can be accessed in a particular directory or which commands can be executed by the software.\n\n\nOS-level examples include the Unix chroot jail, AppArmor, and SELinux. In general, managed code may provide some protection. For example, java.io.FilePermission in the Java SecurityManager allows the software to specify restrictions on file operations.\n\n\nThis may not be a feasible solution, and it only limits the impact to the operating system; the rest of the application may still be subject to compromise.\n\n\nBe careful to avoid CWE-243 and other weaknesses related to jails.\n",
  "PotentialMitigations.11.Effectiveness": "Limited",
  "PotentialMitigations.11.EffectivenessNotes": "The effectiveness of this mitigation depends on the prevention capabilities of the specific sandbox or jail being used and might only help to reduce the scope of an attack, such as restricting the attacker to certain system calls or limiting the portion of the file system that can be accessed.",
  "DemonstrativeExamples.0.Entries.0.IntroText": "The following code intends to allow a user to upload a picture to the web server. The HTML code that drives the form on the user end has an input field of type \"file\".",
  "DemonstrativeExamples.0.Entries.1.Nature": "Good",
  "DemonstrativeExamples.0.Entries.1.Language": "HTML",
  "DemonstrativeExamples.0.Entries.1.ExampleCode": "```\n\t<form action=\"upload_picture.php\" method=\"post\" enctype=\"multipart/form-data\">\n\tChoose a file to upload:\n\t<input type=\"file\" name=\"filename\"/>\n\t<br/>\n\t<input type=\"submit\" name=\"submit\" value=\"Submit\"/>\n\t</form>\n```",
  "DemonstrativeExamples.0.Entries.2.BodyText": "Once submitted, the form above sends the file to upload_picture.php on the web server. PHP stores the file in a temporary location until it is retrieved (or discarded) by the server side code. In this example, the file is moved to a more permanent pictures/ directory.",
  "DemonstrativeExamples.0.Entries.3.Nature": "Bad",
  "DemonstrativeExamples.0.Entries.3.Language": "PHP",
  "DemonstrativeExamples.0.Entries.3.ExampleCode": "```\n```\n// Define the target location where the picture being* \n\t\n\t\n\t *// uploaded is going to be saved.* \n\t$target = \"pictures/\" . basename($_FILES['uploadedfile']['name']);\n\t\n\t\n\t *// Move the uploaded file to the new location.* \n\tif(move_uploaded_file($_FILES['uploadedfile']['tmp_name'], $target))\n\t{\n\t```\n\t\techo \"The picture has been successfully uploaded.\";\n\t}\n\telse\n\t{\n\t\techo \"There was an error uploading the picture, please try again.\";\n\t}\n```",
  "DemonstrativeExamples.0.Entries.4.BodyText": "The problem with the above code is that there is no check regarding type of file being uploaded. Assuming that pictures/ is available in the web document root, an attacker could upload a file with the name:",
  "DemonstrativeExamples.0.Entries.5.Nature": "Attack",
  "DemonstrativeExamples.0.Entries.5.ExampleCode": "```\n\tmalicious.php\n```",
  "DemonstrativeExamples.0.Entries.6.BodyText": "Since this filename ends in \".php\" it can be executed by the web server. In the contents of this uploaded file, the attacker could use:",
  "DemonstrativeExamples.0.Entries.7.Nature": "Attack",
  "DemonstrativeExamples.0.Entries.7.Language": "PHP",
  "DemonstrativeExamples.0.Entries.7.ExampleCode": "```\n\t<?php\n\t\tsystem($_GET['cmd']);\n\t?>\n```",
  "DemonstrativeExamples.0.Entries.8.BodyText": "Once this file has been installed, the attacker can enter arbitrary commands to execute using a URL such as:",
  "DemonstrativeExamples.0.Entries.9.Nature": "Attack",
  "DemonstrativeExamples.0.Entries.9.ExampleCode": "```\n\thttp://server.example.com/upload_dir/malicious.php?cmd=ls%20-l\n```",
  "DemonstrativeExamples.0.Entries.10.BodyText": "which runs the \"ls -l\" command - or any other type of command that the attacker wants to specify.",
  "DemonstrativeExamples.1.ID": "DX-22",
  "DemonstrativeExamples.1.Entries.0.IntroText": "The following code demonstrates the unrestricted upload of a file with a Java servlet and a path traversal vulnerability. The action attribute of an HTML form is sending the upload file request to the Java servlet.",
  "DemonstrativeExamples.1.Entries.1.Nature": "Good",
  "DemonstrativeExamples.1.Entries.1.Language": "HTML",
  "DemonstrativeExamples.1.Entries.1.ExampleCode": "```\n\t<form action=\"FileUploadServlet\" method=\"post\" enctype=\"multipart/form-data\">\n\tChoose a file to upload:\n\t<input type=\"file\" name=\"filename\"/>\n\t<br/>\n\t<input type=\"submit\" name=\"submit\" value=\"Submit\"/>\n\t</form>\n```",
  "DemonstrativeExamples.1.Entries.2.BodyText": "When submitted the Java servlet's doPost method will receive the request, extract the name of the file from the Http request header, read the file contents from the request and output the file to the local upload directory.",
  "DemonstrativeExamples.1.Entries.3.Nature": "Bad",
  "DemonstrativeExamples.1.Entries.3.Language": "Java",
  "DemonstrativeExamples.1.Entries.3.ExampleCode": "```\n\tpublic class FileUploadServlet extends HttpServlet {\n\t\t\t...\n\t\t\tprotected void doPost(HttpServletRequest request, HttpServletResponse response) throws ServletException, IOException {\n\t\t\t\t\tresponse.setContentType(\"text/html\");\n\t\t\t\t\tPrintWriter out = response.getWriter();\n\t\t\t\t\tString contentType = request.getContentType();\n\t\t\t\t\t// the starting position of the boundary header\n\t\t\t\t\tint ind = contentType.indexOf(\"boundary=\");\n\t\t\t\t\tString boundary = contentType.substring(ind+9);\n\t\t\t\t\tString pLine = new String();\n\t\t\t\t\tString uploadLocation = new String(UPLOAD_DIRECTORY_STRING); //Constant value\n\t\t\t\t\t// verify that content type is multipart form data\n\t\t\t\t\tif (contentType != null && contentType.indexOf(\"multipart/form-data\") != -1) {\n\t\t\t\t\t\t\t// extract the filename from the Http header\n\t\t\t\t\t\t\tBufferedReader br = new BufferedReader(new InputStreamReader(request.getInputStream()));\n\t\t\t\t\t\t\t...\n\t\t\t\t\t\t\tpLine = br.readLine();\n\t\t\t\t\t\t\tString filename = pLine.substring(pLine.lastIndexOf(\"\\\\\"), pLine.lastIndexOf(\"\\\"\"));\n\t\t\t\t\t\t\t...\n\t\t\t\t\t\t\t// output the file to the local upload directory\n\t\t\t\t\t\t\ttry {\n\t\t\t\t\t\t\t\t\tBufferedWriter bw = new BufferedWriter(new FileWriter(uploadLocation+filename, true));\n\t\t\t\t\t\t\t\t\tfor (String line; (line=br.readLine())!=null; ) {\n\t\t\t\t\t\t\t\t\t\tif (line.indexOf(boundary) == -1) {\n\t\t\t\t\t\t\t\t\t\t\tbw.write(line);\n\t\t\t\t\t\t\t\t\t\t\tbw.newLine();\n\t\t\t\t\t\t\t\t\t\t\tbw.flush();\n\t\t\t\t\t\t\t\t\t\t}\n\t\t\t\t\t\t\t\t\t} //end of for loop\n\t\t\t\t\t\t\t\t\tbw.close();\n\t\t\t\t\t\t\t} catch (IOException ex) {...}\n\t\t\t\t\t\t\t// output successful upload response HTML page\n\t\t\t\t\t}\n\t\t\t\t\t// output unsuccessful upload response HTML page\n\t\t\t\t\telse\n\t\t\t\t\t{...}\n\t\t\t}\n\t\t\t\t...\n\t}\n```",
  "DemonstrativeExamples.1.Entries.4.BodyText": "This code does not perform a check on the type of the file being uploaded (CWE-434). This could allow an attacker to upload any executable file or other file with malicious code.",
  "DemonstrativeExamples.1.Entries.5.BodyText": "Additionally, the creation of the BufferedWriter object is subject to relative path traversal (CWE-23). Since the code does not check the filename that is provided in the header, an attacker can use \"../\" sequences to write to files outside of the intended directory. Depending on the executing environment, the attacker may be able to specify arbitrary files to write to, leading to a wide variety of consequences, from code execution, XSS (CWE-79), or system crash.",
  "ObservedExamples.0.Reference": "CVE-2023-5227",
  "ObservedExamples.0.Description": "PHP-based FAQ management app does not check the MIME type for uploaded images",
  "ObservedExamples.0.Link": "https://www.cve.org/CVERecord?id=CVE-2023-5227",
  "ObservedExamples.1.Reference": "CVE-2001-0901",
  "ObservedExamples.1.Description": "Web-based mail product stores \".shtml\" attachments that could contain SSI",
  "ObservedExamples.1.Link": "https://www.cve.org/CVERecord?id=CVE-2001-0901",
  "ObservedExamples.2.Reference": "CVE-2002-1841",
  "ObservedExamples.2.Description": "PHP upload does not restrict file types",
  "ObservedExamples.2.Link": "https://www.cve.org/CVERecord?id=CVE-2002-1841",
  "ObservedExamples.3.Reference": "CVE-2005-1868",
  "ObservedExamples.3.Description": "upload and execution of .php file",
  "ObservedExamples.3.Link": "https://www.cve.org/CVERecord?id=CVE-2005-1868",
  "ObservedExamples.4.Reference": "CVE-2005-1881",
  "ObservedExamples.4.Description": "upload file with dangerous extension",
  "ObservedExamples.4.Link": "https://www.cve.org/CVERecord?id=CVE-2005-1881",
  "ObservedExamples.5.Reference": "CVE-2005-0254",
  "ObservedExamples.5.Description": "program does not restrict file types",
  "ObservedExamples.5.Link": "https://www.cve.org/CVERecord?id=CVE-2005-0254",
  "ObservedExamples.6.Reference": "CVE-2004-2262",
  "ObservedExamples.6.Description": "improper type checking of uploaded files",
  "ObservedExamples.6.Link": "https://www.cve.org/CVERecord?id=CVE-2004-2262",
  "ObservedExamples.7.Reference": "CVE-2006-4558",
  "ObservedExamples.7.Description": "Double \"php\" extension leaves an active php extension in the generated filename.",
  "ObservedExamples.7.Link": "https://www.cve.org/CVERecord?id=CVE-2006-4558",
  "ObservedExamples.8.Reference": "CVE-2006-6994",
  "ObservedExamples.8.Description": "ASP program allows upload of .asp files by bypassing client-side checks",
  "ObservedExamples.8.Link": "https://www.cve.org/CVERecord?id=CVE-2006-6994",
  "ObservedExamples.9.Reference": "CVE-2005-3288",
  "ObservedExamples.9.Description": "ASP file upload",
  "ObservedExamples.9.Link": "https://www.cve.org/CVERecord?id=CVE-2005-3288",
  "ObservedExamples.10.Reference": "CVE-2006-2428",
  "ObservedExamples.10.Description": "ASP file upload",
  "ObservedExamples.10.Link": "https://www.cve.org/CVERecord?id=CVE-2006-2428",
  "FunctionalAreas.0": "File Processing",
  "AffectedResources.0": "File or Directory",
  "TaxonomyMappings.0.TaxonomyName": "PLOVER",
  "TaxonomyMappings.0.EntryName": "Unrestricted File Upload",
  "TaxonomyMappings.1.TaxonomyName": "OWASP Top Ten 2007",
  "TaxonomyMappings.1.EntryID": "A3",
  "TaxonomyMappings.1.EntryName": "Malicious File Execution",
  "TaxonomyMappings.1.MappingFit": "CWE More Specific",
  "TaxonomyMappings.2.TaxonomyName": "OMG ASCSM",
  "TaxonomyMappings.2.EntryID": "ASCSM-CWE-434",
  "RelatedAttackPatterns.0": "1",
  "References.0.ExternalReferenceID": "REF-422",
  "References.0.Authors.0": "Richard Stanway (r1CH)",
  "References.0.Title": "Dynamic File Uploads, Security and You",
  "References.0.URL": "https://web.archive.org/web/20090208005456/http://shsc.info/FileUploadSecurity",
  "References.0.URLDate": "2023-04-07",
  "References.1.ExternalReferenceID": "REF-423",
  "References.1.Authors.0": "Johannes Ullrich",
  "References.1.Title": "8 Basic Rules to Implement Secure File Uploads",
  "References.1.PublicationYear": "2009",
  "References.1.PublicationMonth": "12",
  "References.1.PublicationDay": "28",
  "References.1.URL": "https://www.sans.org/blog/8-basic-rules-to-implement-secure-file-uploads/",
  "References.1.URLDate": "2023-04-07",
  "References.2.ExternalReferenceID": "REF-424",
  "References.2.Authors.0": "Johannes Ullrich",
  "References.2.Title": "Top 25 Series - Rank 8 - Unrestricted Upload of Dangerous File Type",
  "References.2.PublicationYear": "2010",
  "References.2.PublicationMonth": "02",
  "References.2.PublicationDay": "25",
  "References.2.Publisher": "SANS Software Security Institute",
  "References.2.URL": "https://www.sans.org/blog/top-25-series-rank-8-unrestricted-upload-of-dangerous-file-type/",
  "References.2.URLDate": "2023-04-07",
  "References.3.ExternalReferenceID": "REF-76",
  "References.3.Authors.0": "Sean Barnum",
  "References.3.Authors.1": "Michael Gegick",
  "References.3.Title": "Least Privilege",
  "References.3.PublicationYear": "2005",
  "References.3.PublicationMonth": "09",
  "References.3.PublicationDay": "14",
  "References.3.URL": "https://web.archive.org/web/20211209014121/https://www.cisa.gov/uscert/bsi/articles/knowledge/principles/least-privilege",
  "References.3.URLDate": "2023-04-07",
  "References.4.ExternalReferenceID": "REF-62",
  "References.4.Section": "Chapter 17, \"File Uploading\", Page 1068",
  "References.4.Authors.0": "Mark Dowd",
  "References.4.Authors.1": "John McDonald",
  "References.4.Authors.2": "Justin Schuh",
  "References.4.Title": "The Art of Software Security Assessment",
  "References.4.Edition": "1st Edition",
  "References.4.PublicationYear": "2006",
  "References.4.Publisher": "Addison Wesley",
  "References.5.ExternalReferenceID": "REF-962",
  "References.5.Section": "ASCSM-CWE-434",
  "References.5.Authors.0": "Object Management Group (OMG)",
  "References.5.Title": "Automated Source Code Security Measure (ASCSM)",
  "References.5.PublicationYear": "2016",
  "References.5.PublicationMonth": "01",
  "References.5.URL": "http://www.omg.org/spec/ASCSM/1.0/",
  "MappingNotes.Usage": "Allowed",
  "MappingNotes.Rationale": "This CWE entry is at the Base level of abstraction, which is a preferred level of abstraction for mapping to the root causes of vulnerabilities.",
  "MappingNotes.Comments": "Carefully read both the name and description to ensure that this mapping is an appropriate fit. Do not try to 'force' a mapping to a lower-level Base/Variant simply to comply with this preferred level of abstraction.",
  "MappingNotes.Reasons.0": "Acceptable-Use",
  "Notes.0.Type": "Relationship",
  "Notes.0.Note": "\n\nThis can have a chaining relationship with incomplete denylist / permissive allowlist errors when the product tries, but fails, to properly limit which types of files are allowed (CWE-183, CWE-184).\n\n\nThis can also overlap multiple interpretation errors for intermediaries, e.g. anti-virus products that do not remove or quarantine attachments with certain file extensions that can be processed by client systems.\n",
  "ContentHistory.0.Type": "Submission",
  "ContentHistory.0.SubmissionName": "PLOVER",
  "ContentHistory.0.SubmissionDate": "2006-07-19",
  "ContentHistory.0.SubmissionVersion": "Draft 3",
  "ContentHistory.0.SubmissionReleaseDate": "2006-07-19",
  "ContentHistory.1.Type": "Modification",
  "ContentHistory.1.ModificationName": "Eric Dalci",
  "ContentHistory.1.ModificationOrganization": "Cigital",
  "ContentHistory.1.ModificationDate": "2008-07-01",
  "ContentHistory.1.ModificationComment": "updated Time_of_Introduction",
  "ContentHistory.2.Type": "Modification",
  "ContentHistory.2.ModificationName": "CWE Content Team",
  "ContentHistory.2.ModificationOrganization": "MITRE",
  "ContentHistory.2.ModificationDate": "2008-09-08",
  "ContentHistory.2.ModificationComment": "updated Alternate_Terms, Relationships, Other_Notes, Taxonomy_Mappings",
  "ContentHistory.3.Type": "Modification",
  "ContentHistory.3.ModificationName": "CWE Content Team",
  "ContentHistory.3.ModificationOrganization": "MITRE",
  "ContentHistory.3.ModificationDate": "2009-01-12",
  "ContentHistory.3.ModificationComment": "updated Relationships",
  "ContentHistory.4.Type": "Modification",
  "ContentHistory.4.ModificationName": "CWE Content Team",
  "ContentHistory.4.ModificationOrganization": "MITRE",
  "ContentHistory.4.ModificationDate": "2009-12-28",
  "ContentHistory.4.ModificationComment": "updated Applicable_Platforms, Functional_Areas, Likelihood_of_Exploit, Potential_Mitigations, Time_of_Introduction",
  "ContentHistory.5.Type": "Modification",
  "ContentHistory.5.ModificationName": "CWE Content Team",
  "ContentHistory.5.ModificationOrganization": "MITRE",
  "ContentHistory.5.ModificationDate": "2010-02-16",
  "ContentHistory.5.ModificationComment": "converted from Compound_Element to Weakness",
  "ContentHistory.6.Type": "Modification",
  "ContentHistory.6.ModificationName": "CWE Content Team",
  "ContentHistory.6.ModificationOrganization": "MITRE",
  "ContentHistory.6.ModificationDate": "2010-02-16",
  "ContentHistory.6.ModificationComment": "updated Alternate_Terms, Applicable_Platforms, Common_Consequences, Demonstrative_Examples, Name, Other_Notes, Potential_Mitigations, References, Related_Attack_Patterns, Relationship_Notes, Relationships, Type, Weakness_Ordinalities",
  "ContentHistory.7.Type": "Modification",
  "ContentHistory.7.ModificationName": "CWE Content Team",
  "ContentHistory.7.ModificationOrganization": "MITRE",
  "ContentHistory.7.ModificationDate": "2010-04-05",
  "ContentHistory.7.ModificationComment": "updated Related_Attack_Patterns",
  "ContentHistory.8.Type": "Modification",
  "ContentHistory.8.ModificationName": "CWE Content Team",
  "ContentHistory.8.ModificationOrganization": "MITRE",
  "ContentHistory.8.ModificationDate": "2010-06-21",
  "ContentHistory.8.ModificationComment": "updated References, Relationship_Notes",
  "ContentHistory.9.Type": "Modification",
  "ContentHistory.9.ModificationName": "CWE Content Team",
  "ContentHistory.9.ModificationOrganization": "MITRE",
  "ContentHistory.9.ModificationDate": "2010-09-27",
  "ContentHistory.9.ModificationComment": "updated Potential_Mitigations",
  "ContentHistory.10.Type": "Modification",
  "ContentHistory.10.ModificationName": "CWE Content Team",
  "ContentHistory.10.ModificationOrganization": "MITRE",
  "ContentHistory.10.ModificationDate": "2010-12-13",
  "ContentHistory.10.ModificationComment": "updated Potential_Mitigations",
  "ContentHistory.11.Type": "Modification",
  "ContentHistory.11.ModificationName": "CWE Content Team",
  "ContentHistory.11.ModificationOrganization": "MITRE",
  "ContentHistory.11.ModificationDate": "2011-06-27",
  "ContentHistory.11.ModificationComment": "updated Relationships",
  "ContentHistory.12.Type": "Modification",
  "ContentHistory.12.ModificationName": "CWE Content Team",
  "ContentHistory.12.ModificationOrganization": "MITRE",
  "ContentHistory.12.ModificationDate": "2011-09-13",
  "ContentHistory.12.ModificationComment": "updated Potential_Mitigations, References, Relationships",
  "ContentHistory.13.Type": "Modification",
  "ContentHistory.13.ModificationName": "CWE Content Team",
  "ContentHistory.13.ModificationOrganization": "MITRE",
  "ContentHistory.13.ModificationDate": "2012-05-11",
  "ContentHistory.13.ModificationComment": "updated References, Relationships",
  "ContentHistory.14.Type": "Modification",
  "ContentHistory.14.ModificationName": "CWE Content Team",
  "ContentHistory.14.ModificationOrganization": "MITRE",
  "ContentHistory.14.ModificationDate": "2012-10-30",
  "ContentHistory.14.ModificationComment": "updated Potential_Mitigations",
  "ContentHistory.15.Type": "Modification",
  "ContentHistory.15.ModificationName": "CWE Content Team",
  "ContentHistory.15.ModificationOrganization": "MITRE",
  "ContentHistory.15.ModificationDate": "2014-07-30",
  "ContentHistory.15.ModificationComment": "updated Detection_Factors",
  "ContentHistory.16.Type": "Modification",
  "ContentHistory.16.ModificationName": "CWE Content Team",
  "ContentHistory.16.ModificationOrganization": "MITRE",
  "ContentHistory.16.ModificationDate": "2015-12-07",
  "ContentHistory.16.ModificationComment": "updated Relationships",
  "ContentHistory.17.Type": "Modification",
  "ContentHistory.17.ModificationName": "CWE Content Team",
  "ContentHistory.17.ModificationOrganization": "MITRE",
  "ContentHistory.17.ModificationDate": "2017-11-08",
  "ContentHistory.17.ModificationComment": "updated Affected_Resources, Applicable_Platforms, Likelihood_of_Exploit, Modes_of_Introduction, References, Relationships, Weakness_Ordinalities",
  "ContentHistory.18.Type": "Modification",
  "ContentHistory.18.ModificationName": "CWE Content Team",
  "ContentHistory.18.ModificationOrganization": "MITRE",
  "ContentHistory.18.ModificationDate": "2019-01-03",
  "ContentHistory.18.ModificationComment": "updated References, Relationships, Taxonomy_Mappings",
  "ContentHistory.19.Type": "Modification",
  "ContentHistory.19.ModificationName": "CWE Content Team",
  "ContentHistory.19.ModificationOrganization": "MITRE",
  "ContentHistory.19.ModificationDate": "2019-06-20",
  "ContentHistory.19.ModificationComment": "updated Related_Attack_Patterns",
  "ContentHistory.20.Type": "Modification",
  "ContentHistory.20.ModificationName": "CWE Content Team",
  "ContentHistory.20.ModificationOrganization": "MITRE",
  "ContentHistory.20.ModificationDate": "2019-09-19",
  "ContentHistory.20.ModificationComment": "updated Relationships",
  "ContentHistory.21.Type": "Modification",
  "ContentHistory.21.ModificationName": "CWE Content Team",
  "ContentHistory.21.ModificationOrganization": "MITRE",
  "ContentHistory.21.ModificationDate": "2020-02-24",
  "ContentHistory.21.ModificationComment": "updated Applicable_Platforms, Potential_Mitigations",
  "ContentHistory.22.Type": "Modification",
  "ContentHistory.22.ModificationName": "CWE Content Team",
  "ContentHistory.22.ModificationOrganization": "MITRE",
  "ContentHistory.22.ModificationDate": "2020-06-25",
  "ContentHistory.22.ModificationComment": "updated Potential_Mitigations, Relationship_Notes",
  "ContentHistory.23.Type": "Modification",
  "ContentHistory.23.ModificationName": "CWE Content Team",
  "ContentHistory.23.ModificationOrganization": "MITRE",
  "ContentHistory.23.ModificationDate": "2020-08-20",
  "ContentHistory.23.ModificationComment": "updated Relationships",
  "ContentHistory.24.Type": "Modification",
  "ContentHistory.24.ModificationName": "CWE Content Team",
  "ContentHistory.24.ModificationOrganization": "MITRE",
  "ContentHistory.24.ModificationDate": "2020-12-10",
  "ContentHistory.24.ModificationComment": "updated Relationships",
  "ContentHistory.25.Type": "Modification",
  "ContentHistory.25.ModificationName": "CWE Content Team",
  "ContentHistory.25.ModificationOrganization": "MITRE",
  "ContentHistory.25.ModificationDate": "2021-03-15",
  "ContentHistory.25.ModificationComment": "updated Demonstrative_Examples",
  "ContentHistory.26.Type": "Modification",
  "ContentHistory.26.ModificationName": "CWE Content Team",
  "ContentHistory.26.ModificationOrganization": "MITRE",
  "ContentHistory.26.ModificationDate": "2021-07-20",
  "ContentHistory.26.ModificationComment": "updated Relationships",
  "ContentHistory.27.Type": "Modification",
  "ContentHistory.27.ModificationName": "CWE Content Team",
  "ContentHistory.27.ModificationOrganization": "MITRE",
  "ContentHistory.27.ModificationDate": "2021-10-28",
  "ContentHistory.27.ModificationComment": "updated Relationships",
  "ContentHistory.28.Type": "Modification",
  "ContentHistory.28.ModificationName": "CWE Content Team",
  "ContentHistory.28.ModificationOrganization": "MITRE",
  "ContentHistory.28.ModificationDate": "2022-04-28",
  "ContentHistory.28.ModificationComment": "updated Research_Gaps",
  "ContentHistory.29.Type": "Modification",
  "ContentHistory.29.ModificationName": "CWE Content Team",
  "ContentHistory.29.ModificationOrganization": "MITRE",
  "ContentHistory.29.ModificationDate": "2022-06-28",
  "ContentHistory.29.ModificationComment": "updated Relationships",
  "ContentHistory.30.Type": "Modification",
  "ContentHistory.30.ModificationName": "CWE Content Team",
  "ContentHistory.30.ModificationOrganization": "MITRE",
  "ContentHistory.30.ModificationDate": "2022-10-13",
  "ContentHistory.30.ModificationComment": "updated References",
  "ContentHistory.31.Type": "Modification",
  "ContentHistory.31.ModificationName": "CWE Content Team",
  "ContentHistory.31.ModificationOrganization": "MITRE",
  "ContentHistory.31.ModificationDate": "2023-01-31",
  "ContentHistory.31.ModificationComment": "updated Alternate_Terms, Description",
  "ContentHistory.32.Type": "Modification",
  "ContentHistory.32.ModificationName": "CWE Content Team",
  "ContentHistory.32.ModificationOrganization": "MITRE",
  "ContentHistory.32.ModificationDate": "2023-04-27",
  "ContentHistory.32.ModificationComment": "updated References, Relationships",
  "ContentHistory.33.Type": "Modification",
  "ContentHistory.33.ModificationName": "CWE Content Team",
  "ContentHistory.33.ModificationOrganization": "MITRE",
  "ContentHistory.33.ModificationDate": "2023-06-29",
  "ContentHistory.33.ModificationComment": "updated Mapping_Notes, Relationships",
  "ContentHistory.34.Type": "Modification",
  "ContentHistory.34.ModificationName": "CWE Content Team",
  "ContentHistory.34.ModificationOrganization": "MITRE",
  "ContentHistory.34.ModificationDate": "2024-02-29",
  "ContentHistory.34.ModificationComment": "updated Observed_Examples",
  "ContentHistory.34.ModificationVersion": "4.14",
  "ContentHistory.34.ModificationReleaseDate": "2024-02-29",
  "ContentHistory.35.Type": "Modification",
  "ContentHistory.35.ModificationName": "CWE Content Team",
  "ContentHistory.35.ModificationOrganization": "MITRE",
  "ContentHistory.35.ModificationDate": "2024-07-16",
  "ContentHistory.35.ModificationComment": "updated Common_Consequences, Description, Diagram, Weakness_Ordinalities",
  "ContentHistory.35.ModificationVersion": "4.15",
  "ContentHistory.35.ModificationReleaseDate": "2024-07-16",
  "ContentHistory.36.Type": "Modification",
  "ContentHistory.36.ModificationName": "CWE Content Team",
  "ContentHistory.36.ModificationOrganization": "MITRE",
  "ContentHistory.36.ModificationDate": "2024-11-19",
  "ContentHistory.36.ModificationComment": "updated Relationships",
  "ContentHistory.36.ModificationVersion": "4.16",
  "ContentHistory.36.ModificationReleaseDate": "2024-11-19",
  "ContentHistory.37.Type": "Contribution",
  "ContentHistory.37.ContributionName": "Abhi Balakrishnan",
  "ContentHistory.37.ContributionDate": "2024-02-29",
  "ContentHistory.37.ContributionComment": "Provided diagram to improve CWE usability",
  "ContentHistory.37.ContributionType": "Content",
  "ContentHistory.37.ContributionVersion": "4.15",
  "ContentHistory.37.ContributionReleaseDate": "2024-07-16",
  "ContentHistory.38.Type": "Rename",
  "ContentHistory.38.PreviousEntryName": "Unrestricted File Upload",
  "ContentHistory.38.Date": "2010-02-16"
}