{
  "ID": "20",
  "Name": "Improper Input Validation",
  "Abstraction": "Class",
  "Structure": "Simple",
  "Status": "Stable",
  "Diagram": "/data/images/CWE-20-Diagram.png",
  "Description": "The product receives input or data, but it does\n        not validate or incorrectly validates that the input has the\n        properties that are required to process the data safely and\n        correctly.",
  "ExtendedDescription": "\n\nInput validation is a frequently-used technique for checking potentially dangerous inputs in order to ensure that the inputs are safe for processing within the code, or when communicating with other components.\n\n\nInput can consist of:\n\n\n  - raw data - strings, numbers, parameters, file contents, etc.\n\n  - metadata - information about the raw data, such as headers or size\n\nData can be simple or structured. Structured data can be composed of many nested layers, composed of combinations of metadata and raw data, with other simple or structured data.\n\nMany properties of raw data or metadata may need to be validated upon entry into the code, such as:\n\n\n  - specified quantities such as size, length, frequency, price, rate, number of operations, time, etc.\n\n  - implied or derived quantities, such as the actual size of a file instead of a specified size\n\n  - indexes, offsets, or positions into more complex data structures\n\n  - symbolic keys or other elements into hash tables, associative arrays, etc.\n\n  - well-formedness, i.e. syntactic correctness - compliance with expected syntax \n\n  - lexical token correctness - compliance with rules for what is treated as a token\n\n  - specified or derived type - the actual type of the input (or what the input appears to be)\n\n  - consistency - between individual data elements, between raw data and metadata, between references, etc.\n\n  - conformance to domain-specific rules, e.g. business logic \n\n  - equivalence - ensuring that equivalent inputs are treated the same\n\n  - authenticity, ownership, or other attestations about the input, e.g. a cryptographic signature to prove the source of the data\n\nImplied or derived properties of data must often be calculated or inferred by the code itself. Errors in deriving properties may be considered a contributing factor to improper input validation. ",
  "LikelihoodOfExploit": "High",
  "RelatedWeaknesses.0.Nature": "ChildOf",
  "RelatedWeaknesses.0.CweID": "707",
  "RelatedWeaknesses.0.ViewID": "1000",
  "RelatedWeaknesses.0.Ordinal": "Primary",
  "RelatedWeaknesses.1.Nature": "PeerOf",
  "RelatedWeaknesses.1.CweID": "345",
  "RelatedWeaknesses.1.ViewID": "1000",
  "RelatedWeaknesses.1.Ordinal": "Primary",
  "RelatedWeaknesses.2.Nature": "CanPrecede",
  "RelatedWeaknesses.2.CweID": "22",
  "RelatedWeaknesses.2.ViewID": "1000",
  "RelatedWeaknesses.3.Nature": "CanPrecede",
  "RelatedWeaknesses.3.CweID": "41",
  "RelatedWeaknesses.3.ViewID": "1000",
  "RelatedWeaknesses.4.Nature": "CanPrecede",
  "RelatedWeaknesses.4.CweID": "74",
  "RelatedWeaknesses.4.ViewID": "1000",
  "RelatedWeaknesses.5.Nature": "CanPrecede",
  "RelatedWeaknesses.5.CweID": "119",
  "RelatedWeaknesses.5.ViewID": "1000",
  "RelatedWeaknesses.6.Nature": "CanPrecede",
  "RelatedWeaknesses.6.CweID": "770",
  "RelatedWeaknesses.6.ViewID": "1000",
  "ApplicablePlatforms.0.Type": "Language",
  "ApplicablePlatforms.0.Class": "Not Language-Specific",
  "ApplicablePlatforms.0.Prevalence": "Often",
  "ModesOfIntroduction.0.Phase": "Architecture and Design",
  "ModesOfIntroduction.1.Phase": "Implementation",
  "ModesOfIntroduction.1.Note": "\n\nREALIZATION: This weakness is caused during implementation of an architectural security tactic.\n\n\nIf a programmer believes that an attacker cannot modify certain inputs, then the programmer might not perform any input validation at all. For example, in web applications, many programmers believe that cookies and hidden form fields can not be modified from a web browser (CWE-472), although they can be altered using a proxy or a custom program. In a client-server architecture, the programmer might assume that client-side security checks cannot be bypassed, even when a custom client could be written that skips those checks (CWE-602).\n",
  "CommonConsequences.0.Scope.0": "Availability",
  "CommonConsequences.0.Impact.0": "DoS: Crash, Exit, or Restart",
  "CommonConsequences.0.Impact.1": "DoS: Resource Consumption (CPU)",
  "CommonConsequences.0.Impact.2": "DoS: Resource Consumption (Memory)",
  "CommonConsequences.0.Note": "An attacker could provide unexpected values and cause a program crash or arbitrary control of resource allocation, leading to excessive consumption of resources such as memory and CPU.",
  "CommonConsequences.1.Scope.0": "Confidentiality",
  "CommonConsequences.1.Impact.0": "Read Memory",
  "CommonConsequences.1.Impact.1": "Read Files or Directories",
  "CommonConsequences.1.Note": "An attacker could read confidential data if they are able to control resource references.",
  "CommonConsequences.2.Scope.0": "Integrity",
  "CommonConsequences.2.Scope.1": "Confidentiality",
  "CommonConsequences.2.Scope.2": "Availability",
  "CommonConsequences.2.Impact.0": "Modify Memory",
  "CommonConsequences.2.Impact.1": "Execute Unauthorized Code or Commands",
  "CommonConsequences.2.Note": "An attacker could use malicious input to modify data or possibly alter control flow in unexpected ways, including arbitrary command execution.",
  "DetectionMethods.0.DetectionMethodID": "DM-3",
  "DetectionMethods.0.Method": "Automated Static Analysis",
  "DetectionMethods.0.Description": "\n\nSome instances of improper input validation can be detected using automated static analysis.\n\n\nA static analysis tool might allow the user to specify which application-specific methods or functions perform input validation; the tool might also have built-in knowledge of validation frameworks such as Struts. The tool may then suppress or de-prioritize any associated warnings. This allows the analyst to focus on areas of the software in which input validation does not appear to be present.\n\n\nExcept in the cases described in the previous paragraph, automated static analysis might not be able to recognize when proper input validation is being performed, leading to false positives - i.e., warnings that do not have any security consequences or require any code changes.\n",
  "DetectionMethods.1.DetectionMethodID": "DM-4",
  "DetectionMethods.1.Method": "Manual Static Analysis",
  "DetectionMethods.1.Description": "When custom input validation is required, such as when enforcing business rules, manual analysis is necessary to ensure that the validation is properly implemented.",
  "DetectionMethods.2.DetectionMethodID": "DM-5",
  "DetectionMethods.2.Method": "Fuzzing",
  "DetectionMethods.2.Description": "Fuzzing techniques can be useful for detecting input validation errors. When unexpected inputs are provided to the software, the software should not crash or otherwise become unstable, and it should generate application-controlled error messages. If exceptions or interpreter-generated error messages occur, this indicates that the input was not detected and handled within the application logic itself.",
  "DetectionMethods.3.Method": "Automated Static Analysis - Binary or Bytecode",
  "DetectionMethods.3.Description": "\n\nAccording to SOAR, the following detection techniques may be useful:\n\n```\n\t\tCost effective for partial coverage:\n```\n\n\t\tBytecode Weakness Analysis - including disassembler + source code weakness analysis\n\t\tBinary Weakness Analysis - including disassembler + source code weakness analysis",
  "DetectionMethods.3.Effectiveness": "SOAR Partial",
  "DetectionMethods.4.Method": "Manual Static Analysis - Binary or Bytecode",
  "DetectionMethods.4.Description": "\n\nAccording to SOAR, the following detection techniques may be useful:\n\n```\n\t\tCost effective for partial coverage:\n```\n\n\t\tBinary / Bytecode disassembler - then use manual analysis for vulnerabilities & anomalies",
  "DetectionMethods.4.Effectiveness": "SOAR Partial",
  "DetectionMethods.5.Method": "Dynamic Analysis with Automated Results Interpretation",
  "DetectionMethods.5.Description": "\n\nAccording to SOAR, the following detection techniques may be useful:\n\n```\n\t\tHighly cost effective:\n```\n\n\t\tWeb Application Scanner\n\t\tWeb Services Scanner\n\t\tDatabase Scanners",
  "DetectionMethods.5.Effectiveness": "High",
  "DetectionMethods.6.Method": "Dynamic Analysis with Manual Results Interpretation",
  "DetectionMethods.6.Description": "\n\nAccording to SOAR, the following detection techniques may be useful:\n\n```\n\t\tHighly cost effective:\n```\n\n\t\tFuzz Tester\n\t\tFramework-based Fuzzer\n\t```\n\t\tCost effective for partial coverage:\n```\n\n\t\tHost Application Interface Scanner\n\t\tMonitored Virtual Environment - run potentially malicious code in sandbox / wrapper / virtual machine, see if it does anything suspicious",
  "DetectionMethods.6.Effectiveness": "High",
  "DetectionMethods.7.Method": "Manual Static Analysis - Source Code",
  "DetectionMethods.7.Description": "\n\nAccording to SOAR, the following detection techniques may be useful:\n\n```\n\t\tHighly cost effective:\n```\n\n\t\tFocused Manual Spotcheck - Focused manual analysis of source\n\t\tManual Source Code Review (not inspections)",
  "DetectionMethods.7.Effectiveness": "High",
  "DetectionMethods.8.Method": "Automated Static Analysis - Source Code",
  "DetectionMethods.8.Description": "\n\nAccording to SOAR, the following detection techniques may be useful:\n\n```\n\t\tHighly cost effective:\n```\n\n\t\tSource code Weakness Analyzer\n\t\tContext-configured Source Code Weakness Analyzer",
  "DetectionMethods.8.Effectiveness": "High",
  "DetectionMethods.9.Method": "Architecture or Design Review",
  "DetectionMethods.9.Description": "\n\nAccording to SOAR, the following detection techniques may be useful:\n\n```\n\t\tHighly cost effective:\n```\n\n\t\tInspection (IEEE 1028 standard) (can apply to requirements, design, source code, etc.)\n\t\tFormal Methods / Correct-By-Construction\n\t```\n\t\tCost effective for partial coverage:\n```\n\n\t\tAttack Modeling",
  "DetectionMethods.9.Effectiveness": "High",
  "PotentialMitigations.0.Phase.0": "Architecture and Design",
  "PotentialMitigations.0.Strategy": "Attack Surface Reduction",
  "PotentialMitigations.0.Description": "Consider using language-theoretic security (LangSec) techniques that characterize inputs using a formal language and build \"recognizers\" for that language. This effectively requires parsing to be a distinct layer that effectively enforces a boundary between raw input and internal data representations, instead of allowing parser code to be scattered throughout the program, where it could be subject to errors or inconsistencies that create weaknesses. [REF-1109] [REF-1110] [REF-1111]",
  "PotentialMitigations.1.MitigationID": "MIT-7",
  "PotentialMitigations.1.Phase.0": "Architecture and Design",
  "PotentialMitigations.1.Strategy": "Libraries or Frameworks",
  "PotentialMitigations.1.Description": "Use an input validation framework such as Struts or the OWASP ESAPI Validation API. Note that using a framework does not automatically address all input validation problems; be mindful of weaknesses that could arise from misusing the framework itself (CWE-1173).",
  "PotentialMitigations.2.MitigationID": "MIT-6",
  "PotentialMitigations.2.Phase.0": "Architecture and Design",
  "PotentialMitigations.2.Phase.1": "Implementation",
  "PotentialMitigations.2.Strategy": "Attack Surface Reduction",
  "PotentialMitigations.2.Description": "Understand all the potential areas where untrusted inputs can enter the product, including but not limited to: parameters or arguments, cookies, anything read from the network, environment variables, reverse DNS lookups, query results, request headers, URL components, e-mail, files, filenames, databases, and any external systems that provide data to the application. Remember that such inputs may be obtained indirectly through API calls.",
  "PotentialMitigations.3.MitigationID": "MIT-5",
  "PotentialMitigations.3.Phase.0": "Implementation",
  "PotentialMitigations.3.Strategy": "Input Validation",
  "PotentialMitigations.3.Description": "\n\nAssume all input is malicious. Use an \"accept known good\" input validation strategy, i.e., use a list of acceptable inputs that strictly conform to specifications. Reject any input that does not strictly conform to specifications, or transform it into something that does.\n\n\nWhen performing input validation, consider all potentially relevant properties, including length, type of input, the full range of acceptable values, missing or extra inputs, syntax, consistency across related fields, and conformance to business rules. As an example of business rule logic, \"boat\" may be syntactically valid because it only contains alphanumeric characters, but it is not valid if the input is only expected to contain colors such as \"red\" or \"blue.\"\n\n\nDo not rely exclusively on looking for malicious or malformed inputs. This is likely to miss at least one undesirable input, especially if the code's environment changes. This can give attackers enough room to bypass the intended validation. However, denylists can be useful for detecting potential attacks or determining which inputs are so malformed that they should be rejected outright.\n",
  "PotentialMitigations.3.Effectiveness": "High",
  "PotentialMitigations.4.Phase.0": "Architecture and Design",
  "PotentialMitigations.4.Description": "\n\nFor any security checks that are performed on the client side, ensure that these checks are duplicated on the server side, in order to avoid CWE-602. Attackers can bypass the client-side checks by modifying values after the checks have been performed, or by changing the client to remove the client-side checks entirely. Then, these modified values would be submitted to the server.\n\n\nEven though client-side checks provide minimal benefits with respect to server-side security, they are still useful. First, they can support intrusion detection. If the server receives input that should have been rejected by the client, then it may be an indication of an attack. Second, client-side error-checking can provide helpful feedback to the user about the expectations for valid input. Third, there may be a reduction in server-side processing time for accidental input errors, although this is typically a small savings.\n",
  "PotentialMitigations.5.Phase.0": "Implementation",
  "PotentialMitigations.5.Description": "When your application combines data from multiple sources, perform the validation after the sources have been combined. The individual data elements may pass the validation step but violate the intended restrictions after they have been combined.",
  "PotentialMitigations.6.MitigationID": "MIT-35",
  "PotentialMitigations.6.Phase.0": "Implementation",
  "PotentialMitigations.6.Description": "Be especially careful to validate all input when invoking code that crosses language boundaries, such as from an interpreted language to native code. This could create an unexpected interaction between the language boundaries. Ensure that you are not violating any of the expectations of the language with which you are interfacing. For example, even though Java may not be susceptible to buffer overflows, providing a large argument in a call to native code might trigger an overflow.",
  "PotentialMitigations.7.Phase.0": "Implementation",
  "PotentialMitigations.7.Description": "Directly convert your input type into the expected data type, such as using a conversion function that translates a string into a number. After converting to the expected data type, ensure that the input's values fall within the expected range of allowable values and that multi-field consistencies are maintained.",
  "PotentialMitigations.8.Phase.0": "Implementation",
  "PotentialMitigations.8.Description": "\n\nInputs should be decoded and canonicalized to the application's current internal representation before being validated (CWE-180, CWE-181). Make sure that your application does not inadvertently decode the same input twice (CWE-174). Such errors could be used to bypass allowlist schemes by introducing dangerous inputs after they have been checked. Use libraries such as the OWASP ESAPI Canonicalization control.\n\n\nConsider performing repeated canonicalization until your input does not change any more. This will avoid double-decoding and similar scenarios, but it might inadvertently modify inputs that are allowed to contain properly-encoded dangerous content.\n",
  "PotentialMitigations.9.Phase.0": "Implementation",
  "PotentialMitigations.9.Description": "When exchanging data between components, ensure that both components are using the same character encoding. Ensure that the proper encoding is applied at each interface. Explicitly set the encoding you are using whenever the protocol allows you to do so.",
  "DemonstrativeExamples.0.ID": "DX-135",
  "DemonstrativeExamples.0.Entries.0.IntroText": "This example demonstrates a shopping interaction in which the user is free to specify the quantity of items to be purchased and a total is calculated.",
  "DemonstrativeExamples.0.Entries.1.Nature": "Bad",
  "DemonstrativeExamples.0.Entries.1.Language": "Java",
  "DemonstrativeExamples.0.Entries.1.ExampleCode": "```\n\t...\n\tpublic static final double price = 20.00;\n\tint quantity = currentUser.getAttribute(\"quantity\");\n\tdouble total = price * quantity;\n\tchargeUser(total);\n\t...\n```",
  "DemonstrativeExamples.0.Entries.2.BodyText": "The user has no control over the price variable, however the code does not prevent a negative value from being specified for quantity. If an attacker were to provide a negative value, then the user would have their account credited instead of debited.",
  "DemonstrativeExamples.1.ID": "DX-136",
  "DemonstrativeExamples.1.Entries.0.IntroText": "This example asks the user for a height and width of an m X n game board with a maximum dimension of 100 squares.",
  "DemonstrativeExamples.1.Entries.1.Nature": "Bad",
  "DemonstrativeExamples.1.Entries.1.Language": "C",
  "DemonstrativeExamples.1.Entries.1.ExampleCode": "```\n\t...\n\t#define MAX_DIM 100\n\t...\n```\n/* board dimensions */* \n\t\n\tint m,n, error;\n\tboard_square_t *board;\n\tprintf(\"Please specify the board height: \\n\");\n\terror = scanf(\"%d\", &m);\n\tif ( EOF == error ){\n\t```\n\t\tdie(\"No integer passed: Die evil hacker!\\n\");\n\t}\n\tprintf(\"Please specify the board width: \\n\");\n\terror = scanf(\"%d\", &n);\n\tif ( EOF == error ){\n\t\tdie(\"No integer passed: Die evil hacker!\\n\");\n\t}\n\tif ( m > MAX_DIM || n > MAX_DIM ) {\n\t\tdie(\"Value too large: Die evil hacker!\\n\");\n\t}\n\tboard = (board_square_t*) malloc( m * n * sizeof(board_square_t));\n\t...\n```",
  "DemonstrativeExamples.1.Entries.2.BodyText": "While this code checks to make sure the user cannot specify large, positive integers and consume too much memory, it does not check for negative values supplied by the user. As a result, an attacker can perform a resource consumption (CWE-400) attack against this program by specifying two, large negative values that will not overflow, resulting in a very large memory allocation (CWE-789) and possibly a system crash. Alternatively, an attacker can provide very large negative values which will cause an integer overflow (CWE-190) and unexpected behavior will follow depending on how the values are treated in the remainder of the program.",
  "DemonstrativeExamples.2.Entries.0.IntroText": "The following example shows a PHP application in which the programmer attempts to display a user's birthday and homepage.",
  "DemonstrativeExamples.2.Entries.1.Nature": "Bad",
  "DemonstrativeExamples.2.Entries.1.Language": "PHP",
  "DemonstrativeExamples.2.Entries.1.ExampleCode": "```\n\t$birthday = $_GET['birthday'];\n\t$homepage = $_GET['homepage'];\n\techo \"Birthday: $birthday<br>Homepage: <a href=$homepage>click here</a>\"\n```",
  "DemonstrativeExamples.2.Entries.2.BodyText": "The programmer intended for $birthday to be in a date format and $homepage to be a valid URL. However, since the values are derived from an HTTP request, if an attacker can trick a victim into clicking a crafted URL with <script> tags providing the values for birthday and / or homepage, then the script will run on the client's browser when the web server echoes the content. Notice that even if the programmer were to defend the $birthday variable by restricting input to integers and dashes, it would still be possible for an attacker to provide a string of the form:",
  "DemonstrativeExamples.2.Entries.3.Nature": "Attack",
  "DemonstrativeExamples.2.Entries.3.ExampleCode": "```\n\t2009-01-09--\n```",
  "DemonstrativeExamples.2.Entries.4.BodyText": "If this data were used in a SQL statement, it would treat the remainder of the statement as a comment. The comment could disable other security-related logic in the statement. In this case, encoding combined with input validation would be a more useful protection mechanism.",
  "DemonstrativeExamples.2.Entries.5.BodyText": "Furthermore, an XSS (CWE-79) attack or SQL injection (CWE-89) are just a few of the potential consequences when input validation is not used. Depending on the context of the code, CRLF Injection (CWE-93), Argument Injection (CWE-88), or Command Injection (CWE-77) may also be possible.",
  "DemonstrativeExamples.3.ID": "DX-34",
  "DemonstrativeExamples.3.Entries.0.IntroText": "The following example takes a user-supplied value to allocate an array of objects and then operates on the array.",
  "DemonstrativeExamples.3.Entries.1.Nature": "Bad",
  "DemonstrativeExamples.3.Entries.1.Language": "Java",
  "DemonstrativeExamples.3.Entries.1.ExampleCode": "```\n\tprivate void buildList ( int untrustedListSize ){\n\t\tif ( 0 > untrustedListSize ){\n\t\t\tdie(\"Negative value supplied for list size, die evil hacker!\");\n\t\t}\n\t\tWidget[] list = new Widget [ untrustedListSize ];\n\t\tlist[0] = new Widget();\n\t}\n```",
  "DemonstrativeExamples.3.Entries.2.BodyText": "This example attempts to build a list from a user-specified value, and even checks to ensure a non-negative value is supplied. If, however, a 0 value is provided, the code will build an array of size 0 and then try to store a new Widget in the first location, causing an exception to be thrown.",
  "DemonstrativeExamples.4.ID": "DX-110",
  "DemonstrativeExamples.4.Entries.0.IntroText": "This Android application has registered to handle a URL when sent an intent:",
  "DemonstrativeExamples.4.Entries.1.Nature": "Bad",
  "DemonstrativeExamples.4.Entries.1.Language": "Java",
  "DemonstrativeExamples.4.Entries.1.ExampleCode": "```\n```\n...* \n\tIntentFilter filter = new IntentFilter(\"com.example.URLHandler.openURL\");\n\tMyReceiver receiver = new MyReceiver();\n\tregisterReceiver(receiver, filter);\n\t\n\t *...* \n\t\n\tpublic class UrlHandlerReceiver extends BroadcastReceiver {\n\t```\n\t\t\t@Override\n\t\t\tpublic void onReceive(Context context, Intent intent) {\n\t\t\t\t\tif(\"com.example.URLHandler.openURL\".equals(intent.getAction())) {\n\t\t\t\t\t\tString URL = intent.getStringExtra(\"URLToOpen\");\n\t\t\t\t\t\tint length = URL.length();\n```\n...* \n\t\t\t\t\t}}}",
  "DemonstrativeExamples.4.Entries.2.BodyText": "The application assumes the URL will always be included in the intent. When the URL is not present, the call to getStringExtra() will return null, thus causing a null pointer exception when length() is called.",
  "ObservedExamples.0.Reference": "CVE-2024-37032",
  "ObservedExamples.0.Description": "Large language model (LLM) management tool does not validate the format of a digest value (CWE-1287) from a private, untrusted model registry, enabling relative path traversal (CWE-23), a.k.a. Probllama",
  "ObservedExamples.0.Link": "https://www.cve.org/CVERecord?id=CVE-2024-37032",
  "ObservedExamples.1.Reference": "CVE-2022-45918",
  "ObservedExamples.1.Description": "Chain: a learning management tool debugger uses external input to locate previous session logs (CWE-73) and does not properly validate the given path (CWE-20), allowing for filesystem path traversal using \"../\" sequences (CWE-24)",
  "ObservedExamples.1.Link": "https://www.cve.org/CVERecord?id=CVE-2022-45918",
  "ObservedExamples.2.Reference": "CVE-2021-30860",
  "ObservedExamples.2.Description": "Chain: improper input validation (CWE-20) leads to integer overflow (CWE-190) in mobile OS, as exploited in the wild per CISA KEV.",
  "ObservedExamples.2.Link": "https://www.cve.org/CVERecord?id=CVE-2021-30860",
  "ObservedExamples.3.Reference": "CVE-2021-30663",
  "ObservedExamples.3.Description": "Chain: improper input validation (CWE-20) leads to integer overflow (CWE-190) in mobile OS, as exploited in the wild per CISA KEV.",
  "ObservedExamples.3.Link": "https://www.cve.org/CVERecord?id=CVE-2021-30663",
  "ObservedExamples.4.Reference": "CVE-2021-22205",
  "ObservedExamples.4.Description": "Chain: backslash followed by a newline can bypass a validation step (CWE-20), leading to eval injection (CWE-95), as exploited in the wild per CISA KEV.",
  "ObservedExamples.4.Link": "https://www.cve.org/CVERecord?id=CVE-2021-22205",
  "ObservedExamples.5.Reference": "CVE-2021-21220",
  "ObservedExamples.5.Description": "Chain: insufficient input validation (CWE-20) in browser allows heap corruption (CWE-787), as exploited in the wild per CISA KEV.",
  "ObservedExamples.5.Link": "https://www.cve.org/CVERecord?id=CVE-2021-21220",
  "ObservedExamples.6.Reference": "CVE-2020-9054",
  "ObservedExamples.6.Description": "Chain: improper input validation (CWE-20) in username parameter, leading to OS command injection (CWE-78), as exploited in the wild per CISA KEV.",
  "ObservedExamples.6.Link": "https://www.cve.org/CVERecord?id=CVE-2020-9054",
  "ObservedExamples.7.Reference": "CVE-2020-3452",
  "ObservedExamples.7.Description": "Chain: security product has improper input validation (CWE-20) leading to directory traversal (CWE-22), as exploited in the wild per CISA KEV.",
  "ObservedExamples.7.Link": "https://www.cve.org/CVERecord?id=CVE-2020-3452",
  "ObservedExamples.8.Reference": "CVE-2020-3161",
  "ObservedExamples.8.Description": "Improper input validation of HTTP requests in IP phone, as exploited in the wild per CISA KEV.",
  "ObservedExamples.8.Link": "https://www.cve.org/CVERecord?id=CVE-2020-3161",
  "ObservedExamples.9.Reference": "CVE-2020-3580",
  "ObservedExamples.9.Description": "Chain: improper input validation (CWE-20) in firewall product leads to XSS (CWE-79), as exploited in the wild per CISA KEV.",
  "ObservedExamples.9.Link": "https://www.cve.org/CVERecord?id=CVE-2020-3580",
  "ObservedExamples.10.Reference": "CVE-2021-37147",
  "ObservedExamples.10.Description": "Chain: caching proxy server has improper input validation (CWE-20) of headers, allowing HTTP response smuggling (CWE-444) using an \"LF line ending\"",
  "ObservedExamples.10.Link": "https://www.cve.org/CVERecord?id=CVE-2021-37147",
  "ObservedExamples.11.Reference": "CVE-2008-5305",
  "ObservedExamples.11.Description": "Eval injection in Perl program using an ID that should only contain hyphens and numbers.",
  "ObservedExamples.11.Link": "https://www.cve.org/CVERecord?id=CVE-2008-5305",
  "ObservedExamples.12.Reference": "CVE-2008-2223",
  "ObservedExamples.12.Description": "SQL injection through an ID that was supposed to be numeric.",
  "ObservedExamples.12.Link": "https://www.cve.org/CVERecord?id=CVE-2008-2223",
  "ObservedExamples.13.Reference": "CVE-2008-3477",
  "ObservedExamples.13.Description": "lack of input validation in spreadsheet program leads to buffer overflows, integer overflows, array index errors, and memory corruption.",
  "ObservedExamples.13.Link": "https://www.cve.org/CVERecord?id=CVE-2008-3477",
  "ObservedExamples.14.Reference": "CVE-2008-3843",
  "ObservedExamples.14.Description": "insufficient validation enables XSS",
  "ObservedExamples.14.Link": "https://www.cve.org/CVERecord?id=CVE-2008-3843",
  "ObservedExamples.15.Reference": "CVE-2008-3174",
  "ObservedExamples.15.Description": "driver in security product allows code execution due to insufficient validation",
  "ObservedExamples.15.Link": "https://www.cve.org/CVERecord?id=CVE-2008-3174",
  "ObservedExamples.16.Reference": "CVE-2007-3409",
  "ObservedExamples.16.Description": "infinite loop from DNS packet with a label that points to itself",
  "ObservedExamples.16.Link": "https://www.cve.org/CVERecord?id=CVE-2007-3409",
  "ObservedExamples.17.Reference": "CVE-2006-6870",
  "ObservedExamples.17.Description": "infinite loop from DNS packet with a label that points to itself",
  "ObservedExamples.17.Link": "https://www.cve.org/CVERecord?id=CVE-2006-6870",
  "ObservedExamples.18.Reference": "CVE-2008-1303",
  "ObservedExamples.18.Description": "missing parameter leads to crash",
  "ObservedExamples.18.Link": "https://www.cve.org/CVERecord?id=CVE-2008-1303",
  "ObservedExamples.19.Reference": "CVE-2007-5893",
  "ObservedExamples.19.Description": "HTTP request with missing protocol version number leads to crash",
  "ObservedExamples.19.Link": "https://www.cve.org/CVERecord?id=CVE-2007-5893",
  "ObservedExamples.20.Reference": "CVE-2006-6658",
  "ObservedExamples.20.Description": "request with missing parameters leads to information exposure",
  "ObservedExamples.20.Link": "https://www.cve.org/CVERecord?id=CVE-2006-6658",
  "ObservedExamples.21.Reference": "CVE-2008-4114",
  "ObservedExamples.21.Description": "system crash with offset value that is inconsistent with packet size",
  "ObservedExamples.21.Link": "https://www.cve.org/CVERecord?id=CVE-2008-4114",
  "ObservedExamples.22.Reference": "CVE-2006-3790",
  "ObservedExamples.22.Description": "size field that is inconsistent with packet size leads to buffer over-read",
  "ObservedExamples.22.Link": "https://www.cve.org/CVERecord?id=CVE-2006-3790",
  "ObservedExamples.23.Reference": "CVE-2008-2309",
  "ObservedExamples.23.Description": "product uses a denylist to identify potentially dangerous content, allowing attacker to bypass a warning",
  "ObservedExamples.23.Link": "https://www.cve.org/CVERecord?id=CVE-2008-2309",
  "ObservedExamples.24.Reference": "CVE-2008-3494",
  "ObservedExamples.24.Description": "security bypass via an extra header",
  "ObservedExamples.24.Link": "https://www.cve.org/CVERecord?id=CVE-2008-3494",
  "ObservedExamples.25.Reference": "CVE-2008-3571",
  "ObservedExamples.25.Description": "empty packet triggers reboot",
  "ObservedExamples.25.Link": "https://www.cve.org/CVERecord?id=CVE-2008-3571",
  "ObservedExamples.26.Reference": "CVE-2006-5525",
  "ObservedExamples.26.Description": "incomplete denylist allows SQL injection",
  "ObservedExamples.26.Link": "https://www.cve.org/CVERecord?id=CVE-2006-5525",
  "ObservedExamples.27.Reference": "CVE-2008-1284",
  "ObservedExamples.27.Description": "NUL byte in theme name causes directory traversal impact to be worse",
  "ObservedExamples.27.Link": "https://www.cve.org/CVERecord?id=CVE-2008-1284",
  "ObservedExamples.28.Reference": "CVE-2008-0600",
  "ObservedExamples.28.Description": "kernel does not validate an incoming pointer before dereferencing it",
  "ObservedExamples.28.Link": "https://www.cve.org/CVERecord?id=CVE-2008-0600",
  "ObservedExamples.29.Reference": "CVE-2008-1738",
  "ObservedExamples.29.Description": "anti-virus product has insufficient input validation of hooked SSDT functions, allowing code execution",
  "ObservedExamples.29.Link": "https://www.cve.org/CVERecord?id=CVE-2008-1738",
  "ObservedExamples.30.Reference": "CVE-2008-1737",
  "ObservedExamples.30.Description": "anti-virus product allows DoS via zero-length field",
  "ObservedExamples.30.Link": "https://www.cve.org/CVERecord?id=CVE-2008-1737",
  "ObservedExamples.31.Reference": "CVE-2008-3464",
  "ObservedExamples.31.Description": "driver does not validate input from userland to the kernel",
  "ObservedExamples.31.Link": "https://www.cve.org/CVERecord?id=CVE-2008-3464",
  "ObservedExamples.32.Reference": "CVE-2008-2252",
  "ObservedExamples.32.Description": "kernel does not validate parameters sent in from userland, allowing code execution",
  "ObservedExamples.32.Link": "https://www.cve.org/CVERecord?id=CVE-2008-2252",
  "ObservedExamples.33.Reference": "CVE-2008-2374",
  "ObservedExamples.33.Description": "lack of validation of string length fields allows memory consumption or buffer over-read",
  "ObservedExamples.33.Link": "https://www.cve.org/CVERecord?id=CVE-2008-2374",
  "ObservedExamples.34.Reference": "CVE-2008-1440",
  "ObservedExamples.34.Description": "lack of validation of length field leads to infinite loop",
  "ObservedExamples.34.Link": "https://www.cve.org/CVERecord?id=CVE-2008-1440",
  "ObservedExamples.35.Reference": "CVE-2008-1625",
  "ObservedExamples.35.Description": "lack of validation of input to an IOCTL allows code execution",
  "ObservedExamples.35.Link": "https://www.cve.org/CVERecord?id=CVE-2008-1625",
  "ObservedExamples.36.Reference": "CVE-2008-3177",
  "ObservedExamples.36.Description": "zero-length attachment causes crash",
  "ObservedExamples.36.Link": "https://www.cve.org/CVERecord?id=CVE-2008-3177",
  "ObservedExamples.37.Reference": "CVE-2007-2442",
  "ObservedExamples.37.Description": "zero-length input causes free of uninitialized pointer",
  "ObservedExamples.37.Link": "https://www.cve.org/CVERecord?id=CVE-2007-2442",
  "ObservedExamples.38.Reference": "CVE-2008-5563",
  "ObservedExamples.38.Description": "crash via a malformed frame structure",
  "ObservedExamples.38.Link": "https://www.cve.org/CVERecord?id=CVE-2008-5563",
  "ObservedExamples.39.Reference": "CVE-2008-5285",
  "ObservedExamples.39.Description": "infinite loop from a long SMTP request",
  "ObservedExamples.39.Link": "https://www.cve.org/CVERecord?id=CVE-2008-5285",
  "ObservedExamples.40.Reference": "CVE-2008-3812",
  "ObservedExamples.40.Description": "router crashes with a malformed packet",
  "ObservedExamples.40.Link": "https://www.cve.org/CVERecord?id=CVE-2008-3812",
  "ObservedExamples.41.Reference": "CVE-2008-3680",
  "ObservedExamples.41.Description": "packet with invalid version number leads to NULL pointer dereference",
  "ObservedExamples.41.Link": "https://www.cve.org/CVERecord?id=CVE-2008-3680",
  "ObservedExamples.42.Reference": "CVE-2008-3660",
  "ObservedExamples.42.Description": "crash via multiple \".\" characters in file extension",
  "ObservedExamples.42.Link": "https://www.cve.org/CVERecord?id=CVE-2008-3660",
  "TaxonomyMappings.0.TaxonomyName": "7 Pernicious Kingdoms",
  "TaxonomyMappings.0.EntryName": "Input validation and representation",
  "TaxonomyMappings.1.TaxonomyName": "OWASP Top Ten 2004",
  "TaxonomyMappings.1.EntryID": "A1",
  "TaxonomyMappings.1.EntryName": "Unvalidated Input",
  "TaxonomyMappings.1.MappingFit": "CWE More Specific",
  "TaxonomyMappings.2.TaxonomyName": "CERT C Secure Coding",
  "TaxonomyMappings.2.EntryID": "ERR07-C",
  "TaxonomyMappings.2.EntryName": "Prefer functions that support error checking over equivalent functions that don't",
  "TaxonomyMappings.3.TaxonomyName": "CERT C Secure Coding",
  "TaxonomyMappings.3.EntryID": "FIO30-C",
  "TaxonomyMappings.3.EntryName": "Exclude user input from format strings",
  "TaxonomyMappings.3.MappingFit": "CWE More Abstract",
  "TaxonomyMappings.4.TaxonomyName": "CERT C Secure Coding",
  "TaxonomyMappings.4.EntryID": "MEM10-C",
  "TaxonomyMappings.4.EntryName": "Define and use a pointer validation function",
  "TaxonomyMappings.5.TaxonomyName": "WASC",
  "TaxonomyMappings.5.EntryID": "20",
  "TaxonomyMappings.5.EntryName": "Improper Input Handling",
  "TaxonomyMappings.6.TaxonomyName": "Software Fault Patterns",
  "TaxonomyMappings.6.EntryID": "SFP25",
  "TaxonomyMappings.6.EntryName": "Tainted input to variable",
  "RelatedAttackPatterns.0": "10",
  "RelatedAttackPatterns.1": "101",
  "RelatedAttackPatterns.2": "104",
  "RelatedAttackPatterns.3": "108",
  "RelatedAttackPatterns.4": "109",
  "RelatedAttackPatterns.5": "110",
  "RelatedAttackPatterns.6": "120",
  "RelatedAttackPatterns.7": "13",
  "RelatedAttackPatterns.8": "135",
  "RelatedAttackPatterns.9": "136",
  "RelatedAttackPatterns.10": "14",
  "RelatedAttackPatterns.11": "153",
  "RelatedAttackPatterns.12": "182",
  "RelatedAttackPatterns.13": "209",
  "RelatedAttackPatterns.14": "22",
  "RelatedAttackPatterns.15": "23",
  "RelatedAttackPatterns.16": "230",
  "RelatedAttackPatterns.17": "231",
  "RelatedAttackPatterns.18": "24",
  "RelatedAttackPatterns.19": "250",
  "RelatedAttackPatterns.20": "261",
  "RelatedAttackPatterns.21": "267",
  "RelatedAttackPatterns.22": "28",
  "RelatedAttackPatterns.23": "3",
  "RelatedAttackPatterns.24": "31",
  "RelatedAttackPatterns.25": "42",
  "RelatedAttackPatterns.26": "43",
  "RelatedAttackPatterns.27": "45",
  "RelatedAttackPatterns.28": "46",
  "RelatedAttackPatterns.29": "47",
  "RelatedAttackPatterns.30": "473",
  "RelatedAttackPatterns.31": "52",
  "RelatedAttackPatterns.32": "53",
  "RelatedAttackPatterns.33": "588",
  "RelatedAttackPatterns.34": "63",
  "RelatedAttackPatterns.35": "64",
  "RelatedAttackPatterns.36": "664",
  "RelatedAttackPatterns.37": "67",
  "RelatedAttackPatterns.38": "7",
  "RelatedAttackPatterns.39": "71",
  "RelatedAttackPatterns.40": "72",
  "RelatedAttackPatterns.41": "73",
  "RelatedAttackPatterns.42": "78",
  "RelatedAttackPatterns.43": "79",
  "RelatedAttackPatterns.44": "8",
  "RelatedAttackPatterns.45": "80",
  "RelatedAttackPatterns.46": "81",
  "RelatedAttackPatterns.47": "83",
  "RelatedAttackPatterns.48": "85",
  "RelatedAttackPatterns.49": "88",
  "RelatedAttackPatterns.50": "9",
  "References.0.ExternalReferenceID": "REF-6",
  "References.0.Authors.0": "Katrina Tsipenyuk",
  "References.0.Authors.1": "Brian Chess",
  "References.0.Authors.2": "Gary McGraw",
  "References.0.Title": "Seven Pernicious Kingdoms: A Taxonomy of Software Security Errors",
  "References.0.Publication": "NIST Workshop on Software Security Assurance Tools Techniques and Metrics",
  "References.0.PublicationYear": "2005",
  "References.0.PublicationMonth": "11",
  "References.0.PublicationDay": "07",
  "References.0.Publisher": "NIST",
  "References.0.URL": "https://samate.nist.gov/SSATTM_Content/papers/Seven%20Pernicious%20Kingdoms%20-%20Taxonomy%20of%20Sw%20Security%20Errors%20-%20Tsipenyuk%20-%20Chess%20-%20McGraw.pdf",
  "References.1.ExternalReferenceID": "REF-166",
  "References.1.Authors.0": "Jim Manico",
  "References.1.Title": "Input Validation with ESAPI - Very Important",
  "References.1.PublicationYear": "2008",
  "References.1.PublicationMonth": "08",
  "References.1.PublicationDay": "15",
  "References.1.URL": "https://manicode.blogspot.com/2008/08/input-validation-with-esapi.html",
  "References.1.URLDate": "2023-04-07",
  "References.2.ExternalReferenceID": "REF-45",
  "References.2.Authors.0": "OWASP",
  "References.2.Title": "OWASP Enterprise Security API (ESAPI) Project",
  "References.2.URL": "http://www.owasp.org/index.php/ESAPI",
  "References.3.ExternalReferenceID": "REF-168",
  "References.3.Section": "Input Validation Attacks",
  "References.3.Authors.0": "Joel Scambray",
  "References.3.Authors.1": "Mike Shema",
  "References.3.Authors.2": "Caleb Sima",
  "References.3.Title": "Hacking Exposed Web Applications, Second Edition",
  "References.3.PublicationYear": "2006",
  "References.3.PublicationMonth": "06",
  "References.3.PublicationDay": "05",
  "References.3.Publisher": "McGraw-Hill",
  "References.4.ExternalReferenceID": "REF-48",
  "References.4.Authors.0": "Jeremiah Grossman",
  "References.4.Title": "Input validation or output filtering, which is better?",
  "References.4.PublicationYear": "2007",
  "References.4.PublicationMonth": "01",
  "References.4.PublicationDay": "30",
  "References.4.URL": "https://blog.jeremiahgrossman.com/2007/01/input-validation-or-output-filtering.html",
  "References.4.URLDate": "2023-04-07",
  "References.5.ExternalReferenceID": "REF-170",
  "References.5.Authors.0": "Kevin Beaver",
  "References.5.Title": "The importance of input validation",
  "References.5.PublicationYear": "2006",
  "References.5.PublicationMonth": "09",
  "References.5.PublicationDay": "06",
  "References.5.URL": "http://searchsoftwarequality.techtarget.com/tip/0,289483,sid92_gci1214373,00.html",
  "References.6.ExternalReferenceID": "REF-7",
  "References.6.Section": "Chapter 10, \"All Input Is Evil!\" Page 341",
  "References.6.Authors.0": "Michael Howard",
  "References.6.Authors.1": "David LeBlanc",
  "References.6.Title": "Writing Secure Code",
  "References.6.Edition": "2nd Edition",
  "References.6.PublicationYear": "2002",
  "References.6.PublicationMonth": "12",
  "References.6.PublicationDay": "04",
  "References.6.Publisher": "Microsoft Press",
  "References.6.URL": "https://www.microsoftpressstore.com/store/writing-secure-code-9780735617223",
  "References.7.ExternalReferenceID": "REF-1109",
  "References.7.Title": "LANGSEC: Language-theoretic Security",
  "References.7.URL": "http://langsec.org/",
  "References.8.ExternalReferenceID": "REF-1110",
  "References.8.Title": "LangSec: Recognition, Validation, and Compositional Correctness for Real World Security",
  "References.8.URL": "http://langsec.org/bof-handout.pdf",
  "References.9.ExternalReferenceID": "REF-1111",
  "References.9.Authors.0": "Sergey Bratus",
  "References.9.Authors.1": "Lars Hermerschmidt",
  "References.9.Authors.2": "Sven M. Hallberg",
  "References.9.Authors.3": "Michael E. Locasto",
  "References.9.Authors.4": "Falcon D. Momot",
  "References.9.Authors.5": "Meredith L. Patterson",
  "References.9.Authors.6": "Anna Shubina",
  "References.9.Title": "Curing the Vulnerable Parser: Design Patterns for Secure Input Handling",
  "References.9.Publication": "USENIX ;login:",
  "References.9.PublicationYear": "2017",
  "References.9.URL": "https://www.usenix.org/system/files/login/articles/login_spring17_08_bratus.pdf",
  "References.10.ExternalReferenceID": "REF-1287",
  "References.10.Section": "Details of Problematic Mappings",
  "References.10.Authors.0": "MITRE",
  "References.10.Title": "Supplemental Details - 2022 CWE Top 25",
  "References.10.PublicationYear": "2022",
  "References.10.PublicationMonth": "06",
  "References.10.PublicationDay": "28",
  "References.10.URL": "https://cwe.mitre.org/top25/archive/2022/2022_cwe_top25_supplemental.html#problematicMappingDetails",
  "References.10.URLDate": "2024-11-17",
  "MappingNotes.Usage": "Discouraged",
  "MappingNotes.Rationale": "CWE-20 is commonly misused in low-information vulnerability reports when lower-level CWEs could be used instead, or when more details about the vulnerability are available [REF-1287]. It is not useful for trend analysis. It is also a level-1 Class (i.e., a child of a Pillar). Finally, it is often used when the root cause issue is related to how input is incorrectly transformed, instead of \"validated\" to be correct as-is.",
  "MappingNotes.Comments": "Within CWE, the \"input validation\" term focuses on the act of checking whether an input is already safe, which is different from other techniques that ensure safe processing of input. Carefully perform root-cause analysis to be sure that the issue is not due to techniques that attempt to transform potentially-dangerous input into something safe, such as filtering (CWE-790) - which attempts to remove dangerous inputs - or encoding/escaping (CWE-116), which attempts to ensure that the input is not misinterpreted when it is included in output to another component. If the issue is truly due to imroper input validation, consider using lower-level children such as Improper Use of Validation Framework (CWE-1173) or improper validation involving specific types or properties of input such as Specified Quantity (CWE-1284); Specified Index, Position, or Offset (CWE-1285); Syntactic Correctness (CWE-1286); Specified Type (CWE-1287); Consistency within Input (CWE-1288); or Unsafe Equivalence (CWE-1289).",
  "MappingNotes.Reasons.0": "Frequent Misuse",
  "MappingNotes.Reasons.1": "Frequent Misinterpretation",
  "MappingNotes.Reasons.2": "Abstraction",
  "MappingNotes.Suggestions.0.CweID": "1284",
  "MappingNotes.Suggestions.0.Comment": "Specified Quantity",
  "MappingNotes.Suggestions.1.CweID": "1285",
  "MappingNotes.Suggestions.1.Comment": "Specified Index, Position, or Offset",
  "MappingNotes.Suggestions.2.CweID": "1286",
  "MappingNotes.Suggestions.2.Comment": "Syntactic Correctness",
  "MappingNotes.Suggestions.3.CweID": "1287",
  "MappingNotes.Suggestions.3.Comment": "Specified Type",
  "MappingNotes.Suggestions.4.CweID": "1288",
  "MappingNotes.Suggestions.4.Comment": "Consistency within Input",
  "MappingNotes.Suggestions.5.CweID": "1289",
  "MappingNotes.Suggestions.5.Comment": "Unsafe Equivalence",
  "MappingNotes.Suggestions.6.CweID": "116",
  "MappingNotes.Suggestions.6.Comment": "Improper Encoding or Escaping of Output",
  "MappingNotes.Suggestions.7.CweID": "790",
  "MappingNotes.Suggestions.7.Comment": "Improper Filtering of Special Elements",
  "Notes.0.Type": "Relationship",
  "Notes.0.Note": "\n\nCWE-116 and CWE-20 have a close association because, depending on the nature of the structured message, proper input validation can indirectly prevent special characters from changing the meaning of a structured message. For example, by validating that a numeric ID field should only contain the 0-9 characters, the programmer effectively prevents injection attacks.\n\n\nMultiple techniques exist to transform potentially dangerous input into something safe, which is different than \"validation,\" which is a technique to check if an input is already safe. CWE users need to be cautious during root cause analysis to ensure that an issue is truly an input-validation problem.\n",
  "Notes.1.Type": "Maintenance",
  "Notes.1.Note": "As of 2020, this entry is used more often than preferred, and it is a source of frequent confusion. It is being actively modified for CWE 4.1 and subsequent versions.",
  "Notes.2.Type": "Maintenance",
  "Notes.2.Note": "Concepts such as validation, data transformation, and neutralization are being refined, so relationships between CWE-20 and other entries such as CWE-707 may change in future versions, along with an update to the Vulnerability Theory document.",
  "Notes.3.Type": "Maintenance",
  "Notes.3.Note": "Input validation - whether missing or incorrect - is such an essential and widespread part of secure development that it is implicit in many different weaknesses. Traditionally, problems such as buffer overflows and XSS have been classified as input validation problems by many security professionals. However, input validation is not necessarily the only protection mechanism available for avoiding such problems, and in some cases it is not even sufficient. The CWE team has begun capturing these subtleties in chains within the Research Concepts view (CWE-1000), but more work is needed.",
  "Notes.4.Type": "Terminology",
  "Notes.4.Note": "\n\nThe \"input validation\" term is extremely common, but it is used in many different ways. In some cases its usage can obscure the real underlying weakness or otherwise hide chaining and composite relationships.\n\n\nSome people use \"input validation\" as a general term that covers many different neutralization techniques for ensuring that input is appropriate, such as filtering, i.e., attempting to remove dangerous inputs (related to CWE-790); encoding/escaping, i.e., attempting to ensure that the input is not misinterpreted when it is included in output to another component (related to CWE-116); or canonicalization, which often indirectly removes otherwise-dangerous inputs. Others use the term in a narrower context to simply mean \"checking if an input conforms to expectations without changing it.\" CWE uses this narrow interpretation.\n\n\nNote that \"input validation\" has very different meanings to different people, or within different classification schemes. Caution must be used when referencing this CWE entry or mapping to it. For example, some weaknesses might involve inadvertently giving control to an attacker over an input when they should not be able to provide an input at all, but sometimes this is referred to as input validation.\n\n\nFinally, it is important to emphasize that the distinctions between input validation and output escaping are often blurred. Developers must be careful to understand the difference, including how input validation is not always sufficient to prevent vulnerabilities, especially when less stringent data types must be supported, such as free-form text. Consider a SQL injection scenario in which a person's last name is inserted into a query. The name \"O'Reilly\" would likely pass the validation step since it is a common last name in the English language. However, this valid name cannot be directly inserted into the database because it contains the \"'\" apostrophe character, which would need to be escaped or otherwise transformed. In this case, removing the apostrophe might reduce the risk of SQL injection, but it would produce incorrect behavior because the wrong name would be recorded.\n",
  "ContentHistory.0.Type": "Submission",
  "ContentHistory.0.SubmissionName": "7 Pernicious Kingdoms",
  "ContentHistory.0.SubmissionDate": "2006-07-19",
  "ContentHistory.0.SubmissionVersion": "Draft 3",
  "ContentHistory.0.SubmissionReleaseDate": "2006-07-19",
  "ContentHistory.1.Type": "Modification",
  "ContentHistory.1.ModificationName": "Eric Dalci",
  "ContentHistory.1.ModificationOrganization": "Cigital",
  "ContentHistory.1.ModificationDate": "2008-07-01",
  "ContentHistory.1.ModificationComment": "updated Potential_Mitigations, Time_of_Introduction",
  "ContentHistory.2.Type": "Modification",
  "ContentHistory.2.ModificationOrganization": "Veracode",
  "ContentHistory.2.ModificationDate": "2008-08-15",
  "ContentHistory.2.ModificationComment": "Suggested OWASP Top Ten 2004 mapping",
  "ContentHistory.3.Type": "Modification",
  "ContentHistory.3.ModificationName": "CWE Content Team",
  "ContentHistory.3.ModificationOrganization": "MITRE",
  "ContentHistory.3.ModificationDate": "2008-09-08",
  "ContentHistory.3.ModificationComment": "updated Relationships, Other_Notes, Taxonomy_Mappings",
  "ContentHistory.4.Type": "Modification",
  "ContentHistory.4.ModificationName": "CWE Content Team",
  "ContentHistory.4.ModificationOrganization": "MITRE",
  "ContentHistory.4.ModificationDate": "2008-11-24",
  "ContentHistory.4.ModificationComment": "updated Relationships, Taxonomy_Mappings",
  "ContentHistory.5.Type": "Modification",
  "ContentHistory.5.ModificationName": "CWE Content Team",
  "ContentHistory.5.ModificationOrganization": "MITRE",
  "ContentHistory.5.ModificationDate": "2009-01-12",
  "ContentHistory.5.ModificationComment": "updated Applicable_Platforms, Common_Consequences, Demonstrative_Examples, Description, Likelihood_of_Exploit, Name, Observed_Examples, Other_Notes, Potential_Mitigations, References, Relationship_Notes, Relationships",
  "ContentHistory.6.Type": "Modification",
  "ContentHistory.6.ModificationName": "CWE Content Team",
  "ContentHistory.6.ModificationOrganization": "MITRE",
  "ContentHistory.6.ModificationDate": "2009-03-10",
  "ContentHistory.6.ModificationComment": "updated Description, Potential_Mitigations",
  "ContentHistory.7.Type": "Modification",
  "ContentHistory.7.ModificationName": "CWE Content Team",
  "ContentHistory.7.ModificationOrganization": "MITRE",
  "ContentHistory.7.ModificationDate": "2009-05-27",
  "ContentHistory.7.ModificationComment": "updated Related_Attack_Patterns",
  "ContentHistory.8.Type": "Modification",
  "ContentHistory.8.ModificationName": "CWE Content Team",
  "ContentHistory.8.ModificationOrganization": "MITRE",
  "ContentHistory.8.ModificationDate": "2009-07-27",
  "ContentHistory.8.ModificationComment": "updated Relationships",
  "ContentHistory.9.Type": "Modification",
  "ContentHistory.9.ModificationName": "CWE Content Team",
  "ContentHistory.9.ModificationOrganization": "MITRE",
  "ContentHistory.9.ModificationDate": "2009-10-29",
  "ContentHistory.9.ModificationComment": "updated Common_Consequences, Demonstrative_Examples, Maintenance_Notes, Modes_of_Introduction, Observed_Examples, Relationships, Research_Gaps, Terminology_Notes",
  "ContentHistory.10.Type": "Modification",
  "ContentHistory.10.ModificationName": "CWE Content Team",
  "ContentHistory.10.ModificationOrganization": "MITRE",
  "ContentHistory.10.ModificationDate": "2009-12-28",
  "ContentHistory.10.ModificationComment": "updated Applicable_Platforms, Demonstrative_Examples, Detection_Factors",
  "ContentHistory.11.Type": "Modification",
  "ContentHistory.11.ModificationName": "CWE Content Team",
  "ContentHistory.11.ModificationOrganization": "MITRE",
  "ContentHistory.11.ModificationDate": "2010-02-16",
  "ContentHistory.11.ModificationComment": "updated Detection_Factors, Potential_Mitigations, References, Taxonomy_Mappings",
  "ContentHistory.12.Type": "Modification",
  "ContentHistory.12.ModificationName": "CWE Content Team",
  "ContentHistory.12.ModificationOrganization": "MITRE",
  "ContentHistory.12.ModificationDate": "2010-04-05",
  "ContentHistory.12.ModificationComment": "updated Related_Attack_Patterns",
  "ContentHistory.13.Type": "Modification",
  "ContentHistory.13.ModificationName": "CWE Content Team",
  "ContentHistory.13.ModificationOrganization": "MITRE",
  "ContentHistory.13.ModificationDate": "2010-06-21",
  "ContentHistory.13.ModificationComment": "updated Potential_Mitigations, Research_Gaps, Terminology_Notes",
  "ContentHistory.14.Type": "Modification",
  "ContentHistory.14.ModificationName": "CWE Content Team",
  "ContentHistory.14.ModificationOrganization": "MITRE",
  "ContentHistory.14.ModificationDate": "2010-09-27",
  "ContentHistory.14.ModificationComment": "updated Potential_Mitigations, Relationships",
  "ContentHistory.15.Type": "Modification",
  "ContentHistory.15.ModificationName": "CWE Content Team",
  "ContentHistory.15.ModificationOrganization": "MITRE",
  "ContentHistory.15.ModificationDate": "2010-12-13",
  "ContentHistory.15.ModificationComment": "updated Demonstrative_Examples, Description",
  "ContentHistory.16.Type": "Modification",
  "ContentHistory.16.ModificationName": "CWE Content Team",
  "ContentHistory.16.ModificationOrganization": "MITRE",
  "ContentHistory.16.ModificationDate": "2011-03-29",
  "ContentHistory.16.ModificationComment": "updated Observed_Examples",
  "ContentHistory.17.Type": "Modification",
  "ContentHistory.17.ModificationName": "CWE Content Team",
  "ContentHistory.17.ModificationOrganization": "MITRE",
  "ContentHistory.17.ModificationDate": "2011-06-01",
  "ContentHistory.17.ModificationComment": "updated Applicable_Platforms, Common_Consequences, Relationship_Notes",
  "ContentHistory.18.Type": "Modification",
  "ContentHistory.18.ModificationName": "CWE Content Team",
  "ContentHistory.18.ModificationOrganization": "MITRE",
  "ContentHistory.18.ModificationDate": "2011-09-13",
  "ContentHistory.18.ModificationComment": "updated Relationships, Taxonomy_Mappings",
  "ContentHistory.19.Type": "Modification",
  "ContentHistory.19.ModificationName": "CWE Content Team",
  "ContentHistory.19.ModificationOrganization": "MITRE",
  "ContentHistory.19.ModificationDate": "2012-05-11",
  "ContentHistory.19.ModificationComment": "updated Demonstrative_Examples, References, Related_Attack_Patterns, Relationships",
  "ContentHistory.20.Type": "Modification",
  "ContentHistory.20.ModificationName": "CWE Content Team",
  "ContentHistory.20.ModificationOrganization": "MITRE",
  "ContentHistory.20.ModificationDate": "2012-10-30",
  "ContentHistory.20.ModificationComment": "updated Potential_Mitigations",
  "ContentHistory.21.Type": "Modification",
  "ContentHistory.21.ModificationName": "CWE Content Team",
  "ContentHistory.21.ModificationOrganization": "MITRE",
  "ContentHistory.21.ModificationDate": "2013-02-21",
  "ContentHistory.21.ModificationComment": "updated Relationships",
  "ContentHistory.22.Type": "Modification",
  "ContentHistory.22.ModificationName": "CWE Content Team",
  "ContentHistory.22.ModificationOrganization": "MITRE",
  "ContentHistory.22.ModificationDate": "2013-07-17",
  "ContentHistory.22.ModificationComment": "updated Relationships",
  "ContentHistory.23.Type": "Modification",
  "ContentHistory.23.ModificationName": "CWE Content Team",
  "ContentHistory.23.ModificationOrganization": "MITRE",
  "ContentHistory.23.ModificationDate": "2014-02-18",
  "ContentHistory.23.ModificationComment": "updated Demonstrative_Examples, Related_Attack_Patterns",
  "ContentHistory.24.Type": "Modification",
  "ContentHistory.24.ModificationName": "CWE Content Team",
  "ContentHistory.24.ModificationOrganization": "MITRE",
  "ContentHistory.24.ModificationDate": "2014-07-30",
  "ContentHistory.24.ModificationComment": "updated Detection_Factors, Relationships, Taxonomy_Mappings",
  "ContentHistory.25.Type": "Modification",
  "ContentHistory.25.ModificationName": "CWE Content Team",
  "ContentHistory.25.ModificationOrganization": "MITRE",
  "ContentHistory.25.ModificationDate": "2015-12-07",
  "ContentHistory.25.ModificationComment": "updated Relationships",
  "ContentHistory.26.Type": "Modification",
  "ContentHistory.26.ModificationName": "CWE Content Team",
  "ContentHistory.26.ModificationOrganization": "MITRE",
  "ContentHistory.26.ModificationDate": "2017-01-19",
  "ContentHistory.26.ModificationComment": "updated Related_Attack_Patterns, Relationships",
  "ContentHistory.27.Type": "Modification",
  "ContentHistory.27.ModificationName": "CWE Content Team",
  "ContentHistory.27.ModificationOrganization": "MITRE",
  "ContentHistory.27.ModificationDate": "2017-05-03",
  "ContentHistory.27.ModificationComment": "updated Related_Attack_Patterns, Relationships",
  "ContentHistory.28.Type": "Modification",
  "ContentHistory.28.ModificationName": "CWE Content Team",
  "ContentHistory.28.ModificationOrganization": "MITRE",
  "ContentHistory.28.ModificationDate": "2017-11-08",
  "ContentHistory.28.ModificationComment": "updated Modes_of_Introduction, References, Relationships, Taxonomy_Mappings",
  "ContentHistory.29.Type": "Modification",
  "ContentHistory.29.ModificationName": "CWE Content Team",
  "ContentHistory.29.ModificationOrganization": "MITRE",
  "ContentHistory.29.ModificationDate": "2018-03-27",
  "ContentHistory.29.ModificationComment": "updated References",
  "ContentHistory.30.Type": "Modification",
  "ContentHistory.30.ModificationName": "CWE Content Team",
  "ContentHistory.30.ModificationOrganization": "MITRE",
  "ContentHistory.30.ModificationDate": "2019-01-03",
  "ContentHistory.30.ModificationComment": "updated Related_Attack_Patterns, Relationships",
  "ContentHistory.31.Type": "Modification",
  "ContentHistory.31.ModificationName": "CWE Content Team",
  "ContentHistory.31.ModificationOrganization": "MITRE",
  "ContentHistory.31.ModificationDate": "2019-06-20",
  "ContentHistory.31.ModificationComment": "updated Related_Attack_Patterns, Relationships",
  "ContentHistory.32.Type": "Modification",
  "ContentHistory.32.ModificationName": "CWE Content Team",
  "ContentHistory.32.ModificationOrganization": "MITRE",
  "ContentHistory.32.ModificationDate": "2019-09-19",
  "ContentHistory.32.ModificationComment": "updated Relationships",
  "ContentHistory.33.Type": "Modification",
  "ContentHistory.33.ModificationName": "CWE Content Team",
  "ContentHistory.33.ModificationOrganization": "MITRE",
  "ContentHistory.33.ModificationDate": "2020-02-24",
  "ContentHistory.33.ModificationComment": "updated Potential_Mitigations, References, Related_Attack_Patterns, Relationships",
  "ContentHistory.34.Type": "Modification",
  "ContentHistory.34.ModificationName": "CWE Content Team",
  "ContentHistory.34.ModificationOrganization": "MITRE",
  "ContentHistory.34.ModificationDate": "2020-06-25",
  "ContentHistory.34.ModificationComment": "updated Applicable_Platforms, Demonstrative_Examples, Description, Maintenance_Notes, Observed_Examples, Potential_Mitigations, References, Relationship_Notes, Relationships, Research_Gaps, Terminology_Notes",
  "ContentHistory.35.Type": "Modification",
  "ContentHistory.35.ModificationName": "CWE Content Team",
  "ContentHistory.35.ModificationOrganization": "MITRE",
  "ContentHistory.35.ModificationDate": "2020-08-20",
  "ContentHistory.35.ModificationComment": "updated Potential_Mitigations, Related_Attack_Patterns, Relationships",
  "ContentHistory.36.Type": "Modification",
  "ContentHistory.36.ModificationName": "CWE Content Team",
  "ContentHistory.36.ModificationOrganization": "MITRE",
  "ContentHistory.36.ModificationDate": "2021-03-15",
  "ContentHistory.36.ModificationComment": "updated Description, Potential_Mitigations",
  "ContentHistory.37.Type": "Modification",
  "ContentHistory.37.ModificationName": "CWE Content Team",
  "ContentHistory.37.ModificationOrganization": "MITRE",
  "ContentHistory.37.ModificationDate": "2021-07-20",
  "ContentHistory.37.ModificationComment": "updated Related_Attack_Patterns, Relationships",
  "ContentHistory.38.Type": "Modification",
  "ContentHistory.38.ModificationName": "CWE Content Team",
  "ContentHistory.38.ModificationOrganization": "MITRE",
  "ContentHistory.38.ModificationDate": "2021-10-28",
  "ContentHistory.38.ModificationComment": "updated Relationships",
  "ContentHistory.39.Type": "Modification",
  "ContentHistory.39.ModificationName": "CWE Content Team",
  "ContentHistory.39.ModificationOrganization": "MITRE",
  "ContentHistory.39.ModificationDate": "2022-04-28",
  "ContentHistory.39.ModificationComment": "updated Relationships",
  "ContentHistory.40.Type": "Modification",
  "ContentHistory.40.ModificationName": "CWE Content Team",
  "ContentHistory.40.ModificationOrganization": "MITRE",
  "ContentHistory.40.ModificationDate": "2022-06-28",
  "ContentHistory.40.ModificationComment": "updated Observed_Examples, Relationships",
  "ContentHistory.41.Type": "Modification",
  "ContentHistory.41.ModificationName": "CWE Content Team",
  "ContentHistory.41.ModificationOrganization": "MITRE",
  "ContentHistory.41.ModificationDate": "2022-10-13",
  "ContentHistory.41.ModificationComment": "updated References, Relationships",
  "ContentHistory.42.Type": "Modification",
  "ContentHistory.42.ModificationName": "CWE Content Team",
  "ContentHistory.42.ModificationOrganization": "MITRE",
  "ContentHistory.42.ModificationDate": "2023-04-27",
  "ContentHistory.42.ModificationComment": "updated References, Relationships",
  "ContentHistory.43.Type": "Modification",
  "ContentHistory.43.ModificationName": "CWE Content Team",
  "ContentHistory.43.ModificationOrganization": "MITRE",
  "ContentHistory.43.ModificationDate": "2023-06-29",
  "ContentHistory.43.ModificationComment": "updated Mapping_Notes, Relationships",
  "ContentHistory.44.Type": "Modification",
  "ContentHistory.44.ModificationName": "CWE Content Team",
  "ContentHistory.44.ModificationOrganization": "MITRE",
  "ContentHistory.44.ModificationDate": "2023-10-26",
  "ContentHistory.44.ModificationComment": "updated Observed_Examples",
  "ContentHistory.45.Type": "Modification",
  "ContentHistory.45.ModificationName": "CWE Content Team",
  "ContentHistory.45.ModificationOrganization": "MITRE",
  "ContentHistory.45.ModificationDate": "2024-07-16",
  "ContentHistory.45.ModificationComment": "updated Observed_Examples",
  "ContentHistory.45.ModificationVersion": "4.15",
  "ContentHistory.45.ModificationReleaseDate": "2024-07-16",
  "ContentHistory.46.Type": "Modification",
  "ContentHistory.46.ModificationName": "CWE Content Team",
  "ContentHistory.46.ModificationOrganization": "MITRE",
  "ContentHistory.46.ModificationDate": "2024-11-19",
  "ContentHistory.46.ModificationComment": "updated Relationships",
  "ContentHistory.46.ModificationVersion": "4.16",
  "ContentHistory.46.ModificationReleaseDate": "2024-11-19",
  "ContentHistory.47.Type": "Modification",
  "ContentHistory.47.ModificationName": "CWE Content Team",
  "ContentHistory.47.ModificationOrganization": "MITRE",
  "ContentHistory.47.ModificationDate": "2025-04-03",
  "ContentHistory.47.ModificationComment": "updated Common_Consequences, Description, Diagram, Mapping_Notes, Potential_Mitigations, Relationship_Notes, Terminology_Notes",
  "ContentHistory.47.ModificationVersion": "4.17",
  "ContentHistory.47.ModificationReleaseDate": "2025-04-03",
  "ContentHistory.48.Type": "Contribution",
  "ContentHistory.48.ContributionName": "Abhi Balakrishnan",
  "ContentHistory.48.ContributionDate": "2024-02-29",
  "ContentHistory.48.ContributionComment": "Contributed usability diagram concepts used by the CWE team.",
  "ContentHistory.48.ContributionType": "Content",
  "ContentHistory.48.ContributionVersion": "4.17",
  "ContentHistory.48.ContributionReleaseDate": "2025-04-03",
  "ContentHistory.49.Type": "Rename",
  "ContentHistory.49.PreviousEntryName": "Insufficient Input Validation",
  "ContentHistory.49.Date": "2009-01-12"
}