{
  "ID": "190",
  "Name": "Integer Overflow or Wraparound",
  "Abstraction": "Base",
  "Structure": "Simple",
  "Status": "Stable",
  "Diagram": "/data/images/CWE-190-Diagram.png",
  "Description": "The product performs a calculation that can\n         produce an integer overflow or wraparound when the logic\n         assumes that the resulting value will always be larger than\n         the original value. This occurs when an integer value is\n         incremented to a value that is too large to store in the\n         associated representation. When this occurs, the value may\n         become a very small or negative number.",
  "LikelihoodOfExploit": "Medium",
  "RelatedWeaknesses.0.Nature": "ChildOf",
  "RelatedWeaknesses.0.CweID": "682",
  "RelatedWeaknesses.0.ViewID": "1000",
  "RelatedWeaknesses.0.Ordinal": "Primary",
  "RelatedWeaknesses.1.Nature": "ChildOf",
  "RelatedWeaknesses.1.CweID": "682",
  "RelatedWeaknesses.1.ViewID": "1003",
  "RelatedWeaknesses.1.Ordinal": "Primary",
  "RelatedWeaknesses.2.Nature": "ChildOf",
  "RelatedWeaknesses.2.CweID": "20",
  "RelatedWeaknesses.2.ViewID": "700",
  "RelatedWeaknesses.2.Ordinal": "Primary",
  "RelatedWeaknesses.3.Nature": "CanPrecede",
  "RelatedWeaknesses.3.CweID": "119",
  "RelatedWeaknesses.3.ViewID": "1000",
  "ApplicablePlatforms.0.Type": "Language",
  "ApplicablePlatforms.0.Name": "C",
  "ApplicablePlatforms.0.Prevalence": "Often",
  "ApplicablePlatforms.1.Type": "Language",
  "ApplicablePlatforms.1.Class": "Not Language-Specific",
  "ApplicablePlatforms.1.Prevalence": "Undetermined",
  "AlternateTerms.0.Term": "Overflow",
  "AlternateTerms.0.Description": "The terms \"overflow\" and \"wraparound\" are used interchangeably by some people, but they can have more precise distinctions by others. See Terminology Notes.",
  "AlternateTerms.1.Term": "Wraparound",
  "AlternateTerms.1.Description": "The terms \"overflow\" and \"wraparound\" are used interchangeably by some people, but they can have more precise distinctions by others. See Terminology Notes.",
  "AlternateTerms.2.Term": "wrap, wrap-around, wrap around",
  "AlternateTerms.2.Description": "Alternate spellings of \"wraparound\"",
  "ModesOfIntroduction.0.Phase": "Implementation",
  "ModesOfIntroduction.0.Note": "This weakness may become security critical when determining the offset or size in behaviors such as memory allocation, copying, and concatenation.",
  "CommonConsequences.0.Scope.0": "Availability",
  "CommonConsequences.0.Impact.0": "DoS: Crash, Exit, or Restart",
  "CommonConsequences.0.Impact.1": "DoS: Resource Consumption (Memory)",
  "CommonConsequences.0.Impact.2": "DoS: Instability",
  "CommonConsequences.0.Note": "This weakness can generally lead to undefined behavior and therefore crashes. When the calculated result is used for resource allocation, this weakness can cause too many (or too few) resources to be allocated, possibly enabling crashes if the product requests more resources than can be provided.",
  "CommonConsequences.1.Scope.0": "Integrity",
  "CommonConsequences.1.Impact.0": "Modify Memory",
  "CommonConsequences.1.Note": "If the value in question is important to data (as opposed to flow), simple data corruption has occurred. Also, if the overflow/wraparound results in other conditions such as buffer overflows, further memory corruption may occur.",
  "CommonConsequences.2.Scope.0": "Confidentiality",
  "CommonConsequences.2.Scope.1": "Availability",
  "CommonConsequences.2.Scope.2": "Access Control",
  "CommonConsequences.2.Impact.0": "Execute Unauthorized Code or Commands",
  "CommonConsequences.2.Impact.1": "Bypass Protection Mechanism",
  "CommonConsequences.2.Note": "This weakness can sometimes trigger buffer overflows, which can be used to execute arbitrary code. This is usually outside the scope of the product's implicit security policy.",
  "CommonConsequences.3.Scope.0": "Availability",
  "CommonConsequences.3.Scope.1": "Other",
  "CommonConsequences.3.Impact.0": "Alter Execution Logic",
  "CommonConsequences.3.Impact.1": "DoS: Crash, Exit, or Restart",
  "CommonConsequences.3.Impact.2": "DoS: Resource Consumption (CPU)",
  "CommonConsequences.3.Note": "If the overflow/wraparound occurs in a loop index variable, this could cause the loop to terminate at the wrong time - too early, too late, or not at all (i.e., infinite loops). With too many iterations, some loops could consume too many resources such as memory, file handles, etc., possibly leading to a crash or other DoS.",
  "CommonConsequences.4.Scope.0": "Access Control",
  "CommonConsequences.4.Impact.0": "Bypass Protection Mechanism",
  "CommonConsequences.4.Note": "If integer values are used in security-critical decisions, such as calculating quotas or allocation limits, integer overflows can be used to cause an incorrect security decision.",
  "DetectionMethods.0.DetectionMethodID": "DM-1",
  "DetectionMethods.0.Method": "Automated Static Analysis",
  "DetectionMethods.0.Description": "This weakness can often be detected using automated static analysis tools. Many modern tools use data flow analysis or constraint-based techniques to minimize the number of false positives.",
  "DetectionMethods.0.Effectiveness": "High",
  "DetectionMethods.1.DetectionMethodID": "DM-2",
  "DetectionMethods.1.Method": "Black Box",
  "DetectionMethods.1.Description": "Sometimes, evidence of this weakness can be detected using dynamic tools and techniques that interact with the product using large test suites with many diverse inputs, such as fuzz testing (fuzzing), robustness testing, and fault injection. The product's operation may slow down, but it should not become unstable, crash, or generate incorrect results.",
  "DetectionMethods.1.Effectiveness": "Moderate",
  "DetectionMethods.1.EffectivenessNotes": "Without visibility into the code, black box methods may not be able to sufficiently distinguish this weakness from others, requiring follow-up manual methods to diagnose the underlying problem.",
  "DetectionMethods.2.DetectionMethodID": "DM-7",
  "DetectionMethods.2.Method": "Manual Analysis",
  "DetectionMethods.2.Description": "\n\nThis weakness can be detected using tools and techniques that require manual (human) analysis, such as penetration testing, threat modeling, and interactive tools that allow the tester to record and modify an active session.\n\n\nSpecifically, manual static analysis is useful for evaluating the correctness of allocation calculations. This can be useful for detecting overflow conditions (CWE-190) or similar weaknesses that might have serious security impacts on the program.\n",
  "DetectionMethods.2.Effectiveness": "High",
  "DetectionMethods.2.EffectivenessNotes": "These may be more effective than strictly automated techniques. This is especially the case with weaknesses that are related to design and business rules.",
  "DetectionMethods.3.Method": "Automated Static Analysis - Binary or Bytecode",
  "DetectionMethods.3.Description": "\n\nAccording to SOAR, the following detection techniques may be useful:\n\n```\n\t\tHighly cost effective:\n```\n\n\t\tBytecode Weakness Analysis - including disassembler + source code weakness analysis\n\t\tBinary Weakness Analysis - including disassembler + source code weakness analysis",
  "DetectionMethods.3.Effectiveness": "High",
  "DetectionMethods.4.Method": "Dynamic Analysis with Manual Results Interpretation",
  "DetectionMethods.4.Description": "\n\nAccording to SOAR, the following detection techniques may be useful:\n\n```\n\t\tCost effective for partial coverage:\n```\n\n\t\tFuzz Tester\n\t\tFramework-based Fuzzer",
  "DetectionMethods.4.Effectiveness": "SOAR Partial",
  "DetectionMethods.5.Method": "Manual Static Analysis - Source Code",
  "DetectionMethods.5.Description": "\n\nAccording to SOAR, the following detection techniques may be useful:\n\n```\n\t\tCost effective for partial coverage:\n```\n\n\t\tManual Source Code Review (not inspections)",
  "DetectionMethods.5.Effectiveness": "SOAR Partial",
  "DetectionMethods.6.Method": "Automated Static Analysis - Source Code",
  "DetectionMethods.6.Description": "\n\nAccording to SOAR, the following detection techniques may be useful:\n\n```\n\t\tHighly cost effective:\n```\n\n\t\tSource code Weakness Analyzer\n\t\tContext-configured Source Code Weakness Analyzer",
  "DetectionMethods.6.Effectiveness": "High",
  "DetectionMethods.7.Method": "Architecture or Design Review",
  "DetectionMethods.7.Description": "\n\nAccording to SOAR, the following detection techniques may be useful:\n\n```\n\t\tHighly cost effective:\n```\n\n\t\tFormal Methods / Correct-By-Construction\n\t```\n\t\tCost effective for partial coverage:\n```\n\n\t\tInspection (IEEE 1028 standard) (can apply to requirements, design, source code, etc.)",
  "DetectionMethods.7.Effectiveness": "High",
  "PotentialMitigations.0.Phase.0": "Requirements",
  "PotentialMitigations.0.Description": "Ensure that all protocols are strictly defined, such that all out-of-bounds behavior can be identified simply, and require strict conformance to the protocol.",
  "PotentialMitigations.1.MitigationID": "MIT-3",
  "PotentialMitigations.1.Phase.0": "Requirements",
  "PotentialMitigations.1.Strategy": "Language Selection",
  "PotentialMitigations.1.Description": "\n\nUse a language that does not allow this weakness to occur or provides constructs that make this weakness easier to avoid.\n\n\nIf possible, choose a language or compiler that performs automatic bounds checking.\n",
  "PotentialMitigations.2.MitigationID": "MIT-4",
  "PotentialMitigations.2.Phase.0": "Architecture and Design",
  "PotentialMitigations.2.Strategy": "Libraries or Frameworks",
  "PotentialMitigations.2.Description": "\n\nUse a vetted library or framework that does not allow this weakness to occur or provides constructs that make this weakness easier to avoid.\n\n\nUse libraries or frameworks that make it easier to handle numbers without unexpected consequences.\n\n\nExamples include safe integer handling packages such as SafeInt (C++) or IntegerLib (C or C++). [REF-106]\n",
  "PotentialMitigations.3.MitigationID": "MIT-8",
  "PotentialMitigations.3.Phase.0": "Implementation",
  "PotentialMitigations.3.Strategy": "Input Validation",
  "PotentialMitigations.3.Description": "\n\nPerform input validation on any numeric input by ensuring that it is within the expected range. Enforce that the input meets both the minimum and maximum requirements for the expected range.\n\n\nUse unsigned integers where possible. This makes it easier to perform validation for integer overflows. When signed integers are required, ensure that the range check includes minimum values as well as maximum values.\n",
  "PotentialMitigations.4.MitigationID": "MIT-36",
  "PotentialMitigations.4.Phase.0": "Implementation",
  "PotentialMitigations.4.Description": "\n\nUnderstand the programming language's underlying representation and how it interacts with numeric calculation (CWE-681). Pay close attention to byte size discrepancies, precision, signed/unsigned distinctions, truncation, conversion and casting between types, \"not-a-number\" calculations, and how the language handles numbers that are too large or too small for its underlying representation. [REF-7]\n\n\nAlso be careful to account for 32-bit, 64-bit, and other potential differences that may affect the numeric representation.\n",
  "PotentialMitigations.5.MitigationID": "MIT-15",
  "PotentialMitigations.5.Phase.0": "Architecture and Design",
  "PotentialMitigations.5.Description": "For any security checks that are performed on the client side, ensure that these checks are duplicated on the server side, in order to avoid CWE-602. Attackers can bypass the client-side checks by modifying values after the checks have been performed, or by changing the client to remove the client-side checks entirely. Then, these modified values would be submitted to the server.",
  "PotentialMitigations.6.MitigationID": "MIT-26",
  "PotentialMitigations.6.Phase.0": "Implementation",
  "PotentialMitigations.6.Strategy": "Compilation or Build Hardening",
  "PotentialMitigations.6.Description": "Examine compiler warnings closely and eliminate problems with potential security implications, such as signed / unsigned mismatch in memory operations, or use of uninitialized variables. Even if the weakness is rarely exploitable, a single failure may lead to the compromise of the entire system.",
  "DemonstrativeExamples.0.ID": "DX-33",
  "DemonstrativeExamples.0.Entries.0.IntroText": "The following image processing code allocates a table for images.",
  "DemonstrativeExamples.0.Entries.1.Nature": "Bad",
  "DemonstrativeExamples.0.Entries.1.Language": "C",
  "DemonstrativeExamples.0.Entries.1.ExampleCode": "```\n\timg_t table_ptr; /*struct containing img data, 10kB each*/\n\tint num_imgs;\n\t...\n\tnum_imgs = get_num_imgs();\n\ttable_ptr = (img_t*)malloc(sizeof(img_t)*num_imgs);\n\t...\n```",
  "DemonstrativeExamples.0.Entries.2.BodyText": "This code intends to allocate a table of size num_imgs, however as num_imgs grows large, the calculation determining the size of the list will eventually overflow (CWE-190). This will result in a very small list to be allocated instead. If the subsequent code operates on the list as if it were num_imgs long, it may result in many types of out-of-bounds problems (CWE-119).",
  "DemonstrativeExamples.1.Entries.0.IntroText": "The following code excerpt from OpenSSH 3.3 demonstrates a classic case of integer overflow:",
  "DemonstrativeExamples.1.Entries.1.Nature": "Bad",
  "DemonstrativeExamples.1.Entries.1.Language": "C",
  "DemonstrativeExamples.1.Entries.1.ExampleCode": "```\n\tnresp = packet_get_int();\n\tif (nresp > 0) {\n\t\tresponse = xmalloc(nresp*sizeof(char*));\n\t\tfor (i = 0; i < nresp; i++) response[i] = packet_get_string(NULL);\n\t}\n```",
  "DemonstrativeExamples.1.Entries.2.BodyText": "If nresp has the value 1073741824 and sizeof(char*) has its typical value of 4, then the result of the operation nresp*sizeof(char*) overflows, and the argument to xmalloc() will be 0. Most malloc() implementations will happily allocate a 0-byte buffer, causing the subsequent loop iterations to overflow the heap buffer response.",
  "DemonstrativeExamples.2.Entries.0.IntroText": "Integer overflows can be complicated and difficult to detect. The following example is an attempt to show how an integer overflow may lead to undefined looping behavior:",
  "DemonstrativeExamples.2.Entries.1.Nature": "Bad",
  "DemonstrativeExamples.2.Entries.1.Language": "C",
  "DemonstrativeExamples.2.Entries.1.ExampleCode": "```\n\tshort int bytesRec = 0;\n\tchar buf[SOMEBIGNUM];\n\twhile(bytesRec < MAXGET) {\n\t\tbytesRec += getFromInput(buf+bytesRec);\n\t}\n```",
  "DemonstrativeExamples.2.Entries.2.BodyText": "In the above case, it is entirely possible that bytesRec may overflow, continuously creating a lower number than MAXGET and also overwriting the first MAXGET-1 bytes of buf.",
  "DemonstrativeExamples.3.Entries.0.IntroText": "In this example the method determineFirstQuarterRevenue is used to determine the first quarter revenue for an accounting/business application. The method retrieves the monthly sales totals for the first three months of the year, calculates the first quarter sales totals from the monthly sales totals, calculates the first quarter revenue based on the first quarter sales, and finally saves the first quarter revenue results to the database.",
  "DemonstrativeExamples.3.Entries.1.Nature": "Bad",
  "DemonstrativeExamples.3.Entries.1.Language": "C",
  "DemonstrativeExamples.3.Entries.1.ExampleCode": "```\n\t#define JAN 1\n\t#define FEB 2\n\t#define MAR 3\n\tshort getMonthlySales(int month) {...}\n\tfloat calculateRevenueForQuarter(short quarterSold) {...}\n\tint determineFirstQuarterRevenue() {\n```\n// Variable for sales revenue for the quarter* \n\t\t\tfloat quarterRevenue = 0.0f;\n\t\t\t\n\t\t\tshort JanSold = getMonthlySales(JAN); /* Get sales in January */\n\t\t\tshort FebSold = getMonthlySales(FEB); /* Get sales in February */\n\t\t\tshort MarSold = getMonthlySales(MAR); /* Get sales in March */\n\t\t\t\n\t\t\t\n\t\t\t *// Calculate quarterly total* \n\t\t\tshort quarterSold = JanSold + FebSold + MarSold;\n\t\t\t\n\t\t\t\n\t\t\t *// Calculate the total revenue for the quarter* \n\t\t\tquarterRevenue = calculateRevenueForQuarter(quarterSold);\n\t\t\t\n\t\t\tsaveFirstQuarterRevenue(quarterRevenue);\n\t\t\t\n\t\t\treturn 0;}",
  "DemonstrativeExamples.3.Entries.2.BodyText": "However, in this example the primitive type short int is used for both the monthly and the quarterly sales variables. In C the short int primitive type has a maximum value of 32768. This creates a potential integer overflow if the value for the three monthly sales adds up to more than the maximum value for the short int primitive type. An integer overflow can lead to data corruption, unexpected behavior, infinite loops and system crashes. To correct the situation the appropriate primitive type should be used, as in the example below, and/or provide some validation mechanism to ensure that the maximum value for the primitive type is not exceeded.",
  "DemonstrativeExamples.3.Entries.3.Nature": "Good",
  "DemonstrativeExamples.3.Entries.3.Language": "C",
  "DemonstrativeExamples.3.Entries.3.ExampleCode": "```\n\t...\n\tfloat calculateRevenueForQuarter(long quarterSold) {...}\n\tint determineFirstQuarterRevenue() {\n\t\t\t...\n```\n// Calculate quarterly total* \n\t\t\tlong quarterSold = JanSold + FebSold + MarSold;\n\t\t\t\n\t\t\t\n\t\t\t *// Calculate the total revenue for the quarter* \n\t\t\tquarterRevenue = calculateRevenueForQuarter(quarterSold);\n\t\t\t\n\t\t\t...}",
  "DemonstrativeExamples.3.Entries.4.BodyText": "Note that an integer overflow could also occur if the quarterSold variable has a primitive type long but the method calculateRevenueForQuarter has a parameter of type short.",
  "ObservedExamples.0.Reference": "CVE-2025-27363",
  "ObservedExamples.0.Description": "Font rendering library does not properly handle assigning a signed short value to an unsigned long (CWE-195), leading to an integer wraparound (CWE-190), causing too small of a buffer (CWE-131), leading to an out-of-bounds write (CWE-787).",
  "ObservedExamples.0.Link": "https://www.cve.org/CVERecord?id=CVE-2025-27363",
  "ObservedExamples.1.Reference": "CVE-2021-43537",
  "ObservedExamples.1.Description": "Chain: in a web browser, an unsigned 64-bit integer is forcibly cast to a 32-bit integer (CWE-681) and potentially leading to an integer overflow (CWE-190). If an integer overflow occurs, this can cause heap memory corruption (CWE-122)",
  "ObservedExamples.1.Link": "https://www.cve.org/CVERecord?id=CVE-2021-43537",
  "ObservedExamples.2.Reference": "CVE-2022-21668",
  "ObservedExamples.2.Description": "Chain: Python library does not limit the resources used to process images that specify a very large number of bands (CWE-1284), leading to excessive memory consumption (CWE-789) or an integer overflow (CWE-190).",
  "ObservedExamples.2.Link": "https://www.cve.org/CVERecord?id=CVE-2022-21668",
  "ObservedExamples.3.Reference": "CVE-2022-0545",
  "ObservedExamples.3.Description": "Chain: 3D renderer has an integer overflow (CWE-190) leading to write-what-where condition (CWE-123) using a crafted image.",
  "ObservedExamples.3.Link": "https://www.cve.org/CVERecord?id=CVE-2022-0545",
  "ObservedExamples.4.Reference": "CVE-2021-30860",
  "ObservedExamples.4.Description": "Chain: improper input validation (CWE-20) leads to integer overflow (CWE-190) in mobile OS, as exploited in the wild per CISA KEV.",
  "ObservedExamples.4.Link": "https://www.cve.org/CVERecord?id=CVE-2021-30860",
  "ObservedExamples.5.Reference": "CVE-2021-30663",
  "ObservedExamples.5.Description": "Chain: improper input validation (CWE-20) leads to integer overflow (CWE-190) in mobile OS, as exploited in the wild per CISA KEV.",
  "ObservedExamples.5.Link": "https://www.cve.org/CVERecord?id=CVE-2021-30663",
  "ObservedExamples.6.Reference": "CVE-2018-10887",
  "ObservedExamples.6.Description": "Chain: unexpected sign extension (CWE-194) leads to integer overflow (CWE-190), causing an out-of-bounds read (CWE-125)",
  "ObservedExamples.6.Link": "https://www.cve.org/CVERecord?id=CVE-2018-10887",
  "ObservedExamples.7.Reference": "CVE-2019-1010006",
  "ObservedExamples.7.Description": "Chain: compiler optimization (CWE-733) removes or modifies code used to detect integer overflow (CWE-190), allowing out-of-bounds write (CWE-787).",
  "ObservedExamples.7.Link": "https://www.cve.org/CVERecord?id=CVE-2019-1010006",
  "ObservedExamples.8.Reference": "CVE-2010-1866",
  "ObservedExamples.8.Description": "Chain: integer overflow (CWE-190) causes a negative signed value, which later bypasses a maximum-only check (CWE-839), leading to heap-based buffer overflow (CWE-122).",
  "ObservedExamples.8.Link": "https://www.cve.org/CVERecord?id=CVE-2010-1866",
  "ObservedExamples.9.Reference": "CVE-2010-2753",
  "ObservedExamples.9.Description": "Chain: integer overflow leads to use-after-free",
  "ObservedExamples.9.Link": "https://www.cve.org/CVERecord?id=CVE-2010-2753",
  "ObservedExamples.10.Reference": "CVE-2005-1513",
  "ObservedExamples.10.Description": "Chain: integer overflow in securely-coded mail program leads to buffer overflow. In 2005, this was regarded as unrealistic to exploit, but in 2020, it was rediscovered to be easier to exploit due to evolutions of the technology.",
  "ObservedExamples.10.Link": "https://www.cve.org/CVERecord?id=CVE-2005-1513",
  "ObservedExamples.11.Reference": "CVE-2002-0391",
  "ObservedExamples.11.Description": "Integer overflow via a large number of arguments.",
  "ObservedExamples.11.Link": "https://www.cve.org/CVERecord?id=CVE-2002-0391",
  "ObservedExamples.12.Reference": "CVE-2002-0639",
  "ObservedExamples.12.Description": "Integer overflow in OpenSSH as listed in the demonstrative examples.",
  "ObservedExamples.12.Link": "https://www.cve.org/CVERecord?id=CVE-2002-0639",
  "ObservedExamples.13.Reference": "CVE-2005-1141",
  "ObservedExamples.13.Description": "Image with large width and height leads to integer overflow.",
  "ObservedExamples.13.Link": "https://www.cve.org/CVERecord?id=CVE-2005-1141",
  "ObservedExamples.14.Reference": "CVE-2005-0102",
  "ObservedExamples.14.Description": "Length value of -1 leads to allocation of 0 bytes and resultant heap overflow.",
  "ObservedExamples.14.Link": "https://www.cve.org/CVERecord?id=CVE-2005-0102",
  "ObservedExamples.15.Reference": "CVE-2004-2013",
  "ObservedExamples.15.Description": "Length value of -1 leads to allocation of 0 bytes and resultant heap overflow.",
  "ObservedExamples.15.Link": "https://www.cve.org/CVERecord?id=CVE-2004-2013",
  "ObservedExamples.16.Reference": "CVE-2017-1000121",
  "ObservedExamples.16.Description": "chain: unchecked message size metadata allows integer overflow (CWE-190) leading to buffer overflow (CWE-119).",
  "ObservedExamples.16.Link": "https://www.cve.org/CVERecord?id=CVE-2017-1000121",
  "ObservedExamples.17.Reference": "CVE-2013-1591",
  "ObservedExamples.17.Description": "Chain: an integer overflow (CWE-190) in the image size calculation causes an infinite loop (CWE-835) which sequentially allocates buffers without limits (CWE-1325) until the stack is full.",
  "ObservedExamples.17.Link": "https://www.cve.org/CVERecord?id=CVE-2013-1591",
  "FunctionalAreas.0": "Number Processing",
  "FunctionalAreas.1": "Memory Management",
  "FunctionalAreas.2": "Counters",
  "TaxonomyMappings.0.TaxonomyName": "PLOVER",
  "TaxonomyMappings.0.EntryName": "Integer overflow (wrap or wraparound)",
  "TaxonomyMappings.1.TaxonomyName": "7 Pernicious Kingdoms",
  "TaxonomyMappings.1.EntryName": "Integer Overflow",
  "TaxonomyMappings.2.TaxonomyName": "CLASP",
  "TaxonomyMappings.2.EntryName": "Integer overflow",
  "TaxonomyMappings.3.TaxonomyName": "CERT C Secure Coding",
  "TaxonomyMappings.3.EntryID": "INT18-C",
  "TaxonomyMappings.3.EntryName": "Evaluate integer expressions in a larger size before comparing or assigning to that size",
  "TaxonomyMappings.3.MappingFit": "CWE More Abstract",
  "TaxonomyMappings.4.TaxonomyName": "CERT C Secure Coding",
  "TaxonomyMappings.4.EntryID": "INT30-C",
  "TaxonomyMappings.4.EntryName": "Ensure that unsigned integer operations do not wrap",
  "TaxonomyMappings.4.MappingFit": "CWE More Abstract",
  "TaxonomyMappings.5.TaxonomyName": "CERT C Secure Coding",
  "TaxonomyMappings.5.EntryID": "INT32-C",
  "TaxonomyMappings.5.EntryName": "Ensure that operations on signed integers do not result in overflow",
  "TaxonomyMappings.5.MappingFit": "Imprecise",
  "TaxonomyMappings.6.TaxonomyName": "CERT C Secure Coding",
  "TaxonomyMappings.6.EntryID": "INT35-C",
  "TaxonomyMappings.6.EntryName": "Evaluate integer expressions in a larger size before comparing or assigning to that size",
  "TaxonomyMappings.7.TaxonomyName": "CERT C Secure Coding",
  "TaxonomyMappings.7.EntryID": "MEM07-C",
  "TaxonomyMappings.7.EntryName": "Ensure that the arguments to calloc(), when multiplied, do not wrap",
  "TaxonomyMappings.7.MappingFit": "CWE More Abstract",
  "TaxonomyMappings.8.TaxonomyName": "CERT C Secure Coding",
  "TaxonomyMappings.8.EntryID": "MEM35-C",
  "TaxonomyMappings.8.EntryName": "Allocate sufficient memory for an object",
  "TaxonomyMappings.9.TaxonomyName": "WASC",
  "TaxonomyMappings.9.EntryID": "3",
  "TaxonomyMappings.9.EntryName": "Integer Overflows",
  "TaxonomyMappings.10.TaxonomyName": "Software Fault Patterns",
  "TaxonomyMappings.10.EntryID": "SFP1",
  "TaxonomyMappings.10.EntryName": "Glitch in computation",
  "TaxonomyMappings.11.TaxonomyName": "ISA/IEC 62443",
  "TaxonomyMappings.11.EntryID": "Part 3-3",
  "TaxonomyMappings.11.EntryName": "Req SR 3.5",
  "TaxonomyMappings.12.TaxonomyName": "ISA/IEC 62443",
  "TaxonomyMappings.12.EntryID": "Part 3-3",
  "TaxonomyMappings.12.EntryName": "Req SR 7.2",
  "TaxonomyMappings.13.TaxonomyName": "ISA/IEC 62443",
  "TaxonomyMappings.13.EntryID": "Part 4-1",
  "TaxonomyMappings.13.EntryName": "Req SR-2",
  "TaxonomyMappings.14.TaxonomyName": "ISA/IEC 62443",
  "TaxonomyMappings.14.EntryID": "Part 4-1",
  "TaxonomyMappings.14.EntryName": "Req SI-2",
  "TaxonomyMappings.15.TaxonomyName": "ISA/IEC 62443",
  "TaxonomyMappings.15.EntryID": "Part 4-1",
  "TaxonomyMappings.15.EntryName": "Req SVV-1",
  "TaxonomyMappings.16.TaxonomyName": "ISA/IEC 62443",
  "TaxonomyMappings.16.EntryID": "Part 4-1",
  "TaxonomyMappings.16.EntryName": "Req SVV-3",
  "TaxonomyMappings.17.TaxonomyName": "ISA/IEC 62443",
  "TaxonomyMappings.17.EntryID": "Part 4-2",
  "TaxonomyMappings.17.EntryName": "Req CR 3.5",
  "TaxonomyMappings.18.TaxonomyName": "ISA/IEC 62443",
  "TaxonomyMappings.18.EntryID": "Part 4-2",
  "TaxonomyMappings.18.EntryName": "Req CR 7.2",
  "RelatedAttackPatterns.0": "92",
  "References.0.ExternalReferenceID": "REF-145",
  "References.0.Authors.0": "Yves Younan",
  "References.0.Title": "An overview of common programming security vulnerabilities and possible solutions",
  "References.0.Publication": "Student thesis section 5.4.3",
  "References.0.PublicationYear": "2003",
  "References.0.PublicationMonth": "08",
  "References.0.URL": "http://fort-knox.org/thesis.pdf",
  "References.1.ExternalReferenceID": "REF-146",
  "References.1.Authors.0": "blexim",
  "References.1.Title": "Basic Integer Overflows",
  "References.1.Publication": "Phrack - Issue 60, Chapter 10",
  "References.1.URL": "http://www.phrack.org/issues.html?issue=60&id=10#article",
  "References.2.ExternalReferenceID": "REF-7",
  "References.2.Section": "Chapter 20, \"Integer Overflows\" Page 620",
  "References.2.Authors.0": "Michael Howard",
  "References.2.Authors.1": "David LeBlanc",
  "References.2.Title": "Writing Secure Code",
  "References.2.Edition": "2nd Edition",
  "References.2.PublicationYear": "2002",
  "References.2.PublicationMonth": "12",
  "References.2.PublicationDay": "04",
  "References.2.Publisher": "Microsoft Press",
  "References.2.URL": "https://www.microsoftpressstore.com/store/writing-secure-code-9780735617223",
  "References.3.ExternalReferenceID": "REF-44",
  "References.3.Section": "\"Sin 7: Integer Overflows.\" Page 119",
  "References.3.Authors.0": "Michael Howard",
  "References.3.Authors.1": "David LeBlanc",
  "References.3.Authors.2": "John Viega",
  "References.3.Title": "24 Deadly Sins of Software Security",
  "References.3.Publication": "McGraw-Hill",
  "References.3.PublicationYear": "2010",
  "References.4.ExternalReferenceID": "REF-106",
  "References.4.Authors.0": "David LeBlanc",
  "References.4.Authors.1": "Niels Dekker",
  "References.4.Title": "SafeInt",
  "References.4.URL": "http://safeint.codeplex.com/",
  "References.5.ExternalReferenceID": "REF-150",
  "References.5.Authors.0": "Johannes Ullrich",
  "References.5.Title": "Top 25 Series - Rank 17 - Integer Overflow Or Wraparound",
  "References.5.PublicationYear": "2010",
  "References.5.PublicationMonth": "03",
  "References.5.PublicationDay": "18",
  "References.5.Publisher": "SANS Software Security Institute",
  "References.5.URL": "http://software-security.sans.org/blog/2010/03/18/top-25-series-rank-17-integer-overflow-or-wraparound",
  "References.6.ExternalReferenceID": "REF-62",
  "References.6.Section": "Chapter 6, \"Signed Integer Boundaries\", Page 220",
  "References.6.Authors.0": "Mark Dowd",
  "References.6.Authors.1": "John McDonald",
  "References.6.Authors.2": "Justin Schuh",
  "References.6.Title": "The Art of Software Security Assessment",
  "References.6.Edition": "1st Edition",
  "References.6.PublicationYear": "2006",
  "References.6.Publisher": "Addison Wesley",
  "References.7.ExternalReferenceID": "REF-1440",
  "References.7.Section": "Definition variations and ambiguity",
  "References.7.Title": "Integer overflow",
  "References.7.PublicationYear": "2024",
  "References.7.PublicationMonth": "06",
  "References.7.PublicationDay": "11",
  "References.7.Publisher": "Wikipedia",
  "References.7.URL": "https://en.wikipedia.org/wiki/Integer_overflow",
  "References.7.URLDate": "2024-06-30",
  "MappingNotes.Usage": "Allowed",
  "MappingNotes.Rationale": "This CWE entry is at the Base level of abstraction, which is a preferred level of abstraction for mapping to the root causes of vulnerabilities.",
  "MappingNotes.Comments": "Be careful of terminology problems with \"overflow,\" \"underflow,\" and \"wraparound\" - see Terminology Notes. Carefully read both the name and description to ensure that this mapping is an appropriate fit. Do not try to 'force' a mapping to a lower-level Base/Variant simply to comply with this preferred level of abstraction.",
  "MappingNotes.Reasons.0": "Acceptable-Use",
  "MappingNotes.Suggestions.0.CweID": "191",
  "MappingNotes.Suggestions.0.Comment": "Integer Underflow (Wrap or Wraparound). Consider CWE-191 when the result is less than the minimum value that can be represented (sometimes called \"underflows\").",
  "Notes.0.Type": "Relationship",
  "Notes.0.Note": "Integer overflows can be primary to buffer overflows when they cause less memory to be allocated than expected.",
  "Notes.1.Type": "Terminology",
  "Notes.1.Note": "\n\n\"Integer overflow\" is sometimes used to cover several types of errors, including signedness errors, or buffer overflows that involve manipulation of integer data types instead of characters. Part of the confusion results from the fact that 0xffffffff is -1 in a signed context. Other confusion also arises because of the role that integer overflows have in chains.\n\n\nA \"wraparound\" is a well-defined, standard behavior that follows specific rules for how to handle situations when the intended numeric value is too large or too small to be represented, as specified in standards such as C11.\n\n\n\"Overflow\" is sometimes conflated with \"wraparound\" but typically indicates a non-standard or undefined behavior.\n\n\nThe \"overflow\" term is sometimes used to indicate cases where either the maximum or the minimum is exceeded, but others might only use \"overflow\" to indicate exceeding the maximum while using \"underflow\" for exceeding the minimum.\n\n\nSome people use \"overflow\" to mean any value outside the representable range - whether greater than the maximum, or less than the minimum - but CWE uses \"underflow\" for cases in which the intended result is less than the minimum.\n\n\nSee [REF-1440] for additional explanation of the ambiguity of terminology.\n",
  "Notes.2.Type": "Other",
  "Notes.2.Note": "While there may be circumstances in which the logic intentionally relies on wrapping - such as with modular arithmetic in timers or counters - it can have security consequences if the wrap is unexpected. This is especially the case if the integer overflow can be triggered using user-supplied inputs.",
  "ContentHistory.0.Type": "Submission",
  "ContentHistory.0.SubmissionName": "PLOVER",
  "ContentHistory.0.SubmissionDate": "2006-07-19",
  "ContentHistory.0.SubmissionVersion": "Draft 3",
  "ContentHistory.0.SubmissionReleaseDate": "2006-07-19",
  "ContentHistory.1.Type": "Modification",
  "ContentHistory.1.ModificationName": "CWE Content Team",
  "ContentHistory.1.ModificationOrganization": "MITRE",
  "ContentHistory.1.ModificationDate": "2008-09-08",
  "ContentHistory.1.ModificationComment": "updated Common_Consequences, Relationships, Relationship_Notes, Taxonomy_Mappings, Terminology_Notes",
  "ContentHistory.2.Type": "Modification",
  "ContentHistory.2.ModificationName": "CWE Content Team",
  "ContentHistory.2.ModificationOrganization": "MITRE",
  "ContentHistory.2.ModificationDate": "2008-10-14",
  "ContentHistory.2.ModificationComment": "updated Common_Consequences, Description, Potential_Mitigations, Terminology_Notes",
  "ContentHistory.3.Type": "Modification",
  "ContentHistory.3.ModificationName": "CWE Content Team",
  "ContentHistory.3.ModificationOrganization": "MITRE",
  "ContentHistory.3.ModificationDate": "2008-11-24",
  "ContentHistory.3.ModificationComment": "updated Relationships, Taxonomy_Mappings",
  "ContentHistory.4.Type": "Modification",
  "ContentHistory.4.ModificationName": "CWE Content Team",
  "ContentHistory.4.ModificationOrganization": "MITRE",
  "ContentHistory.4.ModificationDate": "2009-01-12",
  "ContentHistory.4.ModificationComment": "updated Description, Name",
  "ContentHistory.5.Type": "Modification",
  "ContentHistory.5.ModificationName": "CWE Content Team",
  "ContentHistory.5.ModificationOrganization": "MITRE",
  "ContentHistory.5.ModificationDate": "2009-05-27",
  "ContentHistory.5.ModificationComment": "updated Demonstrative_Examples",
  "ContentHistory.6.Type": "Modification",
  "ContentHistory.6.ModificationName": "CWE Content Team",
  "ContentHistory.6.ModificationOrganization": "MITRE",
  "ContentHistory.6.ModificationDate": "2009-10-29",
  "ContentHistory.6.ModificationComment": "updated Relationships",
  "ContentHistory.7.Type": "Modification",
  "ContentHistory.7.ModificationName": "CWE Content Team",
  "ContentHistory.7.ModificationOrganization": "MITRE",
  "ContentHistory.7.ModificationDate": "2010-02-16",
  "ContentHistory.7.ModificationComment": "updated Applicable_Platforms, Detection_Factors, Functional_Areas, Observed_Examples, Potential_Mitigations, References, Related_Attack_Patterns, Relationships, Taxonomy_Mappings, Terminology_Notes",
  "ContentHistory.8.Type": "Modification",
  "ContentHistory.8.ModificationName": "CWE Content Team",
  "ContentHistory.8.ModificationOrganization": "MITRE",
  "ContentHistory.8.ModificationDate": "2010-04-05",
  "ContentHistory.8.ModificationComment": "updated Demonstrative_Examples, Detection_Factors, Potential_Mitigations, References, Related_Attack_Patterns",
  "ContentHistory.9.Type": "Modification",
  "ContentHistory.9.ModificationName": "CWE Content Team",
  "ContentHistory.9.ModificationOrganization": "MITRE",
  "ContentHistory.9.ModificationDate": "2010-06-21",
  "ContentHistory.9.ModificationComment": "updated Common_Consequences, Potential_Mitigations, References",
  "ContentHistory.10.Type": "Modification",
  "ContentHistory.10.ModificationName": "CWE Content Team",
  "ContentHistory.10.ModificationOrganization": "MITRE",
  "ContentHistory.10.ModificationDate": "2010-09-27",
  "ContentHistory.10.ModificationComment": "updated Observed_Examples, Potential_Mitigations",
  "ContentHistory.11.Type": "Modification",
  "ContentHistory.11.ModificationName": "CWE Content Team",
  "ContentHistory.11.ModificationOrganization": "MITRE",
  "ContentHistory.11.ModificationDate": "2011-06-01",
  "ContentHistory.11.ModificationComment": "updated Common_Consequences",
  "ContentHistory.12.Type": "Modification",
  "ContentHistory.12.ModificationName": "CWE Content Team",
  "ContentHistory.12.ModificationOrganization": "MITRE",
  "ContentHistory.12.ModificationDate": "2011-06-27",
  "ContentHistory.12.ModificationComment": "updated Relationships",
  "ContentHistory.13.Type": "Modification",
  "ContentHistory.13.ModificationName": "CWE Content Team",
  "ContentHistory.13.ModificationOrganization": "MITRE",
  "ContentHistory.13.ModificationDate": "2011-09-13",
  "ContentHistory.13.ModificationComment": "updated Potential_Mitigations, References, Relationships, Taxonomy_Mappings",
  "ContentHistory.14.Type": "Modification",
  "ContentHistory.14.ModificationName": "CWE Content Team",
  "ContentHistory.14.ModificationOrganization": "MITRE",
  "ContentHistory.14.ModificationDate": "2012-05-11",
  "ContentHistory.14.ModificationComment": "updated Common_Consequences, Demonstrative_Examples, References, Relationships",
  "ContentHistory.15.Type": "Modification",
  "ContentHistory.15.ModificationName": "CWE Content Team",
  "ContentHistory.15.ModificationOrganization": "MITRE",
  "ContentHistory.15.ModificationDate": "2012-10-30",
  "ContentHistory.15.ModificationComment": "updated Potential_Mitigations",
  "ContentHistory.16.Type": "Modification",
  "ContentHistory.16.ModificationName": "CWE Content Team",
  "ContentHistory.16.ModificationOrganization": "MITRE",
  "ContentHistory.16.ModificationDate": "2013-07-17",
  "ContentHistory.16.ModificationComment": "updated References",
  "ContentHistory.17.Type": "Modification",
  "ContentHistory.17.ModificationName": "CWE Content Team",
  "ContentHistory.17.ModificationOrganization": "MITRE",
  "ContentHistory.17.ModificationDate": "2014-07-30",
  "ContentHistory.17.ModificationComment": "updated Detection_Factors, Relationships, Taxonomy_Mappings",
  "ContentHistory.18.Type": "Modification",
  "ContentHistory.18.ModificationName": "CWE Content Team",
  "ContentHistory.18.ModificationOrganization": "MITRE",
  "ContentHistory.18.ModificationDate": "2015-12-07",
  "ContentHistory.18.ModificationComment": "updated Relationships",
  "ContentHistory.19.Type": "Modification",
  "ContentHistory.19.ModificationName": "CWE Content Team",
  "ContentHistory.19.ModificationOrganization": "MITRE",
  "ContentHistory.19.ModificationDate": "2017-01-19",
  "ContentHistory.19.ModificationComment": "updated Relationships",
  "ContentHistory.20.Type": "Modification",
  "ContentHistory.20.ModificationName": "CWE Content Team",
  "ContentHistory.20.ModificationOrganization": "MITRE",
  "ContentHistory.20.ModificationDate": "2017-11-08",
  "ContentHistory.20.ModificationComment": "updated Functional_Areas, Observed_Examples, References, Taxonomy_Mappings",
  "ContentHistory.21.Type": "Modification",
  "ContentHistory.21.ModificationName": "CWE Content Team",
  "ContentHistory.21.ModificationOrganization": "MITRE",
  "ContentHistory.21.ModificationDate": "2018-03-27",
  "ContentHistory.21.ModificationComment": "updated References",
  "ContentHistory.22.Type": "Modification",
  "ContentHistory.22.ModificationName": "CWE Content Team",
  "ContentHistory.22.ModificationOrganization": "MITRE",
  "ContentHistory.22.ModificationDate": "2019-01-03",
  "ContentHistory.22.ModificationComment": "updated Relationships",
  "ContentHistory.23.Type": "Modification",
  "ContentHistory.23.ModificationName": "CWE Content Team",
  "ContentHistory.23.ModificationOrganization": "MITRE",
  "ContentHistory.23.ModificationDate": "2019-09-19",
  "ContentHistory.23.ModificationComment": "updated Relationships",
  "ContentHistory.24.Type": "Modification",
  "ContentHistory.24.ModificationName": "CWE Content Team",
  "ContentHistory.24.ModificationOrganization": "MITRE",
  "ContentHistory.24.ModificationDate": "2020-02-24",
  "ContentHistory.24.ModificationComment": "updated Relationships",
  "ContentHistory.25.Type": "Modification",
  "ContentHistory.25.ModificationName": "CWE Content Team",
  "ContentHistory.25.ModificationOrganization": "MITRE",
  "ContentHistory.25.ModificationDate": "2020-06-25",
  "ContentHistory.25.ModificationComment": "updated Observed_Examples",
  "ContentHistory.26.Type": "Modification",
  "ContentHistory.26.ModificationName": "CWE Content Team",
  "ContentHistory.26.ModificationOrganization": "MITRE",
  "ContentHistory.26.ModificationDate": "2020-08-20",
  "ContentHistory.26.ModificationComment": "updated Relationships",
  "ContentHistory.27.Type": "Modification",
  "ContentHistory.27.ModificationName": "CWE Content Team",
  "ContentHistory.27.ModificationOrganization": "MITRE",
  "ContentHistory.27.ModificationDate": "2020-12-10",
  "ContentHistory.27.ModificationComment": "updated Observed_Examples",
  "ContentHistory.28.Type": "Modification",
  "ContentHistory.28.ModificationName": "CWE Content Team",
  "ContentHistory.28.ModificationOrganization": "MITRE",
  "ContentHistory.28.ModificationDate": "2021-03-15",
  "ContentHistory.28.ModificationComment": "updated Potential_Mitigations",
  "ContentHistory.29.Type": "Modification",
  "ContentHistory.29.ModificationName": "CWE Content Team",
  "ContentHistory.29.ModificationOrganization": "MITRE",
  "ContentHistory.29.ModificationDate": "2021-07-20",
  "ContentHistory.29.ModificationComment": "updated Relationships",
  "ContentHistory.30.Type": "Modification",
  "ContentHistory.30.ModificationName": "CWE Content Team",
  "ContentHistory.30.ModificationOrganization": "MITRE",
  "ContentHistory.30.ModificationDate": "2022-06-28",
  "ContentHistory.30.ModificationComment": "updated Observed_Examples, Relationships",
  "ContentHistory.31.Type": "Modification",
  "ContentHistory.31.ModificationName": "CWE Content Team",
  "ContentHistory.31.ModificationOrganization": "MITRE",
  "ContentHistory.31.ModificationDate": "2022-10-13",
  "ContentHistory.31.ModificationComment": "updated Observed_Examples",
  "ContentHistory.32.Type": "Modification",
  "ContentHistory.32.ModificationName": "CWE Content Team",
  "ContentHistory.32.ModificationOrganization": "MITRE",
  "ContentHistory.32.ModificationDate": "2023-01-31",
  "ContentHistory.32.ModificationComment": "updated Description, Detection_Factors",
  "ContentHistory.33.Type": "Modification",
  "ContentHistory.33.ModificationName": "CWE Content Team",
  "ContentHistory.33.ModificationOrganization": "MITRE",
  "ContentHistory.33.ModificationDate": "2023-04-27",
  "ContentHistory.33.ModificationComment": "updated Relationships, Taxonomy_Mappings",
  "ContentHistory.34.Type": "Modification",
  "ContentHistory.34.ModificationName": "CWE Content Team",
  "ContentHistory.34.ModificationOrganization": "MITRE",
  "ContentHistory.34.ModificationDate": "2023-06-29",
  "ContentHistory.34.ModificationComment": "updated Mapping_Notes, Relationships",
  "ContentHistory.35.Type": "Modification",
  "ContentHistory.35.ModificationName": "CWE Content Team",
  "ContentHistory.35.ModificationOrganization": "MITRE",
  "ContentHistory.35.ModificationDate": "2023-10-26",
  "ContentHistory.35.ModificationComment": "updated Observed_Examples",
  "ContentHistory.36.Type": "Modification",
  "ContentHistory.36.ModificationName": "CWE Content Team",
  "ContentHistory.36.ModificationOrganization": "MITRE",
  "ContentHistory.36.ModificationDate": "2024-02-29",
  "ContentHistory.36.ModificationComment": "updated Observed_Examples",
  "ContentHistory.36.ModificationVersion": "4.14",
  "ContentHistory.36.ModificationReleaseDate": "2024-02-29",
  "ContentHistory.37.Type": "Modification",
  "ContentHistory.37.ModificationName": "CWE Content Team",
  "ContentHistory.37.ModificationOrganization": "MITRE",
  "ContentHistory.37.ModificationDate": "2024-07-16",
  "ContentHistory.37.ModificationComment": "updated Alternate_Terms, Common_Consequences, Description, Diagram, Mapping_Notes, Modes_of_Introduction, Other_Notes, References, Relationship_Notes, Terminology_Notes",
  "ContentHistory.37.ModificationVersion": "4.15",
  "ContentHistory.37.ModificationReleaseDate": "2024-07-16",
  "ContentHistory.38.Type": "Modification",
  "ContentHistory.38.ModificationName": "CWE Content Team",
  "ContentHistory.38.ModificationOrganization": "MITRE",
  "ContentHistory.38.ModificationDate": "2024-11-19",
  "ContentHistory.38.ModificationComment": "updated Relationships",
  "ContentHistory.38.ModificationVersion": "4.16",
  "ContentHistory.38.ModificationReleaseDate": "2024-11-19",
  "ContentHistory.39.Type": "Modification",
  "ContentHistory.39.ModificationName": "CWE Content Team",
  "ContentHistory.39.ModificationOrganization": "MITRE",
  "ContentHistory.39.ModificationDate": "2025-04-03",
  "ContentHistory.39.ModificationComment": "updated Applicable_Platforms, Observed_Examples",
  "ContentHistory.39.ModificationVersion": "4.17",
  "ContentHistory.39.ModificationReleaseDate": "2025-04-03",
  "ContentHistory.40.Type": "Contribution",
  "ContentHistory.40.ContributionName": "\"Mapping CWE to 62443\" Sub-Working Group",
  "ContentHistory.40.ContributionOrganization": "CWE-CAPEC ICS/OT SIG",
  "ContentHistory.40.ContributionDate": "2023-04-25",
  "ContentHistory.40.ContributionComment": "Suggested mappings to ISA/IEC 62443.",
  "ContentHistory.40.ContributionType": "Content",
  "ContentHistory.41.Type": "Contribution",
  "ContentHistory.41.ContributionName": "Abhi Balakrishnan",
  "ContentHistory.41.ContributionDate": "2024-02-29",
  "ContentHistory.41.ContributionComment": "Provided diagram to improve CWE usability",
  "ContentHistory.41.ContributionType": "Content",
  "ContentHistory.41.ContributionVersion": "4.15",
  "ContentHistory.41.ContributionReleaseDate": "2024-07-16",
  "ContentHistory.42.Type": "Rename",
  "ContentHistory.42.PreviousEntryName": "Integer Overflow (Wrap or Wraparound)",
  "ContentHistory.42.Date": "2009-01-12"
}