{
  "ID": "352",
  "Name": "Cross-Site Request Forgery (CSRF)",
  "Abstraction": "Compound",
  "Structure": "Composite",
  "Status": "Stable",
  "Diagram": "/data/images/CWE-352-Diagram.png",
  "Description": "The web application does not, or cannot, sufficiently verify whether a request was intentionally provided by the user who sent the request, which could have originated from an unauthorized actor. ",
  "LikelihoodOfExploit": "Medium",
  "RelatedWeaknesses.0.Nature": "ChildOf",
  "RelatedWeaknesses.0.CweID": "345",
  "RelatedWeaknesses.0.ViewID": "1000",
  "RelatedWeaknesses.0.Ordinal": "Primary",
  "RelatedWeaknesses.1.Nature": "ChildOf",
  "RelatedWeaknesses.1.CweID": "345",
  "RelatedWeaknesses.1.ViewID": "1003",
  "RelatedWeaknesses.1.Ordinal": "Primary",
  "RelatedWeaknesses.2.Nature": "Requires",
  "RelatedWeaknesses.2.CweID": "346",
  "RelatedWeaknesses.2.ViewID": "1000",
  "RelatedWeaknesses.3.Nature": "Requires",
  "RelatedWeaknesses.3.CweID": "441",
  "RelatedWeaknesses.3.ViewID": "1000",
  "RelatedWeaknesses.4.Nature": "Requires",
  "RelatedWeaknesses.4.CweID": "642",
  "RelatedWeaknesses.4.ViewID": "1000",
  "RelatedWeaknesses.5.Nature": "Requires",
  "RelatedWeaknesses.5.CweID": "613",
  "RelatedWeaknesses.5.ViewID": "1000",
  "ApplicablePlatforms.0.Type": "Language",
  "ApplicablePlatforms.0.Class": "Not Language-Specific",
  "ApplicablePlatforms.0.Prevalence": "Undetermined",
  "ApplicablePlatforms.1.Type": "Technology",
  "ApplicablePlatforms.1.Name": "Web Server",
  "ApplicablePlatforms.1.Prevalence": "Undetermined",
  "AlternateTerms.0.Term": "Session Riding",
  "AlternateTerms.1.Term": "Cross Site Reference Forgery",
  "AlternateTerms.2.Term": "XSRF",
  "AlternateTerms.3.Term": "CSRF",
  "ModesOfIntroduction.0.Phase": "Architecture and Design",
  "ModesOfIntroduction.0.Note": "REALIZATION: This weakness is caused during implementation of an architectural security tactic.",
  "CommonConsequences.0.Scope.0": "Confidentiality",
  "CommonConsequences.0.Scope.1": "Integrity",
  "CommonConsequences.0.Scope.2": "Availability",
  "CommonConsequences.0.Scope.3": "Non-Repudiation",
  "CommonConsequences.0.Scope.4": "Access Control",
  "CommonConsequences.0.Impact.0": "Gain Privileges or Assume Identity",
  "CommonConsequences.0.Impact.1": "Bypass Protection Mechanism",
  "CommonConsequences.0.Impact.2": "Read Application Data",
  "CommonConsequences.0.Impact.3": "Modify Application Data",
  "CommonConsequences.0.Impact.4": "DoS: Crash, Exit, or Restart",
  "CommonConsequences.0.Note": "The consequences will vary depending on the nature of the functionality that is vulnerable to CSRF. An attacker could trick a client into making an unintentional request to the web server via a URL, image load, XMLHttpRequest, etc., which would then be treated as an authentic request from the client - effectively performing any operations as the victim, leading to an exposure of data, unintended code execution, etc. If the victim is an administrator or privileged user, the consequences may include obtaining complete control over the web application - deleting or stealing data, uninstalling the product, or using it to launch other attacks against all of the product's users. Because the attacker has the identity of the victim, the scope of CSRF is limited only by the victim's privileges.",
  "DetectionMethods.0.DetectionMethodID": "DM-7",
  "DetectionMethods.0.Method": "Manual Analysis",
  "DetectionMethods.0.Description": "\n\nThis weakness can be detected using tools and techniques that require manual (human) analysis, such as penetration testing, threat modeling, and interactive tools that allow the tester to record and modify an active session.\n\n\nSpecifically, manual analysis can be useful for finding this weakness, and for minimizing false positives assuming an understanding of business logic. However, it might not achieve desired code coverage within limited time constraints. For black-box analysis, if credentials are not known for privileged accounts, then the most security-critical portions of the application may not receive sufficient attention.\n\n\nConsider using OWASP CSRFTester to identify potential issues and aid in manual analysis.\n",
  "DetectionMethods.0.Effectiveness": "High",
  "DetectionMethods.0.EffectivenessNotes": "These may be more effective than strictly automated techniques. This is especially the case with weaknesses that are related to design and business rules.",
  "DetectionMethods.1.Method": "Automated Static Analysis",
  "DetectionMethods.1.Description": "CSRF is currently difficult to detect reliably using automated techniques. This is because each application has its own implicit security policy that dictates which requests can be influenced by an outsider and automatically performed on behalf of a user, versus which requests require strong confidence that the user intends to make the request. For example, a keyword search of the public portion of a web site is typically expected to be encoded within a link that can be launched automatically when the user clicks on the link.",
  "DetectionMethods.1.Effectiveness": "Limited",
  "DetectionMethods.2.Method": "Automated Static Analysis - Binary or Bytecode",
  "DetectionMethods.2.Description": "\n\nAccording to SOAR, the following detection techniques may be useful:\n\n```\n\t\tCost effective for partial coverage:\n```\n\n\t\tBytecode Weakness Analysis - including disassembler + source code weakness analysis\n\t\tBinary Weakness Analysis - including disassembler + source code weakness analysis",
  "DetectionMethods.2.Effectiveness": "SOAR Partial",
  "DetectionMethods.3.Method": "Manual Static Analysis - Binary or Bytecode",
  "DetectionMethods.3.Description": "\n\nAccording to SOAR, the following detection techniques may be useful:\n\n```\n\t\tCost effective for partial coverage:\n```\n\n\t\tBinary / Bytecode disassembler - then use manual analysis for vulnerabilities & anomalies",
  "DetectionMethods.3.Effectiveness": "SOAR Partial",
  "DetectionMethods.4.Method": "Dynamic Analysis with Automated Results Interpretation",
  "DetectionMethods.4.Description": "\n\nAccording to SOAR, the following detection techniques may be useful:\n\n```\n\t\tHighly cost effective:\n```\n\n\t\tWeb Application Scanner",
  "DetectionMethods.4.Effectiveness": "High",
  "DetectionMethods.5.Method": "Dynamic Analysis with Manual Results Interpretation",
  "DetectionMethods.5.Description": "\n\nAccording to SOAR, the following detection techniques may be useful:\n\n```\n\t\tHighly cost effective:\n```\n\n\t\tFuzz Tester\n\t\tFramework-based Fuzzer",
  "DetectionMethods.5.Effectiveness": "High",
  "DetectionMethods.6.Method": "Manual Static Analysis - Source Code",
  "DetectionMethods.6.Description": "\n\nAccording to SOAR, the following detection techniques may be useful:\n\n```\n\t\tCost effective for partial coverage:\n```\n\n\t\tFocused Manual Spotcheck - Focused manual analysis of source\n\t\tManual Source Code Review (not inspections)",
  "DetectionMethods.6.Effectiveness": "SOAR Partial",
  "DetectionMethods.7.Method": "Automated Static Analysis - Source Code",
  "DetectionMethods.7.Description": "\n\nAccording to SOAR, the following detection techniques may be useful:\n\n```\n\t\tCost effective for partial coverage:\n```\n\n\t\tSource code Weakness Analyzer\n\t\tContext-configured Source Code Weakness Analyzer",
  "DetectionMethods.7.Effectiveness": "SOAR Partial",
  "DetectionMethods.8.Method": "Architecture or Design Review",
  "DetectionMethods.8.Description": "\n\nAccording to SOAR, the following detection techniques may be useful:\n\n```\n\t\tCost effective for partial coverage:\n```\n\n\t\tInspection (IEEE 1028 standard) (can apply to requirements, design, source code, etc.)\n\t\tFormal Methods / Correct-By-Construction",
  "DetectionMethods.8.Effectiveness": "SOAR Partial",
  "PotentialMitigations.0.MitigationID": "MIT-4",
  "PotentialMitigations.0.Phase.0": "Architecture and Design",
  "PotentialMitigations.0.Strategy": "Libraries or Frameworks",
  "PotentialMitigations.0.Description": "\n\nUse a vetted library or framework that does not allow this weakness to occur or provides constructs that make this weakness easier to avoid.\n\n\nFor example, use anti-CSRF packages such as the OWASP CSRFGuard. [REF-330]\n\n\nAnother example is the ESAPI Session Management control, which includes a component for CSRF. [REF-45]\n",
  "PotentialMitigations.1.Phase.0": "Implementation",
  "PotentialMitigations.1.Description": "Ensure that the application is free of cross-site scripting issues (CWE-79), because most CSRF defenses can be bypassed using attacker-controlled script.",
  "PotentialMitigations.2.Phase.0": "Architecture and Design",
  "PotentialMitigations.2.Description": "Generate a unique nonce for each form, place the nonce into the form, and verify the nonce upon receipt of the form. Be sure that the nonce is not predictable (CWE-330). [REF-332]",
  "PotentialMitigations.2.EffectivenessNotes": "Note that this can be bypassed using XSS (CWE-79).",
  "PotentialMitigations.3.Phase.0": "Architecture and Design",
  "PotentialMitigations.3.Description": "Identify especially dangerous operations. When the user performs a dangerous operation, send a separate confirmation request to ensure that the user intended to perform that operation.",
  "PotentialMitigations.3.EffectivenessNotes": "Note that this can be bypassed using XSS (CWE-79).",
  "PotentialMitigations.4.Phase.0": "Architecture and Design",
  "PotentialMitigations.4.Description": "\n\nUse the \"double-submitted cookie\" method as described by Felten and Zeller:\n\n\nWhen a user visits a site, the site should generate a pseudorandom value and set it as a cookie on the user's machine. The site should require every form submission to include this value as a form value and also as a cookie value. When a POST request is sent to the site, the request should only be considered valid if the form value and the cookie value are the same.\n\n\nBecause of the same-origin policy, an attacker cannot read or modify the value stored in the cookie. To successfully submit a form on behalf of the user, the attacker would have to correctly guess the pseudorandom value. If the pseudorandom value is cryptographically strong, this will be prohibitively difficult.\n\n\nThis technique requires Javascript, so it may not work for browsers that have Javascript disabled. [REF-331]\n",
  "PotentialMitigations.4.EffectivenessNotes": "Note that this can probably be bypassed using XSS (CWE-79), or when using web technologies that enable the attacker to read raw headers from HTTP requests.",
  "PotentialMitigations.5.Phase.0": "Architecture and Design",
  "PotentialMitigations.5.Description": "Do not use the GET method for any request that triggers a state change.",
  "PotentialMitigations.6.Phase.0": "Implementation",
  "PotentialMitigations.6.Description": "Check the HTTP Referer header to see if the request originated from an expected page. This could break legitimate functionality, because users or proxies may have disabled sending the Referer for privacy reasons.",
  "PotentialMitigations.6.EffectivenessNotes": "Note that this can be bypassed using XSS (CWE-79). An attacker could use XSS to generate a spoofed Referer, or to generate a malicious request from a page whose Referer would be allowed.",
  "DemonstrativeExamples.0.Entries.0.IntroText": "This example PHP code attempts to secure the form submission process by validating that the user submitting the form has a valid session. A CSRF attack would not be prevented by this countermeasure because the attacker forges a request through the user's web browser in which a valid session already exists.",
  "DemonstrativeExamples.0.Entries.1.BodyText": "The following HTML is intended to allow a user to update a profile.",
  "DemonstrativeExamples.0.Entries.2.Nature": "Bad",
  "DemonstrativeExamples.0.Entries.2.Language": "HTML",
  "DemonstrativeExamples.0.Entries.2.ExampleCode": "```\n\t<form action=\"/url/profile.php\" method=\"post\">\n\t<input type=\"text\" name=\"firstname\"/>\n\t<input type=\"text\" name=\"lastname\"/>\n\t<br/>\n\t<input type=\"text\" name=\"email\"/>\n\t<input type=\"submit\" name=\"submit\" value=\"Update\"/>\n\t</form>\n```",
  "DemonstrativeExamples.0.Entries.3.BodyText": "profile.php contains the following code.",
  "DemonstrativeExamples.0.Entries.4.Nature": "Bad",
  "DemonstrativeExamples.0.Entries.4.Language": "PHP",
  "DemonstrativeExamples.0.Entries.4.ExampleCode": "```\n\t// initiate the session in order to validate sessions\n\tsession_start();\n```\n//if the session is registered to a valid user then allow update* \n\t\n\tif (! session_is_registered(\"username\")) {\n\t```\n\t\t\techo \"invalid session detected!\";\n```\n// Redirect user to login page* \n\t\t\t[...]\n\t\t\t\n\t\t\texit;}\n\t\n\t\n\t *// The user session is valid, so process the request* \n\t\n\t\n\t *// and update the information* \n\t\n\tupdate_profile();\n\t\n\tfunction update_profile {\n\t```\n```\n// read in the data from $POST and send an update* \n\t\t\t\n\t\t\t\n\t\t\t *// to the database* \n\t\t\tSendUpdateToDatabase($_SESSION['username'], $_POST['email']);\n\t\t\t[...]\n\t\t\techo \"Your profile has been successfully updated.\";}",
  "DemonstrativeExamples.0.Entries.5.BodyText": "This code may look protected since it checks for a valid session. However, CSRF attacks can be staged from virtually any tag or HTML construct, including image tags, links, embed or object tags, or other attributes that load background images.",
  "DemonstrativeExamples.0.Entries.6.BodyText": "The attacker can then host code that will silently change the username and email address of any user that visits the page while remaining logged in to the target web application. The code might be an innocent-looking web page such as:",
  "DemonstrativeExamples.0.Entries.7.Nature": "Attack",
  "DemonstrativeExamples.0.Entries.7.Language": "HTML",
  "DemonstrativeExamples.0.Entries.7.ExampleCode": "```\n\t<SCRIPT>\n\tfunction SendAttack () {\n\t\tform.email = \"attacker@example.com\";\n```\n// send to profile.php* \n\t\tform.submit();}\n\t</SCRIPT>\n\t\n\t<BODY onload=\"javascript:SendAttack();\">\n\t\n\t<form action=\"http://victim.example.com/profile.php\" id=\"form\" method=\"post\">\n\t<input type=\"hidden\" name=\"firstname\" value=\"Funny\">\n\t<input type=\"hidden\" name=\"lastname\" value=\"Joke\">\n\t<br/>\n\t<input type=\"hidden\" name=\"email\">\n\t</form>",
  "DemonstrativeExamples.0.Entries.8.BodyText": "Notice how the form contains hidden fields, so when it is loaded into the browser, the user will not notice it. Because SendAttack() is defined in the body's onload attribute, it will be automatically called when the victim loads the web page.",
  "DemonstrativeExamples.0.Entries.9.BodyText": "Assuming that the user is already logged in to victim.example.com, profile.php will see that a valid user session has been established, then update the email address to the attacker's own address. At this stage, the user's identity has been compromised, and messages sent through this profile could be sent to the attacker's address.",
  "ObservedExamples.0.Reference": "CVE-2004-1703",
  "ObservedExamples.0.Description": "Add user accounts via a URL in an img tag",
  "ObservedExamples.0.Link": "https://www.cve.org/CVERecord?id=CVE-2004-1703",
  "ObservedExamples.1.Reference": "CVE-2004-1995",
  "ObservedExamples.1.Description": "Add user accounts via a URL in an img tag",
  "ObservedExamples.1.Link": "https://www.cve.org/CVERecord?id=CVE-2004-1995",
  "ObservedExamples.2.Reference": "CVE-2004-1967",
  "ObservedExamples.2.Description": "Arbitrary code execution by specifying the code in a crafted img tag or URL",
  "ObservedExamples.2.Link": "https://www.cve.org/CVERecord?id=CVE-2004-1967",
  "ObservedExamples.3.Reference": "CVE-2004-1842",
  "ObservedExamples.3.Description": "Gain administrative privileges via a URL in an img tag",
  "ObservedExamples.3.Link": "https://www.cve.org/CVERecord?id=CVE-2004-1842",
  "ObservedExamples.4.Reference": "CVE-2005-1947",
  "ObservedExamples.4.Description": "Delete a victim's information via a URL or an img tag",
  "ObservedExamples.4.Link": "https://www.cve.org/CVERecord?id=CVE-2005-1947",
  "ObservedExamples.5.Reference": "CVE-2005-2059",
  "ObservedExamples.5.Description": "Change another user's settings via a URL or an img tag",
  "ObservedExamples.5.Link": "https://www.cve.org/CVERecord?id=CVE-2005-2059",
  "ObservedExamples.6.Reference": "CVE-2005-1674",
  "ObservedExamples.6.Description": "Perform actions as administrator via a URL or an img tag",
  "ObservedExamples.6.Link": "https://www.cve.org/CVERecord?id=CVE-2005-1674",
  "ObservedExamples.7.Reference": "CVE-2009-3520",
  "ObservedExamples.7.Description": "modify password for the administrator",
  "ObservedExamples.7.Link": "https://www.cve.org/CVERecord?id=CVE-2009-3520",
  "ObservedExamples.8.Reference": "CVE-2009-3022",
  "ObservedExamples.8.Description": "CMS allows modification of configuration via CSRF attack against the administrator",
  "ObservedExamples.8.Link": "https://www.cve.org/CVERecord?id=CVE-2009-3022",
  "ObservedExamples.9.Reference": "CVE-2009-3759",
  "ObservedExamples.9.Description": "web interface allows password changes or stopping a virtual machine via CSRF",
  "ObservedExamples.9.Link": "https://www.cve.org/CVERecord?id=CVE-2009-3759",
  "TaxonomyMappings.0.TaxonomyName": "PLOVER",
  "TaxonomyMappings.0.EntryName": "Cross-Site Request Forgery (CSRF)",
  "TaxonomyMappings.1.TaxonomyName": "OWASP Top Ten 2007",
  "TaxonomyMappings.1.EntryID": "A5",
  "TaxonomyMappings.1.EntryName": "Cross Site Request Forgery (CSRF)",
  "TaxonomyMappings.1.MappingFit": "Exact",
  "TaxonomyMappings.2.TaxonomyName": "WASC",
  "TaxonomyMappings.2.EntryID": "9",
  "TaxonomyMappings.2.EntryName": "Cross-site Request Forgery",
  "RelatedAttackPatterns.0": "111",
  "RelatedAttackPatterns.1": "462",
  "RelatedAttackPatterns.2": "467",
  "RelatedAttackPatterns.3": "62",
  "References.0.ExternalReferenceID": "REF-44",
  "References.0.Section": "\"Sin 2: Web-Server Related Vulnerabilities (XSS, XSRF, and\n Response Splitting).\" Page 37",
  "References.0.Authors.0": "Michael Howard",
  "References.0.Authors.1": "David LeBlanc",
  "References.0.Authors.2": "John Viega",
  "References.0.Title": "24 Deadly Sins of Software Security",
  "References.0.Publication": "McGraw-Hill",
  "References.0.PublicationYear": "2010",
  "References.1.ExternalReferenceID": "REF-329",
  "References.1.Authors.0": "Peter W",
  "References.1.Title": "Cross-Site Request Forgeries (Re: The Dangers of Allowing Users to Post Images)",
  "References.1.Publication": "Bugtraq",
  "References.1.URL": "http://marc.info/?l=bugtraq&m=99263135911884&w=2",
  "References.2.ExternalReferenceID": "REF-330",
  "References.2.Authors.0": "OWASP",
  "References.2.Title": "Cross-Site Request Forgery (CSRF) Prevention Cheat Sheet",
  "References.2.URL": "http://www.owasp.org/index.php/Cross-Site_Request_Forgery_(CSRF)_Prevention_Cheat_Sheet",
  "References.3.ExternalReferenceID": "REF-331",
  "References.3.Authors.0": "Edward W. Felten",
  "References.3.Authors.1": "William Zeller",
  "References.3.Title": "Cross-Site Request Forgeries: Exploitation and Prevention",
  "References.3.PublicationYear": "2008",
  "References.3.PublicationMonth": "10",
  "References.3.PublicationDay": "18",
  "References.3.URL": "https://citeseerx.ist.psu.edu/viewdoc/summary?doi=10.1.1.147.1445",
  "References.3.URLDate": "2023-04-07",
  "References.4.ExternalReferenceID": "REF-332",
  "References.4.Authors.0": "Robert Auger",
  "References.4.Title": "CSRF - The Cross-Site Request Forgery (CSRF/XSRF) FAQ",
  "References.4.URL": "https://www.cgisecurity.com/csrf-faq.html",
  "References.4.URLDate": "2023-04-07",
  "References.5.ExternalReferenceID": "REF-333",
  "References.5.Title": "Cross-site request forgery",
  "References.5.PublicationYear": "2008",
  "References.5.PublicationMonth": "12",
  "References.5.PublicationDay": "22",
  "References.5.Publisher": "Wikipedia",
  "References.5.URL": "https://en.wikipedia.org/wiki/Cross-site_request_forgery",
  "References.5.URLDate": "2023-04-07",
  "References.6.ExternalReferenceID": "REF-334",
  "References.6.Authors.0": "Jason Lam",
  "References.6.Title": "Top 25 Series - Rank 4 - Cross Site Request Forgery",
  "References.6.PublicationYear": "2010",
  "References.6.PublicationMonth": "03",
  "References.6.PublicationDay": "03",
  "References.6.Publisher": "SANS Software Security Institute",
  "References.6.URL": "http://software-security.sans.org/blog/2010/03/03/top-25-series-rank-4-cross-site-request-forgery",
  "References.7.ExternalReferenceID": "REF-335",
  "References.7.Authors.0": "Jeff Atwood",
  "References.7.Title": "Preventing CSRF and XSRF Attacks",
  "References.7.PublicationYear": "2008",
  "References.7.PublicationMonth": "10",
  "References.7.PublicationDay": "14",
  "References.7.URL": "https://blog.codinghorror.com/preventing-csrf-and-xsrf-attacks/",
  "References.7.URLDate": "2023-04-07",
  "References.8.ExternalReferenceID": "REF-45",
  "References.8.Authors.0": "OWASP",
  "References.8.Title": "OWASP Enterprise Security API (ESAPI) Project",
  "References.8.URL": "http://www.owasp.org/index.php/ESAPI",
  "References.9.ExternalReferenceID": "REF-956",
  "References.9.Authors.0": "Wikipedia",
  "References.9.Title": "Samy (computer worm)",
  "References.9.URL": "https://en.wikipedia.org/wiki/Samy_(computer_worm)",
  "References.9.URLDate": "2018-01-16",
  "MappingNotes.Usage": "Allowed",
  "MappingNotes.Rationale": "This is a well-known Composite of multiple weaknesses that must all occur simultaneously, although it is attack-oriented in nature.",
  "MappingNotes.Comments": "While attack-oriented composites are supported in CWE, they have not been a focus of research. There is a chance that future research or CWE scope clarifications will change or deprecate them. Perform root-cause analysis to determine if other weaknesses allow CSRF attacks to occur, and map to those weaknesses. For example, predictable CSRF tokens might allow bypass of CSRF protection mechanisms; if this occurs, they might be better characterized as randomness/predictability weaknesses.",
  "MappingNotes.Reasons.0": "Other",
  "Notes.0.Type": "Relationship",
  "Notes.0.Note": "\n\nThere can be a close relationship between XSS and CSRF (CWE-352). An attacker might use CSRF in order to trick the victim into submitting requests to the server in which the requests contain an XSS payload. A well-known example of this was the Samy worm on MySpace [REF-956]. The worm used XSS to insert malicious HTML sequences into a user's profile and add the attacker as a MySpace friend. MySpace friends of that victim would then execute the payload to modify their own profiles, causing the worm to propagate exponentially. Since the victims did not intentionally insert the malicious script themselves, CSRF was a root cause.\n",
  "Notes.1.Type": "Theoretical",
  "Notes.1.Note": "\n\nThe CSRF topology is multi-channel:\n\n\n  - Attacker (as outsider) to intermediary (as user). The interaction point is either an external or internal channel.\n\n  - Intermediary (as user) to server (as victim). The activation point is an internal channel.\n\n",
  "ContentHistory.0.Type": "Submission",
  "ContentHistory.0.SubmissionName": "PLOVER",
  "ContentHistory.0.SubmissionDate": "2006-07-19",
  "ContentHistory.0.SubmissionVersion": "Draft 3",
  "ContentHistory.0.SubmissionReleaseDate": "2006-07-19",
  "ContentHistory.1.Type": "Modification",
  "ContentHistory.1.ModificationName": "Eric Dalci",
  "ContentHistory.1.ModificationOrganization": "Cigital",
  "ContentHistory.1.ModificationDate": "2008-07-01",
  "ContentHistory.1.ModificationComment": "updated Time_of_Introduction",
  "ContentHistory.2.Type": "Modification",
  "ContentHistory.2.ModificationName": "CWE Content Team",
  "ContentHistory.2.ModificationOrganization": "MITRE",
  "ContentHistory.2.ModificationDate": "2008-09-08",
  "ContentHistory.2.ModificationComment": "updated Alternate_Terms, Description, Relationships, Other_Notes, Relationship_Notes, Taxonomy_Mappings",
  "ContentHistory.3.Type": "Modification",
  "ContentHistory.3.ModificationName": "CWE Content Team",
  "ContentHistory.3.ModificationOrganization": "MITRE",
  "ContentHistory.3.ModificationDate": "2009-01-12",
  "ContentHistory.3.ModificationComment": "updated Applicable_Platforms, Description, Likelihood_of_Exploit, Observed_Examples, Other_Notes, Potential_Mitigations, References, Relationship_Notes, Relationships, Research_Gaps, Theoretical_Notes",
  "ContentHistory.4.Type": "Modification",
  "ContentHistory.4.ModificationName": "CWE Content Team",
  "ContentHistory.4.ModificationOrganization": "MITRE",
  "ContentHistory.4.ModificationDate": "2009-03-10",
  "ContentHistory.4.ModificationComment": "updated Potential_Mitigations",
  "ContentHistory.5.Type": "Modification",
  "ContentHistory.5.ModificationName": "Tom Stracener",
  "ContentHistory.5.ModificationDate": "2009-05-20",
  "ContentHistory.5.ModificationComment": "Added demonstrative example for profile.",
  "ContentHistory.6.Type": "Modification",
  "ContentHistory.6.ModificationName": "CWE Content Team",
  "ContentHistory.6.ModificationOrganization": "MITRE",
  "ContentHistory.6.ModificationDate": "2009-05-27",
  "ContentHistory.6.ModificationComment": "updated Demonstrative_Examples, Related_Attack_Patterns",
  "ContentHistory.7.Type": "Modification",
  "ContentHistory.7.ModificationName": "CWE Content Team",
  "ContentHistory.7.ModificationOrganization": "MITRE",
  "ContentHistory.7.ModificationDate": "2009-12-28",
  "ContentHistory.7.ModificationComment": "updated Common_Consequences, Demonstrative_Examples, Detection_Factors, Likelihood_of_Exploit, Observed_Examples, Potential_Mitigations, Time_of_Introduction",
  "ContentHistory.8.Type": "Modification",
  "ContentHistory.8.ModificationName": "CWE Content Team",
  "ContentHistory.8.ModificationOrganization": "MITRE",
  "ContentHistory.8.ModificationDate": "2010-02-16",
  "ContentHistory.8.ModificationComment": "updated Applicable_Platforms, Detection_Factors, References, Relationships, Taxonomy_Mappings",
  "ContentHistory.9.Type": "Modification",
  "ContentHistory.9.ModificationName": "CWE Content Team",
  "ContentHistory.9.ModificationOrganization": "MITRE",
  "ContentHistory.9.ModificationDate": "2010-06-21",
  "ContentHistory.9.ModificationComment": "updated Common_Consequences, Detection_Factors, Potential_Mitigations, References, Relationships",
  "ContentHistory.10.Type": "Modification",
  "ContentHistory.10.ModificationName": "CWE Content Team",
  "ContentHistory.10.ModificationOrganization": "MITRE",
  "ContentHistory.10.ModificationDate": "2010-09-27",
  "ContentHistory.10.ModificationComment": "updated Potential_Mitigations",
  "ContentHistory.11.Type": "Modification",
  "ContentHistory.11.ModificationName": "CWE Content Team",
  "ContentHistory.11.ModificationOrganization": "MITRE",
  "ContentHistory.11.ModificationDate": "2011-03-29",
  "ContentHistory.11.ModificationComment": "updated Description",
  "ContentHistory.12.Type": "Modification",
  "ContentHistory.12.ModificationName": "CWE Content Team",
  "ContentHistory.12.ModificationOrganization": "MITRE",
  "ContentHistory.12.ModificationDate": "2011-06-01",
  "ContentHistory.12.ModificationComment": "updated Common_Consequences",
  "ContentHistory.13.Type": "Modification",
  "ContentHistory.13.ModificationName": "CWE Content Team",
  "ContentHistory.13.ModificationOrganization": "MITRE",
  "ContentHistory.13.ModificationDate": "2011-06-27",
  "ContentHistory.13.ModificationComment": "updated Relationships",
  "ContentHistory.14.Type": "Modification",
  "ContentHistory.14.ModificationName": "CWE Content Team",
  "ContentHistory.14.ModificationOrganization": "MITRE",
  "ContentHistory.14.ModificationDate": "2011-09-13",
  "ContentHistory.14.ModificationComment": "updated Potential_Mitigations, References",
  "ContentHistory.15.Type": "Modification",
  "ContentHistory.15.ModificationName": "CWE Content Team",
  "ContentHistory.15.ModificationOrganization": "MITRE",
  "ContentHistory.15.ModificationDate": "2012-05-11",
  "ContentHistory.15.ModificationComment": "updated Related_Attack_Patterns, Relationships",
  "ContentHistory.16.Type": "Modification",
  "ContentHistory.16.ModificationName": "CWE Content Team",
  "ContentHistory.16.ModificationOrganization": "MITRE",
  "ContentHistory.16.ModificationDate": "2012-10-30",
  "ContentHistory.16.ModificationComment": "updated Potential_Mitigations",
  "ContentHistory.17.Type": "Modification",
  "ContentHistory.17.ModificationName": "CWE Content Team",
  "ContentHistory.17.ModificationOrganization": "MITRE",
  "ContentHistory.17.ModificationDate": "2013-02-21",
  "ContentHistory.17.ModificationComment": "updated Relationships",
  "ContentHistory.18.Type": "Modification",
  "ContentHistory.18.ModificationName": "CWE Content Team",
  "ContentHistory.18.ModificationOrganization": "MITRE",
  "ContentHistory.18.ModificationDate": "2013-07-17",
  "ContentHistory.18.ModificationComment": "updated References, Relationships",
  "ContentHistory.19.Type": "Modification",
  "ContentHistory.19.ModificationName": "CWE Content Team",
  "ContentHistory.19.ModificationOrganization": "MITRE",
  "ContentHistory.19.ModificationDate": "2014-07-30",
  "ContentHistory.19.ModificationComment": "updated Detection_Factors",
  "ContentHistory.20.Type": "Modification",
  "ContentHistory.20.ModificationName": "CWE Content Team",
  "ContentHistory.20.ModificationOrganization": "MITRE",
  "ContentHistory.20.ModificationDate": "2015-12-07",
  "ContentHistory.20.ModificationComment": "updated Relationships",
  "ContentHistory.21.Type": "Modification",
  "ContentHistory.21.ModificationName": "CWE Content Team",
  "ContentHistory.21.ModificationOrganization": "MITRE",
  "ContentHistory.21.ModificationDate": "2017-11-08",
  "ContentHistory.21.ModificationComment": "updated Applicable_Platforms, Likelihood_of_Exploit, Modes_of_Introduction, References, Relationships",
  "ContentHistory.22.Type": "Modification",
  "ContentHistory.22.ModificationName": "CWE Content Team",
  "ContentHistory.22.ModificationOrganization": "MITRE",
  "ContentHistory.22.ModificationDate": "2018-03-27",
  "ContentHistory.22.ModificationComment": "updated References, Relationship_Notes, Research_Gaps",
  "ContentHistory.23.Type": "Modification",
  "ContentHistory.23.ModificationName": "CWE Content Team",
  "ContentHistory.23.ModificationOrganization": "MITRE",
  "ContentHistory.23.ModificationDate": "2019-09-19",
  "ContentHistory.23.ModificationComment": "updated Relationships",
  "ContentHistory.24.Type": "Modification",
  "ContentHistory.24.ModificationName": "CWE Content Team",
  "ContentHistory.24.ModificationOrganization": "MITRE",
  "ContentHistory.24.ModificationDate": "2020-02-24",
  "ContentHistory.24.ModificationComment": "updated Relationships",
  "ContentHistory.25.Type": "Modification",
  "ContentHistory.25.ModificationName": "CWE Content Team",
  "ContentHistory.25.ModificationOrganization": "MITRE",
  "ContentHistory.25.ModificationDate": "2020-06-25",
  "ContentHistory.25.ModificationComment": "updated Relationships, Theoretical_Notes",
  "ContentHistory.26.Type": "Modification",
  "ContentHistory.26.ModificationName": "CWE Content Team",
  "ContentHistory.26.ModificationOrganization": "MITRE",
  "ContentHistory.26.ModificationDate": "2020-08-20",
  "ContentHistory.26.ModificationComment": "updated Relationships",
  "ContentHistory.27.Type": "Modification",
  "ContentHistory.27.ModificationName": "CWE Content Team",
  "ContentHistory.27.ModificationOrganization": "MITRE",
  "ContentHistory.27.ModificationDate": "2021-07-20",
  "ContentHistory.27.ModificationComment": "updated Relationships",
  "ContentHistory.28.Type": "Modification",
  "ContentHistory.28.ModificationName": "CWE Content Team",
  "ContentHistory.28.ModificationOrganization": "MITRE",
  "ContentHistory.28.ModificationDate": "2021-10-28",
  "ContentHistory.28.ModificationComment": "updated Relationships",
  "ContentHistory.29.Type": "Modification",
  "ContentHistory.29.ModificationName": "CWE Content Team",
  "ContentHistory.29.ModificationOrganization": "MITRE",
  "ContentHistory.29.ModificationDate": "2022-06-28",
  "ContentHistory.29.ModificationComment": "updated Relationships",
  "ContentHistory.30.Type": "Modification",
  "ContentHistory.30.ModificationName": "CWE Content Team",
  "ContentHistory.30.ModificationOrganization": "MITRE",
  "ContentHistory.30.ModificationDate": "2023-04-27",
  "ContentHistory.30.ModificationComment": "updated References, Relationships",
  "ContentHistory.31.Type": "Modification",
  "ContentHistory.31.ModificationName": "CWE Content Team",
  "ContentHistory.31.ModificationOrganization": "MITRE",
  "ContentHistory.31.ModificationDate": "2023-06-29",
  "ContentHistory.31.ModificationComment": "updated Mapping_Notes, Relationships",
  "ContentHistory.32.Type": "Modification",
  "ContentHistory.32.ModificationName": "CWE Content Team",
  "ContentHistory.32.ModificationOrganization": "MITRE",
  "ContentHistory.32.ModificationDate": "2024-11-19",
  "ContentHistory.32.ModificationComment": "updated Relationships",
  "ContentHistory.32.ModificationVersion": "4.16",
  "ContentHistory.32.ModificationReleaseDate": "2024-11-19",
  "ContentHistory.33.Type": "Modification",
  "ContentHistory.33.ModificationName": "CWE Content Team",
  "ContentHistory.33.ModificationOrganization": "MITRE",
  "ContentHistory.33.ModificationDate": "2025-04-03",
  "ContentHistory.33.ModificationComment": "updated Alternate_Terms, Common_Consequences, Description, Diagram",
  "ContentHistory.33.ModificationVersion": "4.17",
  "ContentHistory.33.ModificationReleaseDate": "2025-04-03",
  "ContentHistory.34.Type": "Contribution",
  "ContentHistory.34.ContributionName": "Abhi Balakrishnan",
  "ContentHistory.34.ContributionDate": "2024-02-29",
  "ContentHistory.34.ContributionComment": "Contributed usability diagram concepts used by the CWE team.",
  "ContentHistory.34.ContributionType": "Content",
  "ContentHistory.34.ContributionVersion": "4.17",
  "ContentHistory.34.ContributionReleaseDate": "2025-04-03"
}