{
  "ID": "400",
  "Name": "Uncontrolled Resource Consumption",
  "Abstraction": "Class",
  "Structure": "Simple",
  "Status": "Draft",
  "Diagram": "/data/images/CWE-400-Diagram.png",
  "Description": "The product does not properly control the allocation and maintenance of a limited resource.",
  "LikelihoodOfExploit": "High",
  "RelatedWeaknesses.0.Nature": "ChildOf",
  "RelatedWeaknesses.0.CweID": "664",
  "RelatedWeaknesses.0.ViewID": "1000",
  "RelatedWeaknesses.0.Ordinal": "Primary",
  "ApplicablePlatforms.0.Type": "Language",
  "ApplicablePlatforms.0.Class": "Not Language-Specific",
  "ApplicablePlatforms.0.Prevalence": "Undetermined",
  "AlternateTerms.0.Term": "Resource Exhaustion",
  "ModesOfIntroduction.0.Phase": "Operation",
  "ModesOfIntroduction.0.Note": "The product could be operated in a system or environment with lower resource limits than expected, which might make it easier for attackers to consume all available resources.",
  "ModesOfIntroduction.1.Phase": "System Configuration",
  "ModesOfIntroduction.1.Note": "The product could be configured with lower resource limits than expected, which might make it easier for attackers to consume all available resources.",
  "ModesOfIntroduction.2.Phase": "Architecture and Design",
  "ModesOfIntroduction.2.Note": "The designer might not consider how to handle and throttle excessive resource requests, which typically requires careful planning to handle more gracefully than a crash or exit.",
  "ModesOfIntroduction.3.Phase": "Implementation",
  "ModesOfIntroduction.3.Note": "\n\nThere are at least three distinct scenarios that can commonly lead to resource exhaustion:\n\n\n  - Lack of throttling for the number of allocated resources.\n\n  - Losing all references to a resource before reaching the shutdown stage.\n\n  - Not closing/returning a resource after processing.\n\nResource exhaustion problems often occur due to an incorrect implementation of the following situations:\n\n  - Error conditions and other exceptional circumstances.\n\n  - Confusion over which part of the program is responsible for releasing the resource.\n\n",
  "CommonConsequences.0.Scope.0": "Availability",
  "CommonConsequences.0.Impact.0": "DoS: Crash, Exit, or Restart",
  "CommonConsequences.0.Impact.1": "DoS: Resource Consumption (CPU)",
  "CommonConsequences.0.Impact.2": "DoS: Resource Consumption (Memory)",
  "CommonConsequences.0.Impact.3": "DoS: Resource Consumption (Other)",
  "CommonConsequences.0.Note": "If an attacker can trigger the allocation of the limited resources, but the number or size of the resources is not controlled, then the most common result is denial of service. This would prevent valid users from accessing the product, and it could potentially have an impact on the surrounding environment, i.e., the product may slow down, crash due to unhandled errors, or lock out legitimate users. For example, a memory exhaustion attack against an application could slow down the application as well as its host operating system.",
  "CommonConsequences.1.Scope.0": "Access Control",
  "CommonConsequences.1.Scope.1": "Other",
  "CommonConsequences.1.Impact.0": "Bypass Protection Mechanism",
  "CommonConsequences.1.Impact.1": "Other",
  "CommonConsequences.1.Note": "In some cases it may be possible to force the product to \"fail open\" in the event of resource exhaustion. The state of the product -- and possibly the security functionality - may then be compromised.",
  "DetectionMethods.0.Method": "Automated Static Analysis",
  "DetectionMethods.0.Description": "\n\nAutomated static analysis typically has limited utility in recognizing resource exhaustion problems, except for program-independent system resources such as files, sockets, and processes. For system resources, automated static analysis may be able to detect circumstances in which resources are not released after they have expired. Automated analysis of configuration files may be able to detect settings that do not specify a maximum value.\n\n\nAutomated static analysis tools will not be appropriate for detecting exhaustion of custom resources, such as an intended security policy in which a bulletin board user is only allowed to make a limited number of posts per day.\n",
  "DetectionMethods.0.Effectiveness": "Limited",
  "DetectionMethods.1.Method": "Automated Dynamic Analysis",
  "DetectionMethods.1.Description": "Certain automated dynamic analysis techniques may be effective in spotting resource exhaustion problems, especially with resources such as processes, memory, and connections. The technique may involve generating a large number of requests to the product within a short time frame.",
  "DetectionMethods.1.Effectiveness": "Moderate",
  "DetectionMethods.2.Method": "Fuzzing",
  "DetectionMethods.2.Description": "While fuzzing is typically geared toward finding low-level implementation bugs, it can inadvertently find resource exhaustion problems. This can occur when the fuzzer generates a large number of test cases but does not restart the targeted product in between test cases. If an individual test case produces a crash, but it does not do so reliably, then an inability to handle resource exhaustion may be the cause.",
  "DetectionMethods.2.Effectiveness": "Opportunistic",
  "PotentialMitigations.0.Phase.0": "Architecture and Design",
  "PotentialMitigations.0.Description": "Design throttling mechanisms into the system architecture. The best protection is to limit the amount of resources that an unauthorized user can cause to be expended. A strong authentication and access control model will help prevent such attacks from occurring in the first place. The login application should be protected against DoS attacks as much as possible. Limiting the database access, perhaps by caching result sets, can help minimize the resources expended. To further limit the potential for a DoS attack, consider tracking the rate of requests received from users and blocking requests that exceed a defined rate threshold.",
  "PotentialMitigations.1.Phase.0": "Architecture and Design",
  "PotentialMitigations.1.Description": "\n\nMitigation of resource exhaustion attacks requires that the target system either:\n\n\n  - recognizes the attack and denies that user further access for a given amount of time, or\n\n  - uniformly throttles all requests in order to make it more difficult to consume resources more quickly than they can again be freed.\n\nThe first of these solutions is an issue in itself though, since it may allow attackers to prevent the use of the system by a particular valid user. If the attacker impersonates the valid user, they may be able to prevent the user from accessing the server in question.\n\nThe second solution is simply difficult to effectively institute -- and even when properly done, it does not provide a full solution. It simply makes the attack require more resources on the part of the attacker.\n",
  "PotentialMitigations.2.Phase.0": "Architecture and Design",
  "PotentialMitigations.2.Description": "Ensure that protocols have specific limits of scale placed on them.",
  "PotentialMitigations.3.Phase.0": "Implementation",
  "PotentialMitigations.3.Description": "Ensure that all failures in resource allocation place the system into a safe posture.",
  "DemonstrativeExamples.0.Entries.0.IntroText": "The following example demonstrates the weakness.",
  "DemonstrativeExamples.0.Entries.1.Nature": "Bad",
  "DemonstrativeExamples.0.Entries.1.Language": "Java",
  "DemonstrativeExamples.0.Entries.1.ExampleCode": "```\n\tclass Worker implements Executor {\n\t\t\t...\n\t\t\tpublic void execute(Runnable r) {\n\t\t\t\t\ttry {\n\t\t\t\t\t\t...\n\t\t\t\t\t}\n\t\t\t\t\tcatch (InterruptedException ie) {\n```\n// postpone response* \n\t\t\t\t\t\t\tThread.currentThread().interrupt();}}\n\t\t\t\n\t\t\tpublic Worker(Channel ch, int nworkers) {\n\t\t\t```\n\t\t\t\t...\n\t\t\t}\n\t\t\tprotected void activate() {\n\t\t\t\t\tRunnable loop = new Runnable() {\n\t\t\t\t\t\t\tpublic void run() {\n\t\t\t\t\t\t\t\t\ttry {\n\t\t\t\t\t\t\t\t\t\tfor (;;) {\n\t\t\t\t\t\t\t\t\t\t\tRunnable r = ...;\n\t\t\t\t\t\t\t\t\t\t\tr.run();\n\t\t\t\t\t\t\t\t\t\t}\n\t\t\t\t\t\t\t\t\t}\n\t\t\t\t\t\t\t\t\tcatch (InterruptedException ie) {\n\t\t\t\t\t\t\t\t\t\t...\n\t\t\t\t\t\t\t\t\t}\n\t\t\t\t\t\t\t}\n\t\t\t\t\t};\n\t\t\t\t\tnew Thread(loop).start();\n\t\t\t}\n\t}\n```",
  "DemonstrativeExamples.0.Entries.2.BodyText": "There are no limits to runnables. Potentially an attacker could cause resource problems very quickly.",
  "DemonstrativeExamples.1.ID": "DX-25",
  "DemonstrativeExamples.1.Entries.0.IntroText": "This code allocates a socket and forks each time it receives a new connection.",
  "DemonstrativeExamples.1.Entries.1.Nature": "Bad",
  "DemonstrativeExamples.1.Entries.1.Language": "C",
  "DemonstrativeExamples.1.Entries.1.ExampleCode": "```\n\tsock=socket(AF_INET, SOCK_STREAM, 0);\n\twhile (1) {\n\t\tnewsock=accept(sock, ...);\n\t\tprintf(\"A connection has been accepted\\n\");\n\t\tpid = fork();\n\t}\n```",
  "DemonstrativeExamples.1.Entries.2.BodyText": "The program does not track how many connections have been made, and it does not limit the number of connections. Because forking is a relatively expensive operation, an attacker would be able to cause the system to run out of CPU, processes, or memory by making a large number of connections. Alternatively, an attacker could consume all available connections, preventing others from accessing the system remotely.",
  "DemonstrativeExamples.2.ID": "DX-50",
  "DemonstrativeExamples.2.Entries.0.IntroText": "In the following example a server socket connection is used to accept a request to store data on the local file system using a specified filename. The method openSocketConnection establishes a server socket to accept requests from a client. When a client establishes a connection to this service the getNextMessage method is first used to retrieve from the socket the name of the file to store the data, the openFileToWrite method will validate the filename and open a file to write to on the local file system. The getNextMessage is then used within a while loop to continuously read data from the socket and output the data to the file until there is no longer any data from the socket.",
  "DemonstrativeExamples.2.Entries.1.Nature": "Bad",
  "DemonstrativeExamples.2.Entries.1.Language": "C",
  "DemonstrativeExamples.2.Entries.1.ExampleCode": "```\n\tint writeDataFromSocketToFile(char *host, int port)\n\t{\n\t\t\tchar filename[FILENAME_SIZE];\n\t\t\tchar buffer[BUFFER_SIZE];\n\t\t\tint socket = openSocketConnection(host, port);\n\t\t\tif (socket < 0) {\n\t\t\t\tprintf(\"Unable to open socket connection\");\n\t\t\t\treturn(FAIL);\n\t\t\t}\n\t\t\tif (getNextMessage(socket, filename, FILENAME_SIZE) > 0) {\n\t\t\t\t\tif (openFileToWrite(filename) > 0) {\n\t\t\t\t\t\t\twhile (getNextMessage(socket, buffer, BUFFER_SIZE) > 0){\n\t\t\t\t\t\t\t\tif (!(writeToFile(buffer) > 0))\n\t\t\t\t\t\t\t\t\tbreak;\n\t\t\t\t\t\t\t}\n\t\t\t\t\t}\n\t\t\t\t\tcloseFile();\n\t\t\t}\n\t\t\tcloseSocket(socket);\n\t}\n```",
  "DemonstrativeExamples.2.Entries.2.BodyText": "This example creates a situation where data can be dumped to a file on the local file system without any limits on the size of the file. This could potentially exhaust file or disk resources and/or limit other clients' ability to access the service.",
  "DemonstrativeExamples.3.ID": "DX-51",
  "DemonstrativeExamples.3.Entries.0.IntroText": "In the following example, the processMessage method receives a two dimensional character array containing the message to be processed. The two-dimensional character array contains the length of the message in the first character array and the message body in the second character array. The getMessageLength method retrieves the integer value of the length from the first character array. After validating that the message length is greater than zero, the body character array pointer points to the start of the second character array of the two-dimensional character array and memory is allocated for the new body character array.",
  "DemonstrativeExamples.3.Entries.1.Nature": "Bad",
  "DemonstrativeExamples.3.Entries.1.Language": "C",
  "DemonstrativeExamples.3.Entries.1.ExampleCode": "```\n```\n/* process message accepts a two-dimensional character array of the form [length][body] containing the message to be processed */* \n\tint processMessage(char **message)\n\t{\n\t```\n\t\t\tchar *body;\n\t\t\tint length = getMessageLength(message[0]);\n\t\t\tif (length > 0) {\n\t\t\t\tbody = &message[1][0];\n\t\t\t\tprocessMessageBody(body);\n\t\t\t\treturn(SUCCESS);\n\t\t\t}\n\t\t\telse {\n\t\t\t\tprintf(\"Unable to process message; invalid message length\");\n\t\t\t\treturn(FAIL);\n\t\t\t}\n\t}\n```",
  "DemonstrativeExamples.3.Entries.2.BodyText": "This example creates a situation where the length of the body character array can be very large and will consume excessive memory, exhausting system resources. This can be avoided by restricting the length of the second character array with a maximum length check",
  "DemonstrativeExamples.3.Entries.3.BodyText": "Also, consider changing the type from 'int' to 'unsigned int', so that you are always guaranteed that the number is positive. This might not be possible if the protocol specifically requires allowing negative values, or if you cannot control the return value from getMessageLength(), but it could simplify the check to ensure the input is positive, and eliminate other errors such as signed-to-unsigned conversion errors (CWE-195) that may occur elsewhere in the code.",
  "DemonstrativeExamples.3.Entries.4.Nature": "Good",
  "DemonstrativeExamples.3.Entries.4.Language": "C",
  "DemonstrativeExamples.3.Entries.4.ExampleCode": "```\n\tunsigned int length = getMessageLength(message[0]);\n\tif ((length > 0) && (length < MAX_LENGTH)) {...}\n```",
  "DemonstrativeExamples.4.ID": "DX-52",
  "DemonstrativeExamples.4.Entries.0.IntroText": "In the following example, a server object creates a server socket and accepts client connections to the socket. For every client connection to the socket a separate thread object is generated using the ClientSocketThread class that handles request made by the client through the socket.",
  "DemonstrativeExamples.4.Entries.1.Nature": "Bad",
  "DemonstrativeExamples.4.Entries.1.Language": "Java",
  "DemonstrativeExamples.4.Entries.1.ExampleCode": "```\n\tpublic void acceptConnections() {\n\t\t\ttry {\n\t\t\t\tServerSocket serverSocket = new ServerSocket(SERVER_PORT);\n\t\t\t\tint counter = 0;\n\t\t\t\tboolean hasConnections = true;\n\t\t\t\twhile (hasConnections) {\n\t\t\t\t\tSocket client = serverSocket.accept();\n\t\t\t\t\tThread t = new Thread(new ClientSocketThread(client));\n\t\t\t\t\tt.setName(client.getInetAddress().getHostName() + \":\" + counter++);\n\t\t\t\t\tt.start();\n\t\t\t\t}\n\t\t\t\tserverSocket.close();\n\t\t\t} catch (IOException ex) {...}\n\t}\n```",
  "DemonstrativeExamples.4.Entries.2.BodyText": "In this example there is no limit to the number of client connections and client threads that are created. Allowing an unlimited number of client connections and threads could potentially overwhelm the system and system resources.",
  "DemonstrativeExamples.4.Entries.3.BodyText": "The server should limit the number of client connections and the client threads that are created. This can be easily done by creating a thread pool object that limits the number of threads that are generated.",
  "DemonstrativeExamples.4.Entries.4.Nature": "Good",
  "DemonstrativeExamples.4.Entries.4.Language": "Java",
  "DemonstrativeExamples.4.Entries.4.ExampleCode": "```\n\tpublic static final int SERVER_PORT = 4444;\n\tpublic static final int MAX_CONNECTIONS = 10;\n\t...\n\tpublic void acceptConnections() {\n\t\t\ttry {\n\t\t\t\tServerSocket serverSocket = new ServerSocket(SERVER_PORT);\n\t\t\t\tint counter = 0;\n\t\t\t\tboolean hasConnections = true;\n\t\t\t\twhile (hasConnections) {\n\t\t\t\t\thasConnections = checkForMoreConnections();\n\t\t\t\t\tSocket client = serverSocket.accept();\n\t\t\t\t\tThread t = new Thread(new ClientSocketThread(client));\n\t\t\t\t\tt.setName(client.getInetAddress().getHostName() + \":\" + counter++);\n\t\t\t\t\tExecutorService pool = Executors.newFixedThreadPool(MAX_CONNECTIONS);\n\t\t\t\t\tpool.execute(t);\n\t\t\t\t}\n\t\t\t\tserverSocket.close();\n\t\t\t} catch (IOException ex) {...}\n\t}\n```",
  "DemonstrativeExamples.5.Entries.0.IntroText": "In the following example, the serve function receives an http request and an http response writer. It reads the entire request body.",
  "DemonstrativeExamples.5.Entries.1.Nature": "Bad",
  "DemonstrativeExamples.5.Entries.1.Language": "Go",
  "DemonstrativeExamples.5.Entries.1.ExampleCode": "```\n\tfunc serve(w http.ResponseWriter, r *http.Request) { \n\t\t var body []byte\n\t\t if r.Body != nil {\n\t\t\t if data, err := io.ReadAll(r.Body); err == nil {\n\t\t\t\t body = data\n\t\t\t }\n\t\t }\n\t }\n```",
  "DemonstrativeExamples.5.Entries.2.BodyText": "Because ReadAll is defined to read from src until EOF, it does not treat an EOF from Read as an error to be reported. This example creates a situation where the length of the body supplied can be very large and will consume excessive memory, exhausting system resources. This can be avoided by ensuring the body does not exceed a predetermined length of bytes.",
  "DemonstrativeExamples.5.Entries.3.BodyText": "MaxBytesReader prevents clients from accidentally or maliciously sending a large request and wasting server resources. If possible, the code could be changed to tell ResponseWriter to close the connection after the limit has been reached.",
  "DemonstrativeExamples.5.Entries.4.Nature": "Good",
  "DemonstrativeExamples.5.Entries.4.Language": "Go",
  "DemonstrativeExamples.5.Entries.4.ExampleCode": "```\n\tfunc serve(w http.ResponseWriter, r *http.Request) { \n\t\t var body []byte\n\t\t const MaxRespBodyLength = 1e6\n\t\t if r.Body != nil {\n\t\t\t r.Body = http.MaxBytesReader(w, r.Body, MaxRespBodyLength)\n\t\t\t if data, err := io.ReadAll(r.Body); err == nil {\n\t\t\t\t body = data\n\t\t\t }\n\t\t }\n\t }\n```",
  "ObservedExamples.0.Reference": "CVE-2022-21668",
  "ObservedExamples.0.Description": "Chain: Python library does not limit the resources used to process images that specify a very large number of bands (CWE-1284), leading to excessive memory consumption (CWE-789) or an integer overflow (CWE-190).",
  "ObservedExamples.0.Link": "https://www.cve.org/CVERecord?id=CVE-2022-21668",
  "ObservedExamples.1.Reference": "CVE-2020-7218",
  "ObservedExamples.1.Description": "Go-based workload orchestrator does not limit resource usage with unauthenticated connections, allowing a DoS by flooding the service",
  "ObservedExamples.1.Link": "https://www.cve.org/CVERecord?id=CVE-2020-7218",
  "ObservedExamples.2.Reference": "CVE-2020-3566",
  "ObservedExamples.2.Description": "Resource exhaustion in distributed OS because of \"insufficient\" IGMP queue management, as exploited in the wild per CISA KEV.",
  "ObservedExamples.2.Link": "https://www.cve.org/CVERecord?id=CVE-2020-3566",
  "ObservedExamples.3.Reference": "CVE-2009-2874",
  "ObservedExamples.3.Description": "Product allows attackers to cause a crash via a large number of connections.",
  "ObservedExamples.3.Link": "https://www.cve.org/CVERecord?id=CVE-2009-2874",
  "ObservedExamples.4.Reference": "CVE-2009-1928",
  "ObservedExamples.4.Description": "Malformed request triggers uncontrolled recursion, leading to stack exhaustion.",
  "ObservedExamples.4.Link": "https://www.cve.org/CVERecord?id=CVE-2009-1928",
  "ObservedExamples.5.Reference": "CVE-2009-2858",
  "ObservedExamples.5.Description": "Chain: memory leak (CWE-404) leads to resource exhaustion.",
  "ObservedExamples.5.Link": "https://www.cve.org/CVERecord?id=CVE-2009-2858",
  "ObservedExamples.6.Reference": "CVE-2009-2726",
  "ObservedExamples.6.Description": "Driver does not use a maximum width when invoking sscanf style functions, causing stack consumption.",
  "ObservedExamples.6.Link": "https://www.cve.org/CVERecord?id=CVE-2009-2726",
  "ObservedExamples.7.Reference": "CVE-2009-2540",
  "ObservedExamples.7.Description": "Large integer value for a length property in an object causes a large amount of memory allocation.",
  "ObservedExamples.7.Link": "https://www.cve.org/CVERecord?id=CVE-2009-2540",
  "ObservedExamples.8.Reference": "CVE-2009-2299",
  "ObservedExamples.8.Description": "Web application firewall consumes excessive memory when an HTTP request contains a large Content-Length value but no POST data.",
  "ObservedExamples.8.Link": "https://www.cve.org/CVERecord?id=CVE-2009-2299",
  "ObservedExamples.9.Reference": "CVE-2009-2054",
  "ObservedExamples.9.Description": "Product allows exhaustion of file descriptors when processing a large number of TCP packets.",
  "ObservedExamples.9.Link": "https://www.cve.org/CVERecord?id=CVE-2009-2054",
  "ObservedExamples.10.Reference": "CVE-2008-5180",
  "ObservedExamples.10.Description": "Communication product allows memory consumption with a large number of SIP requests, which cause many sessions to be created.",
  "ObservedExamples.10.Link": "https://www.cve.org/CVERecord?id=CVE-2008-5180",
  "ObservedExamples.11.Reference": "CVE-2008-2121",
  "ObservedExamples.11.Description": "TCP implementation allows attackers to consume CPU and prevent new connections using a TCP SYN flood attack.",
  "ObservedExamples.11.Link": "https://www.cve.org/CVERecord?id=CVE-2008-2121",
  "ObservedExamples.12.Reference": "CVE-2008-2122",
  "ObservedExamples.12.Description": "Port scan triggers CPU consumption with processes that attempt to read data from closed sockets.",
  "ObservedExamples.12.Link": "https://www.cve.org/CVERecord?id=CVE-2008-2122",
  "ObservedExamples.13.Reference": "CVE-2008-1700",
  "ObservedExamples.13.Description": "Product allows attackers to cause a denial of service via a large number of directives, each of which opens a separate window.",
  "ObservedExamples.13.Link": "https://www.cve.org/CVERecord?id=CVE-2008-1700",
  "ObservedExamples.14.Reference": "CVE-2007-4103",
  "ObservedExamples.14.Description": "Product allows resource exhaustion via a large number of calls that do not complete a 3-way handshake.",
  "ObservedExamples.14.Link": "https://www.cve.org/CVERecord?id=CVE-2007-4103",
  "ObservedExamples.15.Reference": "CVE-2006-1173",
  "ObservedExamples.15.Description": "Mail server does not properly handle deeply nested multipart MIME messages, leading to stack exhaustion.",
  "ObservedExamples.15.Link": "https://www.cve.org/CVERecord?id=CVE-2006-1173",
  "ObservedExamples.16.Reference": "CVE-2007-0897",
  "ObservedExamples.16.Description": "Chain: anti-virus product encounters a malformed file but returns from a function without closing a file descriptor (CWE-775) leading to file descriptor consumption (CWE-400) and failed scans.",
  "ObservedExamples.16.Link": "https://www.cve.org/CVERecord?id=CVE-2007-0897",
  "TaxonomyMappings.0.TaxonomyName": "CLASP",
  "TaxonomyMappings.0.EntryName": "Resource exhaustion (file descriptor, disk space, sockets, ...)",
  "TaxonomyMappings.1.TaxonomyName": "OWASP Top Ten 2004",
  "TaxonomyMappings.1.EntryID": "A9",
  "TaxonomyMappings.1.EntryName": "Denial of Service",
  "TaxonomyMappings.1.MappingFit": "CWE More Specific",
  "TaxonomyMappings.2.TaxonomyName": "WASC",
  "TaxonomyMappings.2.EntryID": "10",
  "TaxonomyMappings.2.EntryName": "Denial of Service",
  "TaxonomyMappings.3.TaxonomyName": "WASC",
  "TaxonomyMappings.3.EntryID": "41",
  "TaxonomyMappings.3.EntryName": "XML Attribute Blowup",
  "TaxonomyMappings.4.TaxonomyName": "The CERT Oracle Secure Coding Standard for Java (2011)",
  "TaxonomyMappings.4.EntryID": "SER12-J",
  "TaxonomyMappings.4.EntryName": "Avoid memory and resource leaks during serialization",
  "TaxonomyMappings.5.TaxonomyName": "The CERT Oracle Secure Coding Standard for Java (2011)",
  "TaxonomyMappings.5.EntryID": "MSC05-J",
  "TaxonomyMappings.5.EntryName": "Do not exhaust heap space",
  "TaxonomyMappings.6.TaxonomyName": "Software Fault Patterns",
  "TaxonomyMappings.6.EntryID": "SFP13",
  "TaxonomyMappings.6.EntryName": "Unrestricted Consumption",
  "TaxonomyMappings.7.TaxonomyName": "ISA/IEC 62443",
  "TaxonomyMappings.7.EntryID": "Part 3-3",
  "TaxonomyMappings.7.EntryName": "Req SR 7.1",
  "TaxonomyMappings.8.TaxonomyName": "ISA/IEC 62443",
  "TaxonomyMappings.8.EntryID": "Part 3-3",
  "TaxonomyMappings.8.EntryName": "Req SR 7.2",
  "TaxonomyMappings.9.TaxonomyName": "ISA/IEC 62443",
  "TaxonomyMappings.9.EntryID": "Part 4-1",
  "TaxonomyMappings.9.EntryName": "Req SI-1",
  "TaxonomyMappings.10.TaxonomyName": "ISA/IEC 62443",
  "TaxonomyMappings.10.EntryID": "Part 4-1",
  "TaxonomyMappings.10.EntryName": "Req SVV-3",
  "TaxonomyMappings.11.TaxonomyName": "ISA/IEC 62443",
  "TaxonomyMappings.11.EntryID": "Part 4-2",
  "TaxonomyMappings.11.EntryName": "Req CR 7.1",
  "TaxonomyMappings.12.TaxonomyName": "ISA/IEC 62443",
  "TaxonomyMappings.12.EntryID": "Part 4-2",
  "TaxonomyMappings.12.EntryName": "Req CR 7.2",
  "RelatedAttackPatterns.0": "147",
  "RelatedAttackPatterns.1": "227",
  "RelatedAttackPatterns.2": "492",
  "References.0.ExternalReferenceID": "REF-18",
  "References.0.Authors.0": "Secure Software, Inc.",
  "References.0.Title": "The CLASP Application Security Process",
  "References.0.PublicationYear": "2005",
  "References.0.URL": "https://cwe.mitre.org/documents/sources/TheCLASPApplicationSecurityProcess.pdf",
  "References.0.URLDate": "2024-11-17",
  "References.1.ExternalReferenceID": "REF-386",
  "References.1.Authors.0": "Joao Antunes",
  "References.1.Authors.1": "Nuno Ferreira Neves",
  "References.1.Authors.2": "Paulo Verissimo",
  "References.1.Title": "Detection and Prediction of Resource-Exhaustion Vulnerabilities",
  "References.1.Publication": "Proceedings of the IEEE International Symposium on Software Reliability Engineering (ISSRE)",
  "References.1.PublicationYear": "2008",
  "References.1.PublicationMonth": "11",
  "References.1.URL": "http://homepages.di.fc.ul.pt/~nuno/PAPERS/ISSRE08.pdf",
  "References.2.ExternalReferenceID": "REF-387",
  "References.2.Authors.0": "D.J. Bernstein",
  "References.2.Title": "Resource exhaustion",
  "References.2.URL": "http://cr.yp.to/docs/resources.html",
  "References.3.ExternalReferenceID": "REF-388",
  "References.3.Authors.0": "Pascal Meunier",
  "References.3.Title": "Resource exhaustion",
  "References.3.Publication": "Secure Programming Educational Material",
  "References.3.PublicationYear": "2004",
  "References.3.URL": "http://homes.cerias.purdue.edu/~pmeunier/secprog/sanitized/class1/6.resource%20exhaustion.ppt",
  "References.4.ExternalReferenceID": "REF-7",
  "References.4.Section": "Chapter 17, \"Protecting Against Denial of Service Attacks\" Page 517",
  "References.4.Authors.0": "Michael Howard",
  "References.4.Authors.1": "David LeBlanc",
  "References.4.Title": "Writing Secure Code",
  "References.4.Edition": "2nd Edition",
  "References.4.PublicationYear": "2002",
  "References.4.PublicationMonth": "12",
  "References.4.PublicationDay": "04",
  "References.4.Publisher": "Microsoft Press",
  "References.4.URL": "https://www.microsoftpressstore.com/store/writing-secure-code-9780735617223",
  "MappingNotes.Usage": "Discouraged",
  "MappingNotes.Rationale": "CWE-400 is intended for incorrect behaviors in which the product is expected to track and restrict how many resources it consumes, but CWE-400 is often misused because it is conflated with the \"technical impact\" of vulnerabilities in which resource consumption occurs. It is sometimes used for low-information vulnerability reports. It is a level-1 Class (i.e., a child of a Pillar).",
  "MappingNotes.Comments": "Closely analyze the specific mistake that is causing resource consumption, and perform a CWE mapping for that mistake. Consider children/descendants such as CWE-770: Allocation of Resources Without Limits or Throttling, CWE-771: Missing Reference to Active Allocated Resource, CWE-410: Insufficient Resource Pool, CWE-772: Missing Release of Resource after Effective Lifetime, CWE-834: Excessive Iteration, CWE-405: Asymmetric Resource Consumption (Amplification), and others.",
  "MappingNotes.Reasons.0": "Frequent Misuse",
  "Notes.0.Type": "Maintenance",
  "Notes.0.Note": "\"Resource consumption\" could be interpreted as a consequence instead of an insecure behavior, so this entry is being considered for modification. It appears to be referenced too frequently when more precise mappings are available. Some of its children, such as CWE-771, might be better considered as a chain.",
  "Notes.1.Type": "Theoretical",
  "Notes.1.Note": "Vulnerability theory is largely about how behaviors and resources interact. \"Resource exhaustion\" can be regarded as either a consequence or an attack, depending on the perspective. This entry is an attempt to reflect the underlying weaknesses that enable these attacks (or consequences) to take place.",
  "Notes.2.Type": "Other",
  "Notes.2.Note": "\n\nDatabase queries that take a long time to process are good DoS targets. An attacker would have to write a few lines of Perl code to generate enough traffic to exceed the site's ability to keep up. This would effectively prevent authorized users from using the site at all. Resources can be exploited simply by ensuring that the target machine must do much more work and consume more resources in order to service a request than the attacker must do to initiate a request.\n\n\nA prime example of this can be found in old switches that were vulnerable to \"macof\" attacks (so named for a tool developed by Dugsong). These attacks flooded a switch with random IP and MAC address combinations, therefore exhausting the switch's cache, which held the information of which port corresponded to which MAC addresses. Once this cache was exhausted, the switch would fail in an insecure way and would begin to act simply as a hub, broadcasting all traffic on all ports and allowing for basic sniffing attacks.\n\n\nLimited resources include memory, file system storage, database connection pool entries, CPU, and others.\n",
  "Notes.3.Type": "Maintenance",
  "Notes.3.Note": "The Taxonomy_Mappings to ISA/IEC 62443 were added in CWE 4.10, but they are still under review and might change in future CWE versions. These draft mappings were performed by members of the \"Mapping CWE to 62443\" subgroup of the CWE-CAPEC ICS/OT Special Interest Group (SIG), and their work is incomplete as of CWE 4.10. The mappings are included to facilitate discussion and review by the broader ICS/OT community, and they are likely to change in future CWE versions.",
  "ContentHistory.0.Type": "Submission",
  "ContentHistory.0.SubmissionName": "CLASP",
  "ContentHistory.0.SubmissionDate": "2006-07-19",
  "ContentHistory.0.SubmissionVersion": "Draft 3",
  "ContentHistory.0.SubmissionReleaseDate": "2006-07-19",
  "ContentHistory.1.Type": "Modification",
  "ContentHistory.1.ModificationName": "Eric Dalci",
  "ContentHistory.1.ModificationOrganization": "Cigital",
  "ContentHistory.1.ModificationDate": "2008-07-01",
  "ContentHistory.1.ModificationComment": "updated Time_of_Introduction",
  "ContentHistory.2.Type": "Modification",
  "ContentHistory.2.ModificationOrganization": "Veracode",
  "ContentHistory.2.ModificationDate": "2008-08-15",
  "ContentHistory.2.ModificationComment": "Suggested OWASP Top Ten 2004 mapping",
  "ContentHistory.3.Type": "Modification",
  "ContentHistory.3.ModificationName": "CWE Content Team",
  "ContentHistory.3.ModificationOrganization": "MITRE",
  "ContentHistory.3.ModificationDate": "2008-09-08",
  "ContentHistory.3.ModificationComment": "updated Common_Consequences, Relationships, Other_Notes, Taxonomy_Mappings",
  "ContentHistory.4.Type": "Modification",
  "ContentHistory.4.ModificationName": "CWE Content Team",
  "ContentHistory.4.ModificationOrganization": "MITRE",
  "ContentHistory.4.ModificationDate": "2008-10-14",
  "ContentHistory.4.ModificationComment": "updated Description, Name, Relationships",
  "ContentHistory.5.Type": "Modification",
  "ContentHistory.5.ModificationName": "CWE Content Team",
  "ContentHistory.5.ModificationOrganization": "MITRE",
  "ContentHistory.5.ModificationDate": "2009-01-12",
  "ContentHistory.5.ModificationComment": "updated Description",
  "ContentHistory.6.Type": "Modification",
  "ContentHistory.6.ModificationName": "CWE Content Team",
  "ContentHistory.6.ModificationOrganization": "MITRE",
  "ContentHistory.6.ModificationDate": "2009-05-27",
  "ContentHistory.6.ModificationComment": "updated Name, Relationships",
  "ContentHistory.7.Type": "Modification",
  "ContentHistory.7.ModificationName": "CWE Content Team",
  "ContentHistory.7.ModificationOrganization": "MITRE",
  "ContentHistory.7.ModificationDate": "2009-07-27",
  "ContentHistory.7.ModificationComment": "updated Description, Relationships",
  "ContentHistory.8.Type": "Modification",
  "ContentHistory.8.ModificationName": "CWE Content Team",
  "ContentHistory.8.ModificationOrganization": "MITRE",
  "ContentHistory.8.ModificationDate": "2009-10-29",
  "ContentHistory.8.ModificationComment": "updated Relationships",
  "ContentHistory.9.Type": "Modification",
  "ContentHistory.9.ModificationName": "CWE Content Team",
  "ContentHistory.9.ModificationOrganization": "MITRE",
  "ContentHistory.9.ModificationDate": "2009-12-28",
  "ContentHistory.9.ModificationComment": "updated Common_Consequences, Demonstrative_Examples, Detection_Factors, Likelihood_of_Exploit, Observed_Examples, Other_Notes, Potential_Mitigations, References",
  "ContentHistory.10.Type": "Modification",
  "ContentHistory.10.ModificationName": "CWE Content Team",
  "ContentHistory.10.ModificationOrganization": "MITRE",
  "ContentHistory.10.ModificationDate": "2010-02-16",
  "ContentHistory.10.ModificationComment": "updated Detection_Factors, Potential_Mitigations, References, Taxonomy_Mappings",
  "ContentHistory.11.Type": "Modification",
  "ContentHistory.11.ModificationName": "CWE Content Team",
  "ContentHistory.11.ModificationOrganization": "MITRE",
  "ContentHistory.11.ModificationDate": "2010-04-05",
  "ContentHistory.11.ModificationComment": "updated Related_Attack_Patterns",
  "ContentHistory.12.Type": "Modification",
  "ContentHistory.12.ModificationName": "CWE Content Team",
  "ContentHistory.12.ModificationOrganization": "MITRE",
  "ContentHistory.12.ModificationDate": "2010-06-21",
  "ContentHistory.12.ModificationComment": "updated Description",
  "ContentHistory.13.Type": "Modification",
  "ContentHistory.13.ModificationName": "CWE Content Team",
  "ContentHistory.13.ModificationOrganization": "MITRE",
  "ContentHistory.13.ModificationDate": "2010-09-27",
  "ContentHistory.13.ModificationComment": "updated Demonstrative_Examples",
  "ContentHistory.14.Type": "Modification",
  "ContentHistory.14.ModificationName": "CWE Content Team",
  "ContentHistory.14.ModificationOrganization": "MITRE",
  "ContentHistory.14.ModificationDate": "2011-06-01",
  "ContentHistory.14.ModificationComment": "updated Common_Consequences, Relationships, Taxonomy_Mappings",
  "ContentHistory.15.Type": "Modification",
  "ContentHistory.15.ModificationName": "CWE Content Team",
  "ContentHistory.15.ModificationOrganization": "MITRE",
  "ContentHistory.15.ModificationDate": "2012-05-11",
  "ContentHistory.15.ModificationComment": "updated Demonstrative_Examples, Related_Attack_Patterns, Relationships, Taxonomy_Mappings",
  "ContentHistory.16.Type": "Modification",
  "ContentHistory.16.ModificationName": "CWE Content Team",
  "ContentHistory.16.ModificationOrganization": "MITRE",
  "ContentHistory.16.ModificationDate": "2013-07-17",
  "ContentHistory.16.ModificationComment": "updated Relationships",
  "ContentHistory.17.Type": "Modification",
  "ContentHistory.17.ModificationName": "CWE Content Team",
  "ContentHistory.17.ModificationOrganization": "MITRE",
  "ContentHistory.17.ModificationDate": "2014-07-30",
  "ContentHistory.17.ModificationComment": "updated Relationships, Taxonomy_Mappings",
  "ContentHistory.18.Type": "Modification",
  "ContentHistory.18.ModificationName": "CWE Content Team",
  "ContentHistory.18.ModificationOrganization": "MITRE",
  "ContentHistory.18.ModificationDate": "2015-12-07",
  "ContentHistory.18.ModificationComment": "updated Related_Attack_Patterns, Relationships",
  "ContentHistory.19.Type": "Modification",
  "ContentHistory.19.ModificationName": "CWE Content Team",
  "ContentHistory.19.ModificationOrganization": "MITRE",
  "ContentHistory.19.ModificationDate": "2017-01-19",
  "ContentHistory.19.ModificationComment": "updated Relationships",
  "ContentHistory.20.Type": "Modification",
  "ContentHistory.20.ModificationName": "CWE Content Team",
  "ContentHistory.20.ModificationOrganization": "MITRE",
  "ContentHistory.20.ModificationDate": "2017-11-08",
  "ContentHistory.20.ModificationComment": "updated Applicable_Platforms, Demonstrative_Examples, Likelihood_of_Exploit, Potential_Mitigations, References, Relationships",
  "ContentHistory.21.Type": "Modification",
  "ContentHistory.21.ModificationName": "CWE Content Team",
  "ContentHistory.21.ModificationOrganization": "MITRE",
  "ContentHistory.21.ModificationDate": "2018-03-27",
  "ContentHistory.21.ModificationComment": "updated References, Type",
  "ContentHistory.22.Type": "Modification",
  "ContentHistory.22.ModificationName": "CWE Content Team",
  "ContentHistory.22.ModificationOrganization": "MITRE",
  "ContentHistory.22.ModificationDate": "2019-01-03",
  "ContentHistory.22.ModificationComment": "updated Alternate_Terms, Description, Name, Relationships, Taxonomy_Mappings, Theoretical_Notes",
  "ContentHistory.23.Type": "Modification",
  "ContentHistory.23.ModificationName": "CWE Content Team",
  "ContentHistory.23.ModificationOrganization": "MITRE",
  "ContentHistory.23.ModificationDate": "2019-06-20",
  "ContentHistory.23.ModificationComment": "updated Related_Attack_Patterns, Relationships",
  "ContentHistory.24.Type": "Modification",
  "ContentHistory.24.ModificationName": "CWE Content Team",
  "ContentHistory.24.ModificationOrganization": "MITRE",
  "ContentHistory.24.ModificationDate": "2019-09-19",
  "ContentHistory.24.ModificationComment": "updated Description, Relationships",
  "ContentHistory.25.Type": "Modification",
  "ContentHistory.25.ModificationName": "CWE Content Team",
  "ContentHistory.25.ModificationOrganization": "MITRE",
  "ContentHistory.25.ModificationDate": "2020-02-24",
  "ContentHistory.25.ModificationComment": "updated Description, References, Related_Attack_Patterns, Relationships",
  "ContentHistory.26.Type": "Modification",
  "ContentHistory.26.ModificationName": "CWE Content Team",
  "ContentHistory.26.ModificationOrganization": "MITRE",
  "ContentHistory.26.ModificationDate": "2020-06-25",
  "ContentHistory.26.ModificationComment": "updated Description, Maintenance_Notes",
  "ContentHistory.27.Type": "Modification",
  "ContentHistory.27.ModificationName": "CWE Content Team",
  "ContentHistory.27.ModificationOrganization": "MITRE",
  "ContentHistory.27.ModificationDate": "2020-08-20",
  "ContentHistory.27.ModificationComment": "updated Relationships",
  "ContentHistory.28.Type": "Modification",
  "ContentHistory.28.ModificationName": "CWE Content Team",
  "ContentHistory.28.ModificationOrganization": "MITRE",
  "ContentHistory.28.ModificationDate": "2022-04-28",
  "ContentHistory.28.ModificationComment": "updated Related_Attack_Patterns",
  "ContentHistory.29.Type": "Modification",
  "ContentHistory.29.ModificationName": "CWE Content Team",
  "ContentHistory.29.ModificationOrganization": "MITRE",
  "ContentHistory.29.ModificationDate": "2022-06-28",
  "ContentHistory.29.ModificationComment": "updated Observed_Examples, Relationships",
  "ContentHistory.30.Type": "Modification",
  "ContentHistory.30.ModificationName": "CWE Content Team",
  "ContentHistory.30.ModificationOrganization": "MITRE",
  "ContentHistory.30.ModificationDate": "2022-10-13",
  "ContentHistory.30.ModificationComment": "updated Observed_Examples, Relationships",
  "ContentHistory.31.Type": "Modification",
  "ContentHistory.31.ModificationName": "CWE Content Team",
  "ContentHistory.31.ModificationOrganization": "MITRE",
  "ContentHistory.31.ModificationDate": "2023-01-31",
  "ContentHistory.31.ModificationComment": "updated Common_Consequences, Description, Detection_Factors, Maintenance_Notes, Related_Attack_Patterns, Taxonomy_Mappings",
  "ContentHistory.32.Type": "Modification",
  "ContentHistory.32.ModificationName": "CWE Content Team",
  "ContentHistory.32.ModificationOrganization": "MITRE",
  "ContentHistory.32.ModificationDate": "2023-04-27",
  "ContentHistory.32.ModificationComment": "updated Demonstrative_Examples, Relationships, Taxonomy_Mappings",
  "ContentHistory.33.Type": "Modification",
  "ContentHistory.33.ModificationName": "CWE Content Team",
  "ContentHistory.33.ModificationOrganization": "MITRE",
  "ContentHistory.33.ModificationDate": "2023-06-29",
  "ContentHistory.33.ModificationComment": "updated Mapping_Notes, Relationships",
  "ContentHistory.34.Type": "Modification",
  "ContentHistory.34.ModificationName": "CWE Content Team",
  "ContentHistory.34.ModificationOrganization": "MITRE",
  "ContentHistory.34.ModificationDate": "2024-11-19",
  "ContentHistory.34.ModificationComment": "updated Relationships",
  "ContentHistory.34.ModificationVersion": "4.16",
  "ContentHistory.34.ModificationReleaseDate": "2024-11-19",
  "ContentHistory.35.Type": "Modification",
  "ContentHistory.35.ModificationName": "CWE Content Team",
  "ContentHistory.35.ModificationOrganization": "MITRE",
  "ContentHistory.35.ModificationDate": "2025-04-03",
  "ContentHistory.35.ModificationComment": "updated Common_Consequences, Description, Diagram, Modes_of_Introduction, Other_Notes, Time_of_Introduction",
  "ContentHistory.35.ModificationVersion": "4.17",
  "ContentHistory.35.ModificationReleaseDate": "2025-04-03",
  "ContentHistory.36.Type": "Contribution",
  "ContentHistory.36.ContributionName": "\"Mapping CWE to 62443\" Sub-Working Group",
  "ContentHistory.36.ContributionOrganization": "CWE-CAPEC ICS/OT SIG",
  "ContentHistory.36.ContributionDate": "2023-01-24",
  "ContentHistory.36.ContributionComment": "Suggested mappings to ISA/IEC 62443.",
  "ContentHistory.36.ContributionType": "Content",
  "ContentHistory.36.ContributionVersion": "4.10",
  "ContentHistory.36.ContributionReleaseDate": "2023-01-31",
  "ContentHistory.37.Type": "Contribution",
  "ContentHistory.37.ContributionName": "\"Mapping CWE to 62443\" Sub-Working Group",
  "ContentHistory.37.ContributionOrganization": "CWE-CAPEC ICS/OT SIG",
  "ContentHistory.37.ContributionDate": "2023-04-25",
  "ContentHistory.37.ContributionComment": "Suggested mappings to ISA/IEC 62443.",
  "ContentHistory.37.ContributionType": "Content",
  "ContentHistory.38.Type": "Contribution",
  "ContentHistory.38.ContributionName": "Abhi Balakrishnan",
  "ContentHistory.38.ContributionDate": "2025-02-25",
  "ContentHistory.38.ContributionComment": "Provided diagram to improve CWE usability.",
  "ContentHistory.38.ContributionType": "Content",
  "ContentHistory.38.ContributionVersion": "4.17",
  "ContentHistory.38.ContributionReleaseDate": "2025-04-03",
  "ContentHistory.39.Type": "Rename",
  "ContentHistory.39.PreviousEntryName": "Resource Exhaustion",
  "ContentHistory.39.Date": "2008-10-14",
  "ContentHistory.40.Type": "Rename",
  "ContentHistory.40.PreviousEntryName": "Uncontrolled Resource Consumption (aka 'Resource Exhaustion')",
  "ContentHistory.40.Date": "2009-05-27",
  "ContentHistory.41.Type": "Rename",
  "ContentHistory.41.PreviousEntryName": "Uncontrolled Resource Consumption ('Resource Exhaustion')",
  "ContentHistory.41.Date": "2019-01-03"
}