{
  "ID": "787",
  "Name": "Out-of-bounds Write",
  "Abstraction": "Base",
  "Structure": "Simple",
  "Status": "Draft",
  "Diagram": "/data/images/CWE-787-Diagram.png",
  "Description": "The product writes data past the end, or before the beginning, of the intended buffer.",
  "LikelihoodOfExploit": "High",
  "RelatedWeaknesses.0.Nature": "ChildOf",
  "RelatedWeaknesses.0.CweID": "119",
  "RelatedWeaknesses.0.ViewID": "1000",
  "RelatedWeaknesses.0.Ordinal": "Primary",
  "RelatedWeaknesses.1.Nature": "ChildOf",
  "RelatedWeaknesses.1.CweID": "119",
  "RelatedWeaknesses.1.ViewID": "1003",
  "RelatedWeaknesses.1.Ordinal": "Primary",
  "RelatedWeaknesses.2.Nature": "ChildOf",
  "RelatedWeaknesses.2.CweID": "119",
  "RelatedWeaknesses.2.ViewID": "1305",
  "RelatedWeaknesses.2.Ordinal": "Primary",
  "RelatedWeaknesses.3.Nature": "ChildOf",
  "RelatedWeaknesses.3.CweID": "119",
  "RelatedWeaknesses.3.ViewID": "1340",
  "RelatedWeaknesses.3.Ordinal": "Primary",
  "WeaknessOrdinalities.0.Ordinality": "Resultant",
  "WeaknessOrdinalities.0.Description": "At the point when the product writes data to an invalid location, it is likely that a separate weakness already occurred earlier. For example, the product might alter an index, perform incorrect pointer arithmetic, initialize or release memory incorrectly, etc., thus referencing a memory location outside the buffer.",
  "ApplicablePlatforms.0.Type": "Language",
  "ApplicablePlatforms.0.Name": "C",
  "ApplicablePlatforms.0.Prevalence": "Often",
  "ApplicablePlatforms.1.Type": "Language",
  "ApplicablePlatforms.1.Name": "C++",
  "ApplicablePlatforms.1.Prevalence": "Often",
  "ApplicablePlatforms.2.Type": "Language",
  "ApplicablePlatforms.2.Class": "Assembly",
  "ApplicablePlatforms.2.Prevalence": "Undetermined",
  "ApplicablePlatforms.3.Type": "Technology",
  "ApplicablePlatforms.3.Class": "ICS/OT",
  "ApplicablePlatforms.3.Prevalence": "Often",
  "AlternateTerms.0.Term": "Memory Corruption",
  "AlternateTerms.0.Description": "Often used to describe the consequences of writing to memory outside the bounds of a buffer, or to memory that is otherwise invalid.",
  "ModesOfIntroduction.0.Phase": "Implementation",
  "CommonConsequences.0.Scope.0": "Integrity",
  "CommonConsequences.0.Impact.0": "Modify Memory",
  "CommonConsequences.0.Impact.1": "Execute Unauthorized Code or Commands",
  "CommonConsequences.0.Note": "Write operations could cause memory corruption. In some cases, an adversary can modify control data such as return addresses in order to execute unexpected code.",
  "CommonConsequences.1.Scope.0": "Availability",
  "CommonConsequences.1.Impact.0": "DoS: Crash, Exit, or Restart",
  "CommonConsequences.1.Note": "Attempting to access out-of-range, invalid, or unauthorized memory could cause the product to crash.",
  "CommonConsequences.2.Scope.0": "Other",
  "CommonConsequences.2.Impact.0": "Unexpected State",
  "CommonConsequences.2.Note": "Subsequent write operations can produce undefined or unexpected results.",
  "DetectionMethods.0.DetectionMethodID": "DM-1",
  "DetectionMethods.0.Method": "Automated Static Analysis",
  "DetectionMethods.0.Description": "\n\nThis weakness can often be detected using automated static analysis tools. Many modern tools use data flow analysis or constraint-based techniques to minimize the number of false positives.\n\n\nAutomated static analysis generally does not account for environmental considerations when reporting out-of-bounds memory operations. This can make it difficult for users to determine which warnings should be investigated first. For example, an analysis tool might report buffer overflows that originate from command line arguments in a program that is not expected to run with setuid or other special privileges.\n",
  "DetectionMethods.0.Effectiveness": "High",
  "DetectionMethods.0.EffectivenessNotes": "Detection techniques for buffer-related errors are more mature than for most other weakness types.",
  "DetectionMethods.1.DetectionMethodID": "DM-2",
  "DetectionMethods.1.Method": "Automated Dynamic Analysis",
  "DetectionMethods.1.Description": "This weakness can be detected using dynamic tools and techniques that interact with the software using large test suites with many diverse inputs, such as fuzz testing (fuzzing), robustness testing, and fault injection. The software's operation may slow down, but it should not become unstable, crash, or generate incorrect results.",
  "PotentialMitigations.0.MitigationID": "MIT-3",
  "PotentialMitigations.0.Phase.0": "Requirements",
  "PotentialMitigations.0.Strategy": "Language Selection",
  "PotentialMitigations.0.Description": "\n\nUse a language that does not allow this weakness to occur or provides constructs that make this weakness easier to avoid.\n\n\nFor example, many languages that perform their own memory management, such as Java and Perl, are not subject to buffer overflows. Other languages, such as Ada and C#, typically provide overflow protection, but the protection can be disabled by the programmer.\n\n\nBe wary that a language's interface to native code may still be subject to overflows, even if the language itself is theoretically safe.\n",
  "PotentialMitigations.1.MitigationID": "MIT-4.1",
  "PotentialMitigations.1.Phase.0": "Architecture and Design",
  "PotentialMitigations.1.Strategy": "Libraries or Frameworks",
  "PotentialMitigations.1.Description": "\n\nUse a vetted library or framework that does not allow this weakness to occur or provides constructs that make this weakness easier to avoid.\n\n\nExamples include the Safe C String Library (SafeStr) by Messier and Viega [REF-57], and the Strsafe.h library from Microsoft [REF-56]. These libraries provide safer versions of overflow-prone string-handling functions.\n",
  "PotentialMitigations.1.EffectivenessNotes": "This is not a complete solution, since many buffer overflows are not related to strings.",
  "PotentialMitigations.2.MitigationID": "MIT-10",
  "PotentialMitigations.2.Phase.0": "Operation",
  "PotentialMitigations.2.Phase.1": "Build and Compilation",
  "PotentialMitigations.2.Strategy": "Environment Hardening",
  "PotentialMitigations.2.Description": "\n\nUse automatic buffer overflow detection mechanisms that are offered by certain compilers or compiler extensions. Examples include: the Microsoft Visual Studio /GS flag, Fedora/Red Hat FORTIFY_SOURCE GCC flag, StackGuard, and ProPolice, which provide various mechanisms including canary-based detection and range/index checking. \n\n\n D3-SFCV (Stack Frame Canary Validation) from D3FEND [REF-1334] discusses canary-based detection in detail. \n",
  "PotentialMitigations.2.Effectiveness": "Defense in Depth",
  "PotentialMitigations.2.EffectivenessNotes": "\n\n This is not necessarily a complete solution, since these mechanisms only detect certain types of overflows. In addition, the result is still a denial of service, since the typical response is to exit the application. \n",
  "PotentialMitigations.3.MitigationID": "MIT-9",
  "PotentialMitigations.3.Phase.0": "Implementation",
  "PotentialMitigations.3.Description": "\n\nConsider adhering to the following rules when allocating and managing an application's memory:\n\n\n  - Double check that the buffer is as large as specified.\n\n  - When using functions that accept a number of bytes to copy, such as strncpy(), be aware that if the destination buffer size is equal to the source buffer size, it may not NULL-terminate the string.\n\n  - Check buffer boundaries if accessing the buffer in a loop and make sure there is no danger of writing past the allocated space.\n\n  - If necessary, truncate all input strings to a reasonable length before passing them to the copy and concatenation functions.\n\n",
  "PotentialMitigations.4.MitigationID": "MIT-11",
  "PotentialMitigations.4.Phase.0": "Operation",
  "PotentialMitigations.4.Phase.1": "Build and Compilation",
  "PotentialMitigations.4.Strategy": "Environment Hardening",
  "PotentialMitigations.4.Description": "\n\nRun or compile the software using features or extensions that randomly arrange the positions of a program's executable and libraries in memory. Because this makes the addresses unpredictable, it can prevent an attacker from reliably jumping to exploitable code. \n\n\n Examples include Address Space Layout Randomization (ASLR) [REF-58] [REF-60] and Position-Independent Executables (PIE) [REF-64]. Imported modules may be similarly realigned if their default memory addresses conflict with other modules, in a process known as \"rebasing\" (for Windows) and \"prelinking\" (for Linux) [REF-1332] using randomly generated addresses. ASLR for libraries cannot be used in conjunction with prelink since it would require relocating the libraries at run-time, defeating the whole purpose of prelinking. \n\n\n For more information on these techniques see D3-SAOR (Segment Address Offset Randomization) from D3FEND [REF-1335]. \n",
  "PotentialMitigations.4.Effectiveness": "Defense in Depth",
  "PotentialMitigations.4.EffectivenessNotes": "These techniques do not provide a complete solution. For instance, exploits frequently use a bug that discloses memory addresses in order to maximize reliability of code execution [REF-1337]. It has also been shown that a side-channel attack can bypass ASLR [REF-1333].",
  "PotentialMitigations.5.MitigationID": "MIT-12",
  "PotentialMitigations.5.Phase.0": "Operation",
  "PotentialMitigations.5.Strategy": "Environment Hardening",
  "PotentialMitigations.5.Description": "\n\n Use a CPU and operating system that offers Data Execution Protection (using hardware NX or XD bits) or the equivalent techniques that simulate this feature in software, such as PaX [REF-60] [REF-61]. These techniques ensure that any instruction executed is exclusively at a memory address that is part of the code segment. \n\n\n For more information on these techniques see D3-PSEP (Process Segment Execution Prevention) from D3FEND [REF-1336]. \n",
  "PotentialMitigations.5.Effectiveness": "Defense in Depth",
  "PotentialMitigations.5.EffectivenessNotes": "This is not a complete solution, since buffer overflows could be used to overwrite nearby variables to modify the software's state in dangerous ways. In addition, it cannot be used in cases in which self-modifying code is required. Finally, an attack could still cause a denial of service, since the typical response is to exit the application.",
  "PotentialMitigations.6.MitigationID": "MIT-13",
  "PotentialMitigations.6.Phase.0": "Implementation",
  "PotentialMitigations.6.Description": "Replace unbounded copy functions with analogous functions that support length arguments, such as strcpy with strncpy. Create these if they are not available.",
  "PotentialMitigations.6.Effectiveness": "Moderate",
  "PotentialMitigations.6.EffectivenessNotes": "This approach is still susceptible to calculation errors, including issues such as off-by-one errors (CWE-193) and incorrectly calculating buffer lengths (CWE-131).",
  "DemonstrativeExamples.0.Entries.0.IntroText": "The following code attempts to save four different identification numbers into an array.",
  "DemonstrativeExamples.0.Entries.1.Nature": "Bad",
  "DemonstrativeExamples.0.Entries.1.Language": "C",
  "DemonstrativeExamples.0.Entries.1.ExampleCode": "```\n\tint id_sequence[3];\n\t/* Populate the id array. */\n\tid_sequence[0] = 123;\n\tid_sequence[1] = 234;\n\tid_sequence[2] = 345;\n\tid_sequence[3] = 456;\n```",
  "DemonstrativeExamples.0.Entries.2.BodyText": "Since the array is only allocated to hold three elements, the valid indices are 0 to 2; so, the assignment to id_sequence[3] is out of bounds.",
  "DemonstrativeExamples.1.ID": "DX-114",
  "DemonstrativeExamples.1.Entries.0.IntroText": "In the following code, it is possible to request that memcpy move a much larger segment of memory than assumed:",
  "DemonstrativeExamples.1.Entries.1.Nature": "Bad",
  "DemonstrativeExamples.1.Entries.1.Language": "C",
  "DemonstrativeExamples.1.Entries.1.ExampleCode": "```\n\tint returnChunkSize(void *) {\n```\n/* if chunk info is valid, return the size of usable memory,* \n\t\t\t\n\t\t\t\n\t\t\t ** else, return -1 to indicate an error* \n\t\t\t\n\t\t\t\n\t\t\t **/* \n\t\t\t...}\n\tint main() {\n\t```\n\t\t...\n\t\tmemcpy(destBuf, srcBuf, (returnChunkSize(destBuf)-1));\n\t\t...\n\t}\n```",
  "DemonstrativeExamples.1.Entries.2.BodyText": "If returnChunkSize() happens to encounter an error it will return -1. Notice that the return value is not checked before the memcpy operation (CWE-252), so -1 can be passed as the size argument to memcpy() (CWE-805). Because memcpy() assumes that the value is unsigned, it will be interpreted as MAXINT-1 (CWE-195), and therefore will copy far more memory than is likely available to the destination buffer (CWE-787, CWE-788).",
  "DemonstrativeExamples.2.ID": "DX-1",
  "DemonstrativeExamples.2.Entries.0.IntroText": "This code takes an IP address from the user and verifies that it is well formed. It then looks up the hostname and copies it into a buffer.",
  "DemonstrativeExamples.2.Entries.1.Nature": "Bad",
  "DemonstrativeExamples.2.Entries.1.Language": "C",
  "DemonstrativeExamples.2.Entries.1.ExampleCode": "```\n\tvoid host_lookup(char *user_supplied_addr){\n\t\t\tstruct hostent *hp;\n\t\t\tin_addr_t *addr;\n\t\t\tchar hostname[64];\n\t\t\tin_addr_t inet_addr(const char *cp);\n```\n/*routine that ensures user_supplied_addr is in the right format for conversion */* \n\t\t\t\n\t\t\tvalidate_addr_form(user_supplied_addr);\n\t\t\taddr = inet_addr(user_supplied_addr);\n\t\t\thp = gethostbyaddr( addr, sizeof(struct in_addr), AF_INET);\n\t\t\tstrcpy(hostname, hp->h_name);}",
  "DemonstrativeExamples.2.Entries.2.BodyText": "This function allocates a buffer of 64 bytes to store the hostname. However, there is no guarantee that the hostname will not be larger than 64 bytes. If an attacker specifies an address which resolves to a very large hostname, then the function may overwrite sensitive data or even relinquish control flow to the attacker.",
  "DemonstrativeExamples.2.Entries.3.BodyText": "Note that this example also contains an unchecked return value (CWE-252) that can lead to a NULL pointer dereference (CWE-476).",
  "DemonstrativeExamples.3.ID": "DX-19",
  "DemonstrativeExamples.3.Entries.0.IntroText": "This code applies an encoding procedure to an input string and stores it into a buffer.",
  "DemonstrativeExamples.3.Entries.1.Nature": "Bad",
  "DemonstrativeExamples.3.Entries.1.Language": "C",
  "DemonstrativeExamples.3.Entries.1.ExampleCode": "```\n\tchar * copy_input(char *user_supplied_string){\n\t\t\tint i, dst_index;\n\t\t\tchar *dst_buf = (char*)malloc(4*sizeof(char) * MAX_SIZE);\n\t\t\tif ( MAX_SIZE <= strlen(user_supplied_string) ){\n\t\t\t\tdie(\"user string too long, die evil hacker!\");\n\t\t\t}\n\t\t\tdst_index = 0;\n\t\t\tfor ( i = 0; i < strlen(user_supplied_string); i++ ){\n\t\t\t\t\tif( '&' == user_supplied_string[i] ){\n\t\t\t\t\t\tdst_buf[dst_index++] = '&';\n\t\t\t\t\t\tdst_buf[dst_index++] = 'a';\n\t\t\t\t\t\tdst_buf[dst_index++] = 'm';\n\t\t\t\t\t\tdst_buf[dst_index++] = 'p';\n\t\t\t\t\t\tdst_buf[dst_index++] = ';';\n\t\t\t\t\t}\n\t\t\t\t\telse if ('<' == user_supplied_string[i] ){\n```\n/* encode to &lt; */* \n\t\t\t\t\t\t\t}\n\t\t\t\t\telse dst_buf[dst_index++] = user_supplied_string[i];}\n\t\t\treturn dst_buf;}",
  "DemonstrativeExamples.3.Entries.2.BodyText": "The programmer attempts to encode the ampersand character in the user-controlled string. However, the length of the string is validated before the encoding procedure is applied. Furthermore, the programmer assumes encoding expansion will only expand a given character by a factor of 4, while the encoding of the ampersand expands by 5. As a result, when the encoding procedure expands the string it is possible to overflow the destination buffer if the attacker provides a string of many ampersands.",
  "DemonstrativeExamples.4.ID": "DX-87",
  "DemonstrativeExamples.4.Entries.0.IntroText": "In the following C/C++ code, a utility function is used to trim trailing whitespace from a character string. The function copies the input string to a local character string and uses a while statement to remove the trailing whitespace by moving backward through the string and overwriting whitespace with a NUL character.",
  "DemonstrativeExamples.4.Entries.1.Nature": "Bad",
  "DemonstrativeExamples.4.Entries.1.Language": "C",
  "DemonstrativeExamples.4.Entries.1.ExampleCode": "```\n\tchar* trimTrailingWhitespace(char *strMessage, int length) {\n\t\t\tchar *retMessage;\n\t\t\tchar *message = malloc(sizeof(char)*(length+1));\n```\n// copy input string to a temporary string* \n\t\t\tchar message[length+1];\n\t\t\tint index;\n\t\t\tfor (index = 0; index < length; index++) {\n\t\t\t```\n\t\t\t\tmessage[index] = strMessage[index];\n\t\t\t}\n\t\t\tmessage[index] = '\\0';\n```\n// trim trailing whitespace* \n\t\t\tint len = index-1;\n\t\t\twhile (isspace(message[len])) {\n\t\t\t```\n\t\t\t\tmessage[len] = '\\0';\n\t\t\t\tlen--;\n\t\t\t}\n```\n// return string without trailing whitespace* \n\t\t\tretMessage = message;\n\t\t\treturn retMessage;}",
  "DemonstrativeExamples.4.Entries.2.BodyText": "However, this function can cause a buffer underwrite if the input character string contains all whitespace. On some systems the while statement will move backwards past the beginning of a character string and will call the isspace() function on an address outside of the bounds of the local buffer.",
  "DemonstrativeExamples.5.ID": "DX-20",
  "DemonstrativeExamples.5.Entries.0.IntroText": "The following code allocates memory for a maximum number of widgets. It then gets a user-specified number of widgets, making sure that the user does not request too many. It then initializes the elements of the array using InitializeWidget(). Because the number of widgets can vary for each request, the code inserts a NULL pointer to signify the location of the last widget.",
  "DemonstrativeExamples.5.Entries.1.Nature": "Bad",
  "DemonstrativeExamples.5.Entries.1.Language": "C",
  "DemonstrativeExamples.5.Entries.1.ExampleCode": "```\n\tint i;\n\tunsigned int numWidgets;\n\tWidget **WidgetList;\n\tnumWidgets = GetUntrustedSizeValue();\n\tif ((numWidgets == 0) || (numWidgets > MAX_NUM_WIDGETS)) {\n\t\tExitError(\"Incorrect number of widgets requested!\");\n\t}\n\tWidgetList = (Widget **)malloc(numWidgets * sizeof(Widget *));\n\tprintf(\"WidgetList ptr=%p\\n\", WidgetList);\n\tfor(i=0; i<numWidgets; i++) {\n\t\tWidgetList[i] = InitializeWidget();\n\t}\n\tWidgetList[numWidgets] = NULL;\n\tshowWidgets(WidgetList);\n```",
  "DemonstrativeExamples.5.Entries.2.BodyText": "However, this code contains an off-by-one calculation error (CWE-193). It allocates exactly enough space to contain the specified number of widgets, but it does not include the space for the NULL pointer. As a result, the allocated buffer is smaller than it is supposed to be (CWE-131). So if the user ever requests MAX_NUM_WIDGETS, there is an out-of-bounds write (CWE-787) when the NULL is assigned. Depending on the environment and compilation settings, this could cause memory corruption.",
  "DemonstrativeExamples.6.ID": "DX-88",
  "DemonstrativeExamples.6.Entries.0.IntroText": "The following is an example of code that may result in a buffer underwrite. This code is attempting to replace the substring \"Replace Me\" in destBuf with the string stored in srcBuf. It does so by using the function strstr(), which returns a pointer to the found substring in destBuf. Using pointer arithmetic, the starting index of the substring is found.",
  "DemonstrativeExamples.6.Entries.1.Nature": "Bad",
  "DemonstrativeExamples.6.Entries.1.Language": "C",
  "DemonstrativeExamples.6.Entries.1.ExampleCode": "```\n\tint main() { \n\t\t...\n\t\t char *result = strstr(destBuf, \"Replace Me\");\n\t\t int idx = result - destBuf;\n\t\t strcpy(&destBuf[idx], srcBuf);\n\t\t ...\n\t} \n```",
  "DemonstrativeExamples.6.Entries.2.BodyText": "In the case where the substring is not found in destBuf, strstr() will return NULL, causing the pointer arithmetic to be undefined, potentially setting the value of idx to a negative number. If idx is negative, this will result in a buffer underwrite of destBuf.",
  "ObservedExamples.0.Reference": "CVE-2025-27363",
  "ObservedExamples.0.Description": "Font rendering library does not properly handle assigning a signed short value to an unsigned long (CWE-195), leading to an integer wraparound (CWE-190), causing too small of a buffer (CWE-131), leading to an out-of-bounds write (CWE-787).",
  "ObservedExamples.0.Link": "https://www.cve.org/CVERecord?id=CVE-2025-27363",
  "ObservedExamples.1.Reference": "CVE-2023-1017",
  "ObservedExamples.1.Description": "The reference implementation code for a Trusted Platform Module does not implement length checks on data, allowing for an attacker to write 2 bytes past the end of a buffer.",
  "ObservedExamples.1.Link": "https://www.cve.org/CVERecord?id=CVE-2023-1017",
  "ObservedExamples.2.Reference": "CVE-2021-21220",
  "ObservedExamples.2.Description": "Chain: insufficient input validation (CWE-20) in browser allows heap corruption (CWE-787), as exploited in the wild per CISA KEV.",
  "ObservedExamples.2.Link": "https://www.cve.org/CVERecord?id=CVE-2021-21220",
  "ObservedExamples.3.Reference": "CVE-2021-28664",
  "ObservedExamples.3.Description": "GPU kernel driver allows memory corruption because a user can obtain read/write access to read-only pages, as exploited in the wild per CISA KEV.",
  "ObservedExamples.3.Link": "https://www.cve.org/CVERecord?id=CVE-2021-28664",
  "ObservedExamples.4.Reference": "CVE-2020-17087",
  "ObservedExamples.4.Description": "Chain: integer truncation (CWE-197) causes small buffer allocation (CWE-131) leading to out-of-bounds write (CWE-787) in kernel pool, as exploited in the wild per CISA KEV.",
  "ObservedExamples.4.Link": "https://www.cve.org/CVERecord?id=CVE-2020-17087",
  "ObservedExamples.5.Reference": "CVE-2020-1054",
  "ObservedExamples.5.Description": "Out-of-bounds write in kernel-mode driver, as exploited in the wild per CISA KEV.",
  "ObservedExamples.5.Link": "https://www.cve.org/CVERecord?id=CVE-2020-1054",
  "ObservedExamples.6.Reference": "CVE-2020-0041",
  "ObservedExamples.6.Description": "Escape from browser sandbox using out-of-bounds write due to incorrect bounds check, as exploited in the wild per CISA KEV.",
  "ObservedExamples.6.Link": "https://www.cve.org/CVERecord?id=CVE-2020-0041",
  "ObservedExamples.7.Reference": "CVE-2020-0968",
  "ObservedExamples.7.Description": "Memory corruption in web browser scripting engine, as exploited in the wild per CISA KEV.",
  "ObservedExamples.7.Link": "https://www.cve.org/CVERecord?id=CVE-2020-0968",
  "ObservedExamples.8.Reference": "CVE-2020-0022",
  "ObservedExamples.8.Description": "chain: mobile phone Bluetooth implementation does not include offset when calculating packet length (CWE-682), leading to out-of-bounds write (CWE-787)",
  "ObservedExamples.8.Link": "https://www.cve.org/CVERecord?id=CVE-2020-0022",
  "ObservedExamples.9.Reference": "CVE-2019-1010006",
  "ObservedExamples.9.Description": "Chain: compiler optimization (CWE-733) removes or modifies code used to detect integer overflow (CWE-190), allowing out-of-bounds write (CWE-787).",
  "ObservedExamples.9.Link": "https://www.cve.org/CVERecord?id=CVE-2019-1010006",
  "ObservedExamples.10.Reference": "CVE-2009-1532",
  "ObservedExamples.10.Description": "malformed inputs cause accesses of uninitialized or previously-deleted objects, leading to memory corruption",
  "ObservedExamples.10.Link": "https://www.cve.org/CVERecord?id=CVE-2009-1532",
  "ObservedExamples.11.Reference": "CVE-2009-0269",
  "ObservedExamples.11.Description": "chain: -1 value from a function call was intended to indicate an error, but is used as an array index instead.",
  "ObservedExamples.11.Link": "https://www.cve.org/CVERecord?id=CVE-2009-0269",
  "ObservedExamples.12.Reference": "CVE-2002-2227",
  "ObservedExamples.12.Description": "Unchecked length of SSLv2 challenge value leads to buffer underflow.",
  "ObservedExamples.12.Link": "https://www.cve.org/CVERecord?id=CVE-2002-2227",
  "ObservedExamples.13.Reference": "CVE-2007-4580",
  "ObservedExamples.13.Description": "Buffer underflow from a small size value with a large buffer (length parameter inconsistency, CWE-130)",
  "ObservedExamples.13.Link": "https://www.cve.org/CVERecord?id=CVE-2007-4580",
  "ObservedExamples.14.Reference": "CVE-2007-4268",
  "ObservedExamples.14.Description": "Chain: integer signedness error (CWE-195) passes signed comparison, leading to heap overflow (CWE-122)",
  "ObservedExamples.14.Link": "https://www.cve.org/CVERecord?id=CVE-2007-4268",
  "ObservedExamples.15.Reference": "CVE-2009-2550",
  "ObservedExamples.15.Description": "Classic stack-based buffer overflow in media player using a long entry in a playlist",
  "ObservedExamples.15.Link": "https://www.cve.org/CVERecord?id=CVE-2009-2550",
  "ObservedExamples.16.Reference": "CVE-2009-2403",
  "ObservedExamples.16.Description": "Heap-based buffer overflow in media player using a long entry in a playlist",
  "ObservedExamples.16.Link": "https://www.cve.org/CVERecord?id=CVE-2009-2403",
  "TaxonomyMappings.0.TaxonomyName": "ISA/IEC 62443",
  "TaxonomyMappings.0.EntryID": "Part 3-3",
  "TaxonomyMappings.0.EntryName": "Req SR 3.5",
  "TaxonomyMappings.1.TaxonomyName": "ISA/IEC 62443",
  "TaxonomyMappings.1.EntryID": "Part 4-1",
  "TaxonomyMappings.1.EntryName": "Req SI-1",
  "TaxonomyMappings.2.TaxonomyName": "ISA/IEC 62443",
  "TaxonomyMappings.2.EntryID": "Part 4-1",
  "TaxonomyMappings.2.EntryName": "Req SI-2",
  "TaxonomyMappings.3.TaxonomyName": "ISA/IEC 62443",
  "TaxonomyMappings.3.EntryID": "Part 4-1",
  "TaxonomyMappings.3.EntryName": "Req SVV-1",
  "TaxonomyMappings.4.TaxonomyName": "ISA/IEC 62443",
  "TaxonomyMappings.4.EntryID": "Part 4-1",
  "TaxonomyMappings.4.EntryName": "Req SVV-3",
  "TaxonomyMappings.5.TaxonomyName": "ISA/IEC 62443",
  "TaxonomyMappings.5.EntryID": "Part 4-2",
  "TaxonomyMappings.5.EntryName": "Req CR 3.5",
  "References.0.ExternalReferenceID": "REF-1029",
  "References.0.Authors.0": "Aleph One",
  "References.0.Title": "Smashing The Stack For Fun And Profit",
  "References.0.PublicationYear": "1996",
  "References.0.PublicationMonth": "11",
  "References.0.PublicationDay": "08",
  "References.0.URL": "http://phrack.org/issues/49/14.html",
  "References.1.ExternalReferenceID": "REF-7",
  "References.1.Section": "Chapter 5, \"Stack Overruns\" Page 129",
  "References.1.Authors.0": "Michael Howard",
  "References.1.Authors.1": "David LeBlanc",
  "References.1.Title": "Writing Secure Code",
  "References.1.Edition": "2nd Edition",
  "References.1.PublicationYear": "2002",
  "References.1.PublicationMonth": "12",
  "References.1.PublicationDay": "04",
  "References.1.Publisher": "Microsoft Press",
  "References.1.URL": "https://www.microsoftpressstore.com/store/writing-secure-code-9780735617223",
  "References.2.ExternalReferenceID": "REF-7",
  "References.2.Section": "Chapter 5, \"Heap Overruns\" Page 138",
  "References.2.Authors.0": "Michael Howard",
  "References.2.Authors.1": "David LeBlanc",
  "References.2.Title": "Writing Secure Code",
  "References.2.Edition": "2nd Edition",
  "References.2.PublicationYear": "2002",
  "References.2.PublicationMonth": "12",
  "References.2.PublicationDay": "04",
  "References.2.Publisher": "Microsoft Press",
  "References.2.URL": "https://www.microsoftpressstore.com/store/writing-secure-code-9780735617223",
  "References.3.ExternalReferenceID": "REF-44",
  "References.3.Section": "\"Sin 5: Buffer Overruns.\" Page 89",
  "References.3.Authors.0": "Michael Howard",
  "References.3.Authors.1": "David LeBlanc",
  "References.3.Authors.2": "John Viega",
  "References.3.Title": "24 Deadly Sins of Software Security",
  "References.3.Publication": "McGraw-Hill",
  "References.3.PublicationYear": "2010",
  "References.4.ExternalReferenceID": "REF-62",
  "References.4.Section": "Chapter 3, \"Nonexecutable Stack\", Page 76",
  "References.4.Authors.0": "Mark Dowd",
  "References.4.Authors.1": "John McDonald",
  "References.4.Authors.2": "Justin Schuh",
  "References.4.Title": "The Art of Software Security Assessment",
  "References.4.Edition": "1st Edition",
  "References.4.PublicationYear": "2006",
  "References.4.Publisher": "Addison Wesley",
  "References.5.ExternalReferenceID": "REF-62",
  "References.5.Section": "Chapter 5, \"Protection Mechanisms\", Page 189",
  "References.5.Authors.0": "Mark Dowd",
  "References.5.Authors.1": "John McDonald",
  "References.5.Authors.2": "Justin Schuh",
  "References.5.Title": "The Art of Software Security Assessment",
  "References.5.Edition": "1st Edition",
  "References.5.PublicationYear": "2006",
  "References.5.Publisher": "Addison Wesley",
  "References.6.ExternalReferenceID": "REF-90",
  "References.6.Title": "Buffer UNDERFLOWS: What do you know about it?",
  "References.6.Publication": "Vuln-Dev Mailing List",
  "References.6.PublicationYear": "2004",
  "References.6.PublicationMonth": "01",
  "References.6.PublicationDay": "10",
  "References.6.URL": "https://seclists.org/vuln-dev/2004/Jan/22",
  "References.6.URLDate": "2023-04-07",
  "References.7.ExternalReferenceID": "REF-56",
  "References.7.Authors.0": "Microsoft",
  "References.7.Title": "Using the Strsafe.h Functions",
  "References.7.URL": "https://learn.microsoft.com/en-us/windows/win32/menurc/strsafe-ovw?redirectedfrom=MSDN",
  "References.7.URLDate": "2023-04-07",
  "References.8.ExternalReferenceID": "REF-57",
  "References.8.Authors.0": "Matt Messier",
  "References.8.Authors.1": "John Viega",
  "References.8.Title": "Safe C String Library v1.0.3",
  "References.8.URL": "http://www.gnu-darwin.org/www001/ports-1.5a-CURRENT/devel/safestr/work/safestr-1.0.3/doc/safestr.html",
  "References.8.URLDate": "2023-04-07",
  "References.9.ExternalReferenceID": "REF-58",
  "References.9.Authors.0": "Michael Howard",
  "References.9.Title": "Address Space Layout Randomization in Windows Vista",
  "References.9.URL": "https://learn.microsoft.com/en-us/archive/blogs/michael_howard/address-space-layout-randomization-in-windows-vista",
  "References.9.URLDate": "2023-04-07",
  "References.10.ExternalReferenceID": "REF-60",
  "References.10.Title": "PaX",
  "References.10.URL": "https://en.wikipedia.org/wiki/Executable_space_protection#PaX",
  "References.10.URLDate": "2023-04-07",
  "References.11.ExternalReferenceID": "REF-61",
  "References.11.Authors.0": "Microsoft",
  "References.11.Title": "Understanding DEP as a mitigation technology part 1",
  "References.11.URL": "https://msrc.microsoft.com/blog/2009/06/understanding-dep-as-a-mitigation-technology-part-1/",
  "References.11.URLDate": "2023-04-07",
  "References.12.ExternalReferenceID": "REF-64",
  "References.12.Authors.0": "Grant Murphy",
  "References.12.Title": "Position Independent Executables (PIE)",
  "References.12.PublicationYear": "2012",
  "References.12.PublicationMonth": "11",
  "References.12.PublicationDay": "28",
  "References.12.Publisher": "Red Hat",
  "References.12.URL": "https://www.redhat.com/en/blog/position-independent-executables-pie",
  "References.12.URLDate": "2023-04-07",
  "References.13.ExternalReferenceID": "REF-1332",
  "References.13.Authors.0": "John Richard Moser",
  "References.13.Title": "Prelink and address space randomization",
  "References.13.PublicationYear": "2006",
  "References.13.PublicationMonth": "07",
  "References.13.PublicationDay": "05",
  "References.13.URL": "https://lwn.net/Articles/190139/",
  "References.13.URLDate": "2023-04-26",
  "References.14.ExternalReferenceID": "REF-1333",
  "References.14.Authors.0": "Dmitry Evtyushkin, Dmitry Ponomarev, Nael Abu-Ghazaleh",
  "References.14.Title": "Jump Over ASLR: Attacking Branch Predictors to Bypass ASLR",
  "References.14.PublicationYear": "2016",
  "References.14.URL": "http://www.cs.ucr.edu/~nael/pubs/micro16.pdf",
  "References.14.URLDate": "2023-04-26",
  "References.15.ExternalReferenceID": "REF-1334",
  "References.15.Authors.0": "D3FEND",
  "References.15.Title": "Stack Frame Canary Validation (D3-SFCV)",
  "References.15.PublicationYear": "2023",
  "References.15.URL": "https://d3fend.mitre.org/technique/d3f:StackFrameCanaryValidation/",
  "References.15.URLDate": "2023-04-26",
  "References.16.ExternalReferenceID": "REF-1335",
  "References.16.Authors.0": "D3FEND",
  "References.16.Title": "Segment Address Offset Randomization (D3-SAOR)",
  "References.16.PublicationYear": "2023",
  "References.16.URL": "https://d3fend.mitre.org/technique/d3f:SegmentAddressOffsetRandomization/",
  "References.16.URLDate": "2023-04-26",
  "References.17.ExternalReferenceID": "REF-1336",
  "References.17.Authors.0": "D3FEND",
  "References.17.Title": "Process Segment Execution Prevention (D3-PSEP)",
  "References.17.PublicationYear": "2023",
  "References.17.URL": "https://d3fend.mitre.org/technique/d3f:ProcessSegmentExecutionPrevention/",
  "References.17.URLDate": "2023-04-26",
  "References.18.ExternalReferenceID": "REF-1337",
  "References.18.Section": "Memory information leaks",
  "References.18.Authors.0": "Alexander Sotirov and Mark Dowd",
  "References.18.Title": "Bypassing Browser Memory Protections: Setting back browser security by 10 years",
  "References.18.PublicationYear": "2008",
  "References.18.URL": "https://www.blackhat.com/presentations/bh-usa-08/Sotirov_Dowd/bh08-sotirov-dowd.pdf",
  "References.18.URLDate": "2023-04-26",
  "MappingNotes.Usage": "Allowed",
  "MappingNotes.Rationale": "This CWE entry is at the Base level of abstraction, which is a preferred level of abstraction for mapping to the root causes of vulnerabilities.",
  "MappingNotes.Comments": "Carefully read both the name and description to ensure that this mapping is an appropriate fit. Do not try to 'force' a mapping to a lower-level Base/Variant simply to comply with this preferred level of abstraction.",
  "MappingNotes.Reasons.0": "Acceptable-Use",
  "ContentHistory.0.Type": "Submission",
  "ContentHistory.0.SubmissionName": "CWE Content Team",
  "ContentHistory.0.SubmissionOrganization": "MITRE",
  "ContentHistory.0.SubmissionDate": "2009-10-21",
  "ContentHistory.0.SubmissionVersion": "1.6",
  "ContentHistory.0.SubmissionReleaseDate": "2009-10-29",
  "ContentHistory.1.Type": "Modification",
  "ContentHistory.1.ModificationName": "CWE Content Team",
  "ContentHistory.1.ModificationOrganization": "MITRE",
  "ContentHistory.1.ModificationDate": "2010-02-16",
  "ContentHistory.1.ModificationComment": "updated Demonstrative_Examples",
  "ContentHistory.2.Type": "Modification",
  "ContentHistory.2.ModificationName": "CWE Content Team",
  "ContentHistory.2.ModificationOrganization": "MITRE",
  "ContentHistory.2.ModificationDate": "2010-09-27",
  "ContentHistory.2.ModificationComment": "updated Relationships",
  "ContentHistory.3.Type": "Modification",
  "ContentHistory.3.ModificationName": "CWE Content Team",
  "ContentHistory.3.ModificationOrganization": "MITRE",
  "ContentHistory.3.ModificationDate": "2011-06-01",
  "ContentHistory.3.ModificationComment": "updated Common_Consequences",
  "ContentHistory.4.Type": "Modification",
  "ContentHistory.4.ModificationName": "CWE Content Team",
  "ContentHistory.4.ModificationOrganization": "MITRE",
  "ContentHistory.4.ModificationDate": "2014-06-23",
  "ContentHistory.4.ModificationComment": "updated Demonstrative_Examples",
  "ContentHistory.5.Type": "Modification",
  "ContentHistory.5.ModificationName": "CWE Content Team",
  "ContentHistory.5.ModificationOrganization": "MITRE",
  "ContentHistory.5.ModificationDate": "2015-12-07",
  "ContentHistory.5.ModificationComment": "updated Relationships",
  "ContentHistory.6.Type": "Modification",
  "ContentHistory.6.ModificationName": "CWE Content Team",
  "ContentHistory.6.ModificationOrganization": "MITRE",
  "ContentHistory.6.ModificationDate": "2018-03-27",
  "ContentHistory.6.ModificationComment": "updated Description",
  "ContentHistory.7.Type": "Modification",
  "ContentHistory.7.ModificationName": "CWE Content Team",
  "ContentHistory.7.ModificationOrganization": "MITRE",
  "ContentHistory.7.ModificationDate": "2019-09-19",
  "ContentHistory.7.ModificationComment": "updated Applicable_Platforms, Demonstrative_Examples, Detection_Factors, Likelihood_of_Exploit, Observed_Examples, Potential_Mitigations, References, Relationships, Time_of_Introduction",
  "ContentHistory.8.Type": "Modification",
  "ContentHistory.8.ModificationName": "CWE Content Team",
  "ContentHistory.8.ModificationOrganization": "MITRE",
  "ContentHistory.8.ModificationDate": "2020-02-24",
  "ContentHistory.8.ModificationComment": "updated Observed_Examples, Relationships",
  "ContentHistory.9.Type": "Modification",
  "ContentHistory.9.ModificationName": "CWE Content Team",
  "ContentHistory.9.ModificationOrganization": "MITRE",
  "ContentHistory.9.ModificationDate": "2020-06-25",
  "ContentHistory.9.ModificationComment": "updated Observed_Examples",
  "ContentHistory.10.Type": "Modification",
  "ContentHistory.10.ModificationName": "CWE Content Team",
  "ContentHistory.10.ModificationOrganization": "MITRE",
  "ContentHistory.10.ModificationDate": "2020-08-20",
  "ContentHistory.10.ModificationComment": "updated Alternate_Terms, Demonstrative_Examples, Observed_Examples, Relationships",
  "ContentHistory.11.Type": "Modification",
  "ContentHistory.11.ModificationName": "CWE Content Team",
  "ContentHistory.11.ModificationOrganization": "MITRE",
  "ContentHistory.11.ModificationDate": "2020-12-10",
  "ContentHistory.11.ModificationComment": "updated Relationships",
  "ContentHistory.12.Type": "Modification",
  "ContentHistory.12.ModificationName": "CWE Content Team",
  "ContentHistory.12.ModificationOrganization": "MITRE",
  "ContentHistory.12.ModificationDate": "2021-03-15",
  "ContentHistory.12.ModificationComment": "updated Demonstrative_Examples",
  "ContentHistory.13.Type": "Modification",
  "ContentHistory.13.ModificationName": "CWE Content Team",
  "ContentHistory.13.ModificationOrganization": "MITRE",
  "ContentHistory.13.ModificationDate": "2021-07-20",
  "ContentHistory.13.ModificationComment": "updated Demonstrative_Examples, Potential_Mitigations, Relationships",
  "ContentHistory.14.Type": "Modification",
  "ContentHistory.14.ModificationName": "CWE Content Team",
  "ContentHistory.14.ModificationOrganization": "MITRE",
  "ContentHistory.14.ModificationDate": "2022-06-28",
  "ContentHistory.14.ModificationComment": "updated Observed_Examples, Relationships",
  "ContentHistory.15.Type": "Modification",
  "ContentHistory.15.ModificationName": "CWE Content Team",
  "ContentHistory.15.ModificationOrganization": "MITRE",
  "ContentHistory.15.ModificationDate": "2022-10-13",
  "ContentHistory.15.ModificationComment": "updated Applicable_Platforms",
  "ContentHistory.16.Type": "Modification",
  "ContentHistory.16.ModificationName": "CWE Content Team",
  "ContentHistory.16.ModificationOrganization": "MITRE",
  "ContentHistory.16.ModificationDate": "2023-01-31",
  "ContentHistory.16.ModificationComment": "updated Alternate_Terms, Demonstrative_Examples, Description",
  "ContentHistory.17.Type": "Modification",
  "ContentHistory.17.ModificationName": "CWE Content Team",
  "ContentHistory.17.ModificationOrganization": "MITRE",
  "ContentHistory.17.ModificationDate": "2023-04-27",
  "ContentHistory.17.ModificationComment": "updated Potential_Mitigations, References, Relationships, Taxonomy_Mappings",
  "ContentHistory.18.Type": "Modification",
  "ContentHistory.18.ModificationName": "CWE Content Team",
  "ContentHistory.18.ModificationOrganization": "MITRE",
  "ContentHistory.18.ModificationDate": "2023-06-29",
  "ContentHistory.18.ModificationComment": "updated Mapping_Notes, Relationships, Taxonomy_Mappings",
  "ContentHistory.19.Type": "Modification",
  "ContentHistory.19.ModificationName": "CWE Content Team",
  "ContentHistory.19.ModificationOrganization": "MITRE",
  "ContentHistory.19.ModificationDate": "2024-02-29",
  "ContentHistory.19.ModificationComment": "updated Demonstrative_Examples",
  "ContentHistory.19.ModificationVersion": "4.14",
  "ContentHistory.19.ModificationReleaseDate": "2024-02-29",
  "ContentHistory.20.Type": "Modification",
  "ContentHistory.20.ModificationName": "CWE Content Team",
  "ContentHistory.20.ModificationOrganization": "MITRE",
  "ContentHistory.20.ModificationDate": "2024-07-16",
  "ContentHistory.20.ModificationComment": "updated Alternate_Terms, Common_Consequences, Description, Diagram, Weakness_Ordinalities",
  "ContentHistory.20.ModificationVersion": "4.15",
  "ContentHistory.20.ModificationReleaseDate": "2024-07-16",
  "ContentHistory.21.Type": "Modification",
  "ContentHistory.21.ModificationName": "CWE Content Team",
  "ContentHistory.21.ModificationOrganization": "MITRE",
  "ContentHistory.21.ModificationDate": "2024-11-19",
  "ContentHistory.21.ModificationComment": "updated Observed_Examples, Relationships",
  "ContentHistory.21.ModificationVersion": "4.16",
  "ContentHistory.21.ModificationReleaseDate": "2024-11-19",
  "ContentHistory.22.Type": "Modification",
  "ContentHistory.22.ModificationName": "CWE Content Team",
  "ContentHistory.22.ModificationOrganization": "MITRE",
  "ContentHistory.22.ModificationDate": "2025-04-03",
  "ContentHistory.22.ModificationComment": "updated Observed_Examples, Relationships",
  "ContentHistory.22.ModificationVersion": "4.17",
  "ContentHistory.22.ModificationReleaseDate": "2025-04-03",
  "ContentHistory.23.Type": "Contribution",
  "ContentHistory.23.ContributionName": "\"Mapping CWE to 62443\" Sub-Working Group",
  "ContentHistory.23.ContributionOrganization": "CWE-CAPEC ICS/OT SIG",
  "ContentHistory.23.ContributionDate": "2023-04-25",
  "ContentHistory.23.ContributionComment": "Suggested mappings to ISA/IEC 62443.",
  "ContentHistory.23.ContributionType": "Content",
  "ContentHistory.24.Type": "Contribution",
  "ContentHistory.24.ContributionName": "Abhi Balakrishnan",
  "ContentHistory.24.ContributionDate": "2024-02-29",
  "ContentHistory.24.ContributionComment": "Provided diagram to improve CWE usability",
  "ContentHistory.24.ContributionType": "Content",
  "ContentHistory.24.ContributionVersion": "4.15",
  "ContentHistory.24.ContributionReleaseDate": "2024-07-16"
}