{
  "ID": "478",
  "Name": "Missing Default Case in Multiple Condition Expression",
  "Abstraction": "Base",
  "Structure": "Simple",
  "Status": "Draft",
  "Description": "The code does not have a default case in an expression with multiple conditions, such as a switch statement.",
  "ExtendedDescription": "If a multiple-condition expression (such as a switch in C) omits the default case but does not consider or handle all possible values that could occur, then this might lead to complex logical errors and resultant weaknesses. Because of this, further decisions are made based on poor information, and cascading failure results. This cascading failure may result in any number of security issues, and constitutes a significant failure in the system.",
  "RelatedWeaknesses.0.Nature": "ChildOf",
  "RelatedWeaknesses.0.CweID": "1023",
  "RelatedWeaknesses.0.ViewID": "1000",
  "RelatedWeaknesses.0.Ordinal": "Primary",
  "WeaknessOrdinalities.0.Ordinality": "Primary",
  "ApplicablePlatforms.0.Type": "Language",
  "ApplicablePlatforms.0.Name": "C",
  "ApplicablePlatforms.0.Prevalence": "Undetermined",
  "ApplicablePlatforms.1.Type": "Language",
  "ApplicablePlatforms.1.Name": "C++",
  "ApplicablePlatforms.1.Prevalence": "Undetermined",
  "ApplicablePlatforms.2.Type": "Language",
  "ApplicablePlatforms.2.Name": "Java",
  "ApplicablePlatforms.2.Prevalence": "Undetermined",
  "ApplicablePlatforms.3.Type": "Language",
  "ApplicablePlatforms.3.Name": "C#",
  "ApplicablePlatforms.3.Prevalence": "Undetermined",
  "ApplicablePlatforms.4.Type": "Language",
  "ApplicablePlatforms.4.Name": "Python",
  "ApplicablePlatforms.4.Prevalence": "Undetermined",
  "ApplicablePlatforms.5.Type": "Language",
  "ApplicablePlatforms.5.Name": "JavaScript",
  "ApplicablePlatforms.5.Prevalence": "Undetermined",
  "ModesOfIntroduction.0.Phase": "Implementation",
  "CommonConsequences.0.Scope.0": "Integrity",
  "CommonConsequences.0.Impact.0": "Varies by Context",
  "CommonConsequences.0.Impact.1": "Alter Execution Logic",
  "CommonConsequences.0.Note": "Depending on the logical circumstances involved, any consequences may result: e.g., issues of confidentiality, authentication, authorization, availability, integrity, accountability, or non-repudiation.",
  "DetectionMethods.0.DetectionMethodID": "DM-14",
  "DetectionMethods.0.Method": "Automated Static Analysis",
  "DetectionMethods.0.Description": "Automated static analysis, commonly referred to as Static Application Security Testing (SAST), can find some instances of this weakness by analyzing source code (or binary/compiled code) without having to execute it. Typically, this is done by building a model of data flow and control flow, then searching for potentially-vulnerable patterns that connect \"sources\" (origins of input) with \"sinks\" (destinations where the data interacts with external components, a lower layer such as the OS, etc.)",
  "DetectionMethods.0.Effectiveness": "High",
  "PotentialMitigations.0.Phase.0": "Implementation",
  "PotentialMitigations.0.Description": "Ensure that there are no cases unaccounted for when adjusting program flow or values based on the value of a given variable. In the case of switch style statements, the very simple act of creating a default case can, if done correctly, mitigate this situation. Often however, the default case is used simply to represent an assumed option, as opposed to working as a check for invalid input. This is poor practice and in some cases is as bad as omitting a default case entirely.",
  "DemonstrativeExamples.0.Entries.0.IntroText": "The following does not properly check the return code in the case where the security_check function returns a -1 value when an error occurs. If an attacker can supply data that will invoke an error, the attacker can bypass the security check:",
  "DemonstrativeExamples.0.Entries.1.Nature": "Bad",
  "DemonstrativeExamples.0.Entries.1.Language": "C",
  "DemonstrativeExamples.0.Entries.1.ExampleCode": "```\n\t#define FAILED 0\n\t#define PASSED 1\n\tint result;\n\t...\n\tresult = security_check(data);\n\tswitch (result) {\n\t\t\tcase FAILED:\n\t\t\t\tprintf(\"Security check failed!\\n\");\n\t\t\t\texit(-1);\n```\n//Break never reached because of exit()* \n\t\t\t\tbreak;\n\t\t\tcase PASSED:\n\t\t\t```\n\t\t\t\tprintf(\"Security check passed.\\n\");\n\t\t\t\tbreak;\n\t}\n```\n// program execution continues...* \n\t...",
  "DemonstrativeExamples.0.Entries.2.BodyText": "Instead a default label should be used for unaccounted conditions:",
  "DemonstrativeExamples.0.Entries.3.Nature": "Good",
  "DemonstrativeExamples.0.Entries.3.Language": "C",
  "DemonstrativeExamples.0.Entries.3.ExampleCode": "```\n\t#define FAILED 0\n\t#define PASSED 1\n\tint result;\n\t...\n\tresult = security_check(data);\n\tswitch (result) {\n\t\t\tcase FAILED:\n\t\t\t\tprintf(\"Security check failed!\\n\");\n\t\t\t\texit(-1);\n```\n//Break never reached because of exit()* \n\t\t\t\tbreak;\n\t\t\tcase PASSED:\n\t\t\t```\n\t\t\t\tprintf(\"Security check passed.\\n\");\n\t\t\t\tbreak;\n\t\t\tdefault:\n\t\t\t\tprintf(\"Unknown error (%d), exiting...\\n\",result);\n\t\t\t\texit(-1);\n\t}\n```",
  "DemonstrativeExamples.0.Entries.4.BodyText": "This label is used because the assumption cannot be made that all possible cases are accounted for. A good practice is to reserve the default case for error handling.",
  "DemonstrativeExamples.1.Entries.0.IntroText": "In the following Java example the method getInterestRate retrieves the interest rate for the number of points for a mortgage. The number of points is provided within the input parameter and a switch statement will set the interest rate value to be returned based on the number of points.",
  "DemonstrativeExamples.1.Entries.1.Nature": "Bad",
  "DemonstrativeExamples.1.Entries.1.Language": "Java",
  "DemonstrativeExamples.1.Entries.1.ExampleCode": "```\n\tpublic static final String INTEREST_RATE_AT_ZERO_POINTS = \"5.00\";\n\tpublic static final String INTEREST_RATE_AT_ONE_POINTS = \"4.75\";\n\tpublic static final String INTEREST_RATE_AT_TWO_POINTS = \"4.50\";\n\t...\n\tpublic BigDecimal getInterestRate(int points) {\n\t\t\tBigDecimal result = new BigDecimal(INTEREST_RATE_AT_ZERO_POINTS);\n\t\t\tswitch (points) {\n\t\t\t\t\tcase 0:\n\t\t\t\t\t\tresult = new BigDecimal(INTEREST_RATE_AT_ZERO_POINTS);\n\t\t\t\t\t\tbreak;\n\t\t\t\t\tcase 1:\n\t\t\t\t\t\tresult = new BigDecimal(INTEREST_RATE_AT_ONE_POINTS);\n\t\t\t\t\t\tbreak;\n\t\t\t\t\tcase 2:\n\t\t\t\t\t\tresult = new BigDecimal(INTEREST_RATE_AT_TWO_POINTS);\n\t\t\t\t\t\tbreak;\n\t\t\t}\n\t\t\treturn result;\n\t}\n```",
  "DemonstrativeExamples.1.Entries.2.BodyText": "However, this code assumes that the value of the points input parameter will always be 0, 1 or 2 and does not check for other incorrect values passed to the method. This can be easily accomplished by providing a default label in the switch statement that outputs an error message indicating an invalid value for the points input parameter and returning a null value.",
  "DemonstrativeExamples.1.Entries.3.Nature": "Good",
  "DemonstrativeExamples.1.Entries.3.Language": "Java",
  "DemonstrativeExamples.1.Entries.3.ExampleCode": "```\n\tpublic static final String INTEREST_RATE_AT_ZERO_POINTS = \"5.00\";\n\tpublic static final String INTEREST_RATE_AT_ONE_POINTS = \"4.75\";\n\tpublic static final String INTEREST_RATE_AT_TWO_POINTS = \"4.50\";\n\t...\n\tpublic BigDecimal getInterestRate(int points) {\n\t\t\tBigDecimal result = new BigDecimal(INTEREST_RATE_AT_ZERO_POINTS);\n\t\t\tswitch (points) {\n\t\t\t\t\tcase 0:\n\t\t\t\t\t\tresult = new BigDecimal(INTEREST_RATE_AT_ZERO_POINTS);\n\t\t\t\t\t\tbreak;\n\t\t\t\t\tcase 1:\n\t\t\t\t\t\tresult = new BigDecimal(INTEREST_RATE_AT_ONE_POINTS);\n\t\t\t\t\t\tbreak;\n\t\t\t\t\tcase 2:\n\t\t\t\t\t\tresult = new BigDecimal(INTEREST_RATE_AT_TWO_POINTS);\n\t\t\t\t\t\tbreak;\n\t\t\t\t\tdefault:\n\t\t\t\t\t\tSystem.err.println(\"Invalid value for points, must be 0, 1 or 2\");\n\t\t\t\t\t\tSystem.err.println(\"Returning null value for interest rate\");\n\t\t\t\t\t\tresult = null;\n\t\t\t}\n\t\t\treturn result;\n\t}\n```",
  "DemonstrativeExamples.2.Entries.0.IntroText": "In the following Python example the match-case statements (available in Python version 3.10 and later) perform actions based on the result of the process_data() function. The expected return is either 0 or 1. However, if an unexpected result (e.g., -1 or 2) is obtained then no actions will be taken potentially leading to an unexpected program state.",
  "DemonstrativeExamples.2.Entries.1.Nature": "Bad",
  "DemonstrativeExamples.2.Entries.1.Language": "Python",
  "DemonstrativeExamples.2.Entries.1.ExampleCode": "```\n\tresult = process_data(data) \n\tmatch result: \n\t\tcase 0: \n\t\t\tprint(\"Properly handle zero case.\")\n\t\tcase 1: \n\t\t\tprint(\"Properly handle one case.\")\n\t# program execution continues...\n```",
  "DemonstrativeExamples.2.Entries.2.BodyText": "The recommended approach is to add a default case that captures any unexpected result conditions, regardless of how improbable these unexpected conditions might be, and properly handles them.",
  "DemonstrativeExamples.2.Entries.3.Nature": "Good",
  "DemonstrativeExamples.2.Entries.3.Language": "Python",
  "DemonstrativeExamples.2.Entries.3.ExampleCode": "```\n\tresult = process_data(data) \n\tmatch result: \n\t\tcase 0: \n\t\t\tprint(\"Properly handle zero case.\")\n\t\tcase 1: \n\t\t\tprint(\"Properly handle one case.\")\n\t\tcase _: \n\t\t\tprint(\"Properly handle unexpected condition.\")\n\t# program execution continues...\n```",
  "DemonstrativeExamples.3.Entries.0.IntroText": "In the following JavaScript example the switch-case statements (available in JavaScript version 1.2 and later) are used to process a given step based on the result of a calcuation involving two inputs. The expected return is either 1, 2, or 3. However, if an unexpected result (e.g., 4) is obtained then no action will be taken potentially leading to an unexpected program state.",
  "DemonstrativeExamples.3.Entries.1.Nature": "Bad",
  "DemonstrativeExamples.3.Entries.1.Language": "JavaScript",
  "DemonstrativeExamples.3.Entries.1.ExampleCode": "```\n\tlet step = input1 + input2; \n\tswitch(step) { \n\t\tcase 1: \n\t\t\talert(\"Process step 1.\"); \n\t\t\tbreak;\n\t\tcase 2: \n\t\t\talert(\"Process step 2.\"); \n\t\t\tbreak;\n\t\tcase 3: \n\t\t\talert(\"Process step 3.\"); \n\t\t\tbreak;\n\t} \n\t// program execution continues...\n```",
  "DemonstrativeExamples.3.Entries.2.BodyText": "The recommended approach is to add a default case that captures any unexpected result conditions and properly handles them.",
  "DemonstrativeExamples.3.Entries.3.Nature": "Good",
  "DemonstrativeExamples.3.Entries.3.Language": "JavaScript",
  "DemonstrativeExamples.3.Entries.3.ExampleCode": "```\n\tlet step = input1 + input2; \n\tswitch(step) { \n\t\tcase 1: \n\t\t\talert(\"Process step 1.\"); \n\t\t\tbreak;\n\t\tcase 2: \n\t\t\talert(\"Process step 2.\"); \n\t\t\tbreak;\n\t\tcase 3: \n\t\t\talert(\"Process step 3.\"); \n\t\t\tbreak;\n\t\tdefault: \n\t\t\talert(\"Unexpected step encountered.\");\n\t} \n\t// program execution continues...\n```",
  "DemonstrativeExamples.4.ID": "DX-152",
  "DemonstrativeExamples.4.Entries.0.IntroText": "The Finite State Machine (FSM) shown in the \"bad\" code snippet below assigns the output (\"out\") based on the value of state, which is determined based on the user provided input (\"user_input\").",
  "DemonstrativeExamples.4.Entries.1.Nature": "Bad",
  "DemonstrativeExamples.4.Entries.1.Language": "Verilog",
  "DemonstrativeExamples.4.Entries.1.ExampleCode": "```\n\tmodule fsm_1(out, user_input, clk, rst_n); \n\tinput [2:0] user_input; \n\tinput clk, rst_n; \n\toutput reg [2:0] out; \n\treg [1:0] state; \n\talways @ (posedge clk or negedge rst_n ) \n\t\tbegin \n\t\t\t if (!rst_n)\n\t\t\t\t state = 3'h0; \n\t\t\t else\n\t\t\t case (user_input) \n\t\t\t\t 3'h0:\n\t\t\t\t 3'h1:\n\t\t\t\t 3'h2:\n\t\t\t\t 3'h3: state = 2'h3;\n\t\t\t\t 3'h4: state = 2'h2;\n\t\t\t\t 3'h5: state = 2'h1;\n\t\t\t endcase \n\t\t end\n\t\t out <= {1'h1, state};\n\t endmodule \n```",
  "DemonstrativeExamples.4.Entries.2.BodyText": "The case statement does not include a default to handle the scenario when the user provides inputs of 3'h6 and 3'h7. Those inputs push the system to an undefined state and might cause a crash (denial of service) or any other unanticipated outcome.\n\n\nAdding a default statement to handle undefined inputs mitigates this issue. This is shown in the \"Good\" code snippet below. The default statement is in bold.",
  "DemonstrativeExamples.4.Entries.3.Nature": "Good",
  "DemonstrativeExamples.4.Entries.3.Language": "Verilog",
  "DemonstrativeExamples.4.Entries.3.ExampleCode": "```\n\tcase (user_input) \n\t\t3'h0: \n\t\t3'h1: \n\t\t3'h2: \n\t\t3'h3: state = 2'h3; \n\t\t3'h4: state = 2'h2; \n\t\t3'h5: state = 2'h1; \n```\ndefault: state = 2'h0;**  endcase",
  "TaxonomyMappings.0.TaxonomyName": "CLASP",
  "TaxonomyMappings.0.EntryName": "Failure to account for default case in switch",
  "TaxonomyMappings.1.TaxonomyName": "Software Fault Patterns",
  "TaxonomyMappings.1.EntryID": "SFP4",
  "TaxonomyMappings.1.EntryName": "Unchecked Status Condition",
  "References.0.ExternalReferenceID": "REF-18",
  "References.0.Authors.0": "Secure Software, Inc.",
  "References.0.Title": "The CLASP Application Security Process",
  "References.0.PublicationYear": "2005",
  "References.0.URL": "https://cwe.mitre.org/documents/sources/TheCLASPApplicationSecurityProcess.pdf",
  "References.0.URLDate": "2024-11-17",
  "References.1.ExternalReferenceID": "REF-62",
  "References.1.Section": "Chapter 7, \"Switch Statements\", Page 337",
  "References.1.Authors.0": "Mark Dowd",
  "References.1.Authors.1": "John McDonald",
  "References.1.Authors.2": "Justin Schuh",
  "References.1.Title": "The Art of Software Security Assessment",
  "References.1.Edition": "1st Edition",
  "References.1.PublicationYear": "2006",
  "References.1.Publisher": "Addison Wesley",
  "MappingNotes.Usage": "Allowed",
  "MappingNotes.Rationale": "This CWE entry is at the Base level of abstraction, which is a preferred level of abstraction for mapping to the root causes of vulnerabilities.",
  "MappingNotes.Comments": "Carefully read both the name and description to ensure that this mapping is an appropriate fit. Do not try to 'force' a mapping to a lower-level Base/Variant simply to comply with this preferred level of abstraction.",
  "MappingNotes.Reasons.0": "Acceptable-Use",
  "ContentHistory.0.Type": "Submission",
  "ContentHistory.0.SubmissionName": "CLASP",
  "ContentHistory.0.SubmissionDate": "2006-07-19",
  "ContentHistory.0.SubmissionVersion": "Draft 3",
  "ContentHistory.0.SubmissionReleaseDate": "2006-07-19",
  "ContentHistory.1.Type": "Modification",
  "ContentHistory.1.ModificationName": "Eric Dalci",
  "ContentHistory.1.ModificationOrganization": "Cigital",
  "ContentHistory.1.ModificationDate": "2008-07-01",
  "ContentHistory.1.ModificationComment": "updated Time_of_Introduction",
  "ContentHistory.2.Type": "Modification",
  "ContentHistory.2.ModificationName": "CWE Content Team",
  "ContentHistory.2.ModificationOrganization": "MITRE",
  "ContentHistory.2.ModificationDate": "2008-09-08",
  "ContentHistory.2.ModificationComment": "updated Applicable_Platforms, Common_Consequences, Description, Relationships, Other_Notes, Taxonomy_Mappings, Weakness_Ordinalities",
  "ContentHistory.3.Type": "Modification",
  "ContentHistory.3.ModificationName": "CWE Content Team",
  "ContentHistory.3.ModificationOrganization": "MITRE",
  "ContentHistory.3.ModificationDate": "2009-05-27",
  "ContentHistory.3.ModificationComment": "updated Description, Name",
  "ContentHistory.4.Type": "Modification",
  "ContentHistory.4.ModificationName": "CWE Content Team",
  "ContentHistory.4.ModificationOrganization": "MITRE",
  "ContentHistory.4.ModificationDate": "2010-06-21",
  "ContentHistory.4.ModificationComment": "updated Demonstrative_Examples",
  "ContentHistory.5.Type": "Modification",
  "ContentHistory.5.ModificationName": "CWE Content Team",
  "ContentHistory.5.ModificationOrganization": "MITRE",
  "ContentHistory.5.ModificationDate": "2011-03-29",
  "ContentHistory.5.ModificationComment": "updated Demonstrative_Examples",
  "ContentHistory.6.Type": "Modification",
  "ContentHistory.6.ModificationName": "CWE Content Team",
  "ContentHistory.6.ModificationOrganization": "MITRE",
  "ContentHistory.6.ModificationDate": "2011-06-01",
  "ContentHistory.6.ModificationComment": "updated Common_Consequences",
  "ContentHistory.7.Type": "Modification",
  "ContentHistory.7.ModificationName": "CWE Content Team",
  "ContentHistory.7.ModificationOrganization": "MITRE",
  "ContentHistory.7.ModificationDate": "2011-06-27",
  "ContentHistory.7.ModificationComment": "updated Common_Consequences",
  "ContentHistory.8.Type": "Modification",
  "ContentHistory.8.ModificationName": "CWE Content Team",
  "ContentHistory.8.ModificationOrganization": "MITRE",
  "ContentHistory.8.ModificationDate": "2012-05-11",
  "ContentHistory.8.ModificationComment": "updated References, Relationships",
  "ContentHistory.9.Type": "Modification",
  "ContentHistory.9.ModificationName": "CWE Content Team",
  "ContentHistory.9.ModificationOrganization": "MITRE",
  "ContentHistory.9.ModificationDate": "2014-06-23",
  "ContentHistory.9.ModificationComment": "updated Description, Other_Notes, Potential_Mitigations",
  "ContentHistory.10.Type": "Modification",
  "ContentHistory.10.ModificationName": "CWE Content Team",
  "ContentHistory.10.ModificationOrganization": "MITRE",
  "ContentHistory.10.ModificationDate": "2014-07-30",
  "ContentHistory.10.ModificationComment": "updated Relationships, Taxonomy_Mappings",
  "ContentHistory.11.Type": "Modification",
  "ContentHistory.11.ModificationName": "CWE Content Team",
  "ContentHistory.11.ModificationOrganization": "MITRE",
  "ContentHistory.11.ModificationDate": "2017-11-08",
  "ContentHistory.11.ModificationComment": "updated Relationships",
  "ContentHistory.12.Type": "Modification",
  "ContentHistory.12.ModificationName": "CWE Content Team",
  "ContentHistory.12.ModificationOrganization": "MITRE",
  "ContentHistory.12.ModificationDate": "2018-03-27",
  "ContentHistory.12.ModificationComment": "updated Relationships",
  "ContentHistory.13.Type": "Modification",
  "ContentHistory.13.ModificationName": "CWE Content Team",
  "ContentHistory.13.ModificationOrganization": "MITRE",
  "ContentHistory.13.ModificationDate": "2019-01-03",
  "ContentHistory.13.ModificationComment": "updated Relationships",
  "ContentHistory.14.Type": "Modification",
  "ContentHistory.14.ModificationName": "CWE Content Team",
  "ContentHistory.14.ModificationOrganization": "MITRE",
  "ContentHistory.14.ModificationDate": "2020-02-24",
  "ContentHistory.14.ModificationComment": "updated References, Relationships, Type",
  "ContentHistory.15.Type": "Modification",
  "ContentHistory.15.ModificationName": "CWE Content Team",
  "ContentHistory.15.ModificationOrganization": "MITRE",
  "ContentHistory.15.ModificationDate": "2020-08-20",
  "ContentHistory.15.ModificationComment": "updated Relationships",
  "ContentHistory.16.Type": "Modification",
  "ContentHistory.16.ModificationName": "CWE Content Team",
  "ContentHistory.16.ModificationOrganization": "MITRE",
  "ContentHistory.16.ModificationDate": "2022-10-13",
  "ContentHistory.16.ModificationComment": "updated Applicable_Platforms, Demonstrative_Examples, Description, Name, Potential_Mitigations",
  "ContentHistory.17.Type": "Modification",
  "ContentHistory.17.ModificationName": "CWE Content Team",
  "ContentHistory.17.ModificationOrganization": "MITRE",
  "ContentHistory.17.ModificationDate": "2023-04-27",
  "ContentHistory.17.ModificationComment": "updated Detection_Factors, Relationships",
  "ContentHistory.18.Type": "Modification",
  "ContentHistory.18.ModificationName": "CWE Content Team",
  "ContentHistory.18.ModificationOrganization": "MITRE",
  "ContentHistory.18.ModificationDate": "2023-06-29",
  "ContentHistory.18.ModificationComment": "updated Mapping_Notes",
  "ContentHistory.19.Type": "Contribution",
  "ContentHistory.19.ContributionName": "Drew Buttner",
  "ContentHistory.19.ContributionOrganization": "MITRE",
  "ContentHistory.19.ContributionDate": "2022-08-15",
  "ContentHistory.19.ContributionComment": "Suggested name change and other modifications, including a new demonstrative example.",
  "ContentHistory.19.ContributionType": "Content",
  "ContentHistory.20.Type": "Rename",
  "ContentHistory.20.PreviousEntryName": "Failure to Account for Default Case in Switch",
  "ContentHistory.20.Date": "2008-04-11",
  "ContentHistory.21.Type": "Rename",
  "ContentHistory.21.PreviousEntryName": "Failure to Use Default Case in Switch",
  "ContentHistory.21.Date": "2009-05-27",
  "ContentHistory.22.Type": "Rename",
  "ContentHistory.22.PreviousEntryName": "Missing Default Case in Switch Statement",
  "ContentHistory.22.Date": "2022-10-13"
}