{
  "ID": "476",
  "Name": "NULL Pointer Dereference",
  "Abstraction": "Base",
  "Structure": "Simple",
  "Status": "Stable",
  "Diagram": "/data/images/CWE-476-Diagram.png",
  "Description": "The product dereferences a pointer that it expects to be valid but is NULL.",
  "LikelihoodOfExploit": "Medium",
  "RelatedWeaknesses.0.Nature": "ChildOf",
  "RelatedWeaknesses.0.CweID": "710",
  "RelatedWeaknesses.0.ViewID": "1000",
  "RelatedWeaknesses.0.Ordinal": "Primary",
  "RelatedWeaknesses.1.Nature": "ChildOf",
  "RelatedWeaknesses.1.CweID": "754",
  "RelatedWeaknesses.1.ViewID": "1000",
  "RelatedWeaknesses.2.Nature": "ChildOf",
  "RelatedWeaknesses.2.CweID": "754",
  "RelatedWeaknesses.2.ViewID": "1003",
  "RelatedWeaknesses.2.Ordinal": "Primary",
  "WeaknessOrdinalities.0.Ordinality": "Resultant",
  "WeaknessOrdinalities.0.Description": "NULL pointer dereferences are frequently resultant from rarely encountered error conditions and race conditions, since these are most likely to escape detection during the testing phases.",
  "ApplicablePlatforms.0.Type": "Language",
  "ApplicablePlatforms.0.Name": "C",
  "ApplicablePlatforms.0.Prevalence": "Undetermined",
  "ApplicablePlatforms.1.Type": "Language",
  "ApplicablePlatforms.1.Name": "C++",
  "ApplicablePlatforms.1.Prevalence": "Undetermined",
  "ApplicablePlatforms.2.Type": "Language",
  "ApplicablePlatforms.2.Name": "Java",
  "ApplicablePlatforms.2.Prevalence": "Undetermined",
  "ApplicablePlatforms.3.Type": "Language",
  "ApplicablePlatforms.3.Name": "C#",
  "ApplicablePlatforms.3.Prevalence": "Undetermined",
  "ApplicablePlatforms.4.Type": "Language",
  "ApplicablePlatforms.4.Name": "Go",
  "ApplicablePlatforms.4.Prevalence": "Undetermined",
  "AlternateTerms.0.Term": "NPD",
  "AlternateTerms.0.Description": "Common abbreviation for Null Pointer Dereference",
  "AlternateTerms.1.Term": "null deref",
  "AlternateTerms.1.Description": "Common abbreviation for Null Pointer Dereference",
  "AlternateTerms.2.Term": "NPE",
  "AlternateTerms.2.Description": "Common abbreviation for Null Pointer Exception",
  "AlternateTerms.3.Term": "nil pointer dereference",
  "AlternateTerms.3.Description": "used for access of nil in Go programs",
  "ModesOfIntroduction.0.Phase": "Implementation",
  "CommonConsequences.0.Scope.0": "Availability",
  "CommonConsequences.0.Impact.0": "DoS: Crash, Exit, or Restart",
  "CommonConsequences.0.Note": "NULL pointer dereferences usually result in the failure of the process unless exception handling (on some platforms) is available and implemented. Even when exception handling is being used, it can still be very difficult to return the software to a safe state of operation.",
  "CommonConsequences.1.Scope.0": "Integrity",
  "CommonConsequences.1.Scope.1": "Confidentiality",
  "CommonConsequences.1.Impact.0": "Execute Unauthorized Code or Commands",
  "CommonConsequences.1.Impact.1": "Read Memory",
  "CommonConsequences.1.Impact.2": "Modify Memory",
  "CommonConsequences.1.Note": "In rare circumstances, when NULL is equivalent to the 0x0 memory address and privileged code can access it, then writing or reading memory is possible, which may lead to code execution.",
  "DetectionMethods.0.DetectionMethodID": "DM-2",
  "DetectionMethods.0.Method": "Automated Dynamic Analysis",
  "DetectionMethods.0.Description": "This weakness can be detected using dynamic tools and techniques that interact with the software using large test suites with many diverse inputs, such as fuzz testing (fuzzing), robustness testing, and fault injection. The software's operation may slow down, but it should not become unstable, crash, or generate incorrect results.",
  "DetectionMethods.0.Effectiveness": "Moderate",
  "DetectionMethods.1.DetectionMethodID": "DM-12",
  "DetectionMethods.1.Method": "Manual Dynamic Analysis",
  "DetectionMethods.1.Description": "Identify error conditions that are not likely to occur during normal usage and trigger them. For example, run the program under low memory conditions, run with insufficient privileges or permissions, interrupt a transaction before it is completed, or disable connectivity to basic network services such as DNS. Monitor the software for any unexpected behavior. If you trigger an unhandled exception or similar error that was discovered and handled by the application's environment, it may still indicate unexpected conditions that were not handled by the application itself.",
  "DetectionMethods.2.DetectionMethodID": "DM-14",
  "DetectionMethods.2.Method": "Automated Static Analysis",
  "DetectionMethods.2.Description": "Automated static analysis, commonly referred to as Static Application Security Testing (SAST), can find some instances of this weakness by analyzing source code (or binary/compiled code) without having to execute it. Typically, this is done by building a model of data flow and control flow, then searching for potentially-vulnerable patterns that connect \"sources\" (origins of input) with \"sinks\" (destinations where the data interacts with external components, a lower layer such as the OS, etc.)",
  "DetectionMethods.2.Effectiveness": "High",
  "PotentialMitigations.0.Phase.0": "Implementation",
  "PotentialMitigations.0.Description": "For any pointers that could have been modified or provided from a function that can return NULL, check the pointer for NULL before use. When working with a multithreaded or otherwise asynchronous environment, ensure that proper locking APIs are used to lock before the check, and unlock when it has finished.",
  "PotentialMitigations.1.Phase.0": "Requirements",
  "PotentialMitigations.1.Description": "Select a programming language that is not susceptible to these issues.",
  "PotentialMitigations.2.Phase.0": "Implementation",
  "PotentialMitigations.2.Description": "Check the results of all functions that return a value and verify that the value is non-null before acting upon it.",
  "PotentialMitigations.2.Effectiveness": "Moderate",
  "PotentialMitigations.2.EffectivenessNotes": "Checking the return value of the function will typically be sufficient, however beware of race conditions (CWE-362) in a concurrent environment. This solution does not handle the use of improperly initialized variables (CWE-665).",
  "PotentialMitigations.3.Phase.0": "Architecture and Design",
  "PotentialMitigations.3.Description": "Identify all variables and data stores that receive information from external sources, and apply input validation to make sure that they are only initialized to expected values.",
  "PotentialMitigations.4.Phase.0": "Implementation",
  "PotentialMitigations.4.Description": "Explicitly initialize all variables and other data stores, either during declaration or just before the first usage.",
  "DemonstrativeExamples.0.ID": "DX-1",
  "DemonstrativeExamples.0.Entries.0.IntroText": "This example takes an IP address from a user, verifies that it is well formed and then looks up the hostname and copies it into a buffer.",
  "DemonstrativeExamples.0.Entries.1.Nature": "Bad",
  "DemonstrativeExamples.0.Entries.1.Language": "C",
  "DemonstrativeExamples.0.Entries.1.ExampleCode": "```\n\tvoid host_lookup(char *user_supplied_addr){\n\t\t\tstruct hostent *hp;\n\t\t\tin_addr_t *addr;\n\t\t\tchar hostname[64];\n\t\t\tin_addr_t inet_addr(const char *cp);\n```\n/*routine that ensures user_supplied_addr is in the right format for conversion */* \n\t\t\t\n\t\t\tvalidate_addr_form(user_supplied_addr);\n\t\t\taddr = inet_addr(user_supplied_addr);\n\t\t\thp = gethostbyaddr( addr, sizeof(struct in_addr), AF_INET);\n\t\t\tstrcpy(hostname, hp->h_name);}",
  "DemonstrativeExamples.0.Entries.2.BodyText": "If an attacker provides an address that appears to be well-formed, but the address does not resolve to a hostname, then the call to gethostbyaddr() will return NULL. Since the code does not check the return value from gethostbyaddr (CWE-252), a NULL pointer dereference (CWE-476) would then occur in the call to strcpy().",
  "DemonstrativeExamples.0.Entries.3.BodyText": "Note that this code is also vulnerable to a buffer overflow (CWE-119).",
  "DemonstrativeExamples.1.Entries.0.IntroText": "In the following code, the programmer assumes that the system always has a property named \"cmd\" defined. If an attacker can control the program's environment so that \"cmd\" is not defined, the program throws a NULL pointer exception when it attempts to call the trim() method.",
  "DemonstrativeExamples.1.Entries.1.Nature": "Bad",
  "DemonstrativeExamples.1.Entries.1.Language": "Java",
  "DemonstrativeExamples.1.Entries.1.ExampleCode": "```\n\tString cmd = System.getProperty(\"cmd\");\n\tcmd = cmd.trim();\n```",
  "DemonstrativeExamples.2.ID": "DX-110",
  "DemonstrativeExamples.2.Entries.0.IntroText": "This Android application has registered to handle a URL when sent an intent:",
  "DemonstrativeExamples.2.Entries.1.Nature": "Bad",
  "DemonstrativeExamples.2.Entries.1.Language": "Java",
  "DemonstrativeExamples.2.Entries.1.ExampleCode": "```\n```\n...* \n\tIntentFilter filter = new IntentFilter(\"com.example.URLHandler.openURL\");\n\tMyReceiver receiver = new MyReceiver();\n\tregisterReceiver(receiver, filter);\n\t\n\t *...* \n\t\n\tpublic class UrlHandlerReceiver extends BroadcastReceiver {\n\t```\n\t\t\t@Override\n\t\t\tpublic void onReceive(Context context, Intent intent) {\n\t\t\t\t\tif(\"com.example.URLHandler.openURL\".equals(intent.getAction())) {\n\t\t\t\t\t\tString URL = intent.getStringExtra(\"URLToOpen\");\n\t\t\t\t\t\tint length = URL.length();\n```\n...* \n\t\t\t\t\t}}}",
  "DemonstrativeExamples.2.Entries.2.BodyText": "The application assumes the URL will always be included in the intent. When the URL is not present, the call to getStringExtra() will return null, thus causing a null pointer exception when length() is called.",
  "DemonstrativeExamples.3.Entries.0.IntroText": "Consider the following example of a typical client server exchange. The HandleRequest function is intended to perform a request and use a defer to close the connection whenever the function returns.",
  "DemonstrativeExamples.3.Entries.1.Nature": "Bad",
  "DemonstrativeExamples.3.Entries.1.Language": "Go",
  "DemonstrativeExamples.3.Entries.1.ExampleCode": "```\n\tfunc HandleRequest(client http.Client, request *http.Request) (*http.Response, error) { \n\t\t response, err := client.Do(request)\n\t\t defer response.Body.Close()\n\t\t if err != nil { \n\t\t\t return nil, err\n\t\t }\n\t\t...\n\t }\n```",
  "DemonstrativeExamples.3.Entries.2.BodyText": "If a user supplies a malformed request or violates the client policy, the Do method can return a nil response and a non-nil err.",
  "DemonstrativeExamples.3.Entries.3.BodyText": "This HandleRequest Function evaluates the close before checking the error. A deferred call's arguments are evaluated immediately, so the defer statement panics due to a nil response.",
  "ObservedExamples.0.Reference": "CVE-2005-3274",
  "ObservedExamples.0.Description": "race condition causes a table to be corrupted if a timer activates while it is being modified, leading to resultant NULL dereference; also involves locking.",
  "ObservedExamples.0.Link": "https://www.cve.org/CVERecord?id=CVE-2005-3274",
  "ObservedExamples.1.Reference": "CVE-2002-1912",
  "ObservedExamples.1.Description": "large number of packets leads to NULL dereference",
  "ObservedExamples.1.Link": "https://www.cve.org/CVERecord?id=CVE-2002-1912",
  "ObservedExamples.2.Reference": "CVE-2005-0772",
  "ObservedExamples.2.Description": "packet with invalid error status value triggers NULL dereference",
  "ObservedExamples.2.Link": "https://www.cve.org/CVERecord?id=CVE-2005-0772",
  "ObservedExamples.3.Reference": "CVE-2009-4895",
  "ObservedExamples.3.Description": "Chain: race condition for an argument value, possibly resulting in NULL dereference",
  "ObservedExamples.3.Link": "https://www.cve.org/CVERecord?id=CVE-2009-4895",
  "ObservedExamples.4.Reference": "CVE-2020-29652",
  "ObservedExamples.4.Description": "ssh component for Go allows clients to cause a denial of service (nil pointer dereference) against SSH servers.",
  "ObservedExamples.4.Link": "https://www.cve.org/CVERecord?id=CVE-2020-29652",
  "ObservedExamples.5.Reference": "CVE-2009-2692",
  "ObservedExamples.5.Description": "Chain: Use of an unimplemented network socket operation pointing to an uninitialized handler function (CWE-456) causes a crash because of a null pointer dereference (CWE-476).",
  "ObservedExamples.5.Link": "https://www.cve.org/CVERecord?id=CVE-2009-2692",
  "ObservedExamples.6.Reference": "CVE-2009-3547",
  "ObservedExamples.6.Description": "Chain: race condition (CWE-362) might allow resource to be released before operating on it, leading to NULL dereference (CWE-476)",
  "ObservedExamples.6.Link": "https://www.cve.org/CVERecord?id=CVE-2009-3547",
  "ObservedExamples.7.Reference": "CVE-2009-3620",
  "ObservedExamples.7.Description": "Chain: some unprivileged ioctls do not verify that a structure has been initialized before invocation, leading to NULL dereference",
  "ObservedExamples.7.Link": "https://www.cve.org/CVERecord?id=CVE-2009-3620",
  "ObservedExamples.8.Reference": "CVE-2009-2698",
  "ObservedExamples.8.Description": "Chain: IP and UDP layers each track the same value with different mechanisms that can get out of sync, possibly resulting in a NULL dereference",
  "ObservedExamples.8.Link": "https://www.cve.org/CVERecord?id=CVE-2009-2698",
  "ObservedExamples.9.Reference": "CVE-2009-2692",
  "ObservedExamples.9.Description": "Chain: uninitialized function pointers can be dereferenced allowing code execution",
  "ObservedExamples.9.Link": "https://www.cve.org/CVERecord?id=CVE-2009-2692",
  "ObservedExamples.10.Reference": "CVE-2009-0949",
  "ObservedExamples.10.Description": "Chain: improper initialization of memory can lead to NULL dereference",
  "ObservedExamples.10.Link": "https://www.cve.org/CVERecord?id=CVE-2009-0949",
  "ObservedExamples.11.Reference": "CVE-2008-3597",
  "ObservedExamples.11.Description": "Chain: game server can access player data structures before initialization has happened leading to NULL dereference",
  "ObservedExamples.11.Link": "https://www.cve.org/CVERecord?id=CVE-2008-3597",
  "ObservedExamples.12.Reference": "CVE-2020-6078",
  "ObservedExamples.12.Description": "Chain: The return value of a function returning a pointer is not checked for success (CWE-252) resulting in the later use of an uninitialized variable (CWE-456) and a null pointer dereference (CWE-476)",
  "ObservedExamples.12.Link": "https://www.cve.org/CVERecord?id=CVE-2020-6078",
  "ObservedExamples.13.Reference": "CVE-2008-0062",
  "ObservedExamples.13.Description": "Chain: a message having an unknown message type may cause a reference to uninitialized memory resulting in a null pointer dereference (CWE-476) or dangling pointer (CWE-825), possibly crashing the system or causing heap corruption.",
  "ObservedExamples.13.Link": "https://www.cve.org/CVERecord?id=CVE-2008-0062",
  "ObservedExamples.14.Reference": "CVE-2008-5183",
  "ObservedExamples.14.Description": "Chain: unchecked return value can lead to NULL dereference",
  "ObservedExamples.14.Link": "https://www.cve.org/CVERecord?id=CVE-2008-5183",
  "ObservedExamples.15.Reference": "CVE-2004-0079",
  "ObservedExamples.15.Description": "SSL software allows remote attackers to cause a denial of service (crash) via a crafted SSL/TLS handshake that triggers a null dereference.",
  "ObservedExamples.15.Link": "https://www.cve.org/CVERecord?id=CVE-2004-0079",
  "ObservedExamples.16.Reference": "CVE-2004-0365",
  "ObservedExamples.16.Description": "Network monitor allows remote attackers to cause a denial of service (crash) via a malformed RADIUS packet that triggers a null dereference.",
  "ObservedExamples.16.Link": "https://www.cve.org/CVERecord?id=CVE-2004-0365",
  "ObservedExamples.17.Reference": "CVE-2003-1013",
  "ObservedExamples.17.Description": "Network monitor allows remote attackers to cause a denial of service (crash) via a malformed Q.931, which triggers a null dereference.",
  "ObservedExamples.17.Link": "https://www.cve.org/CVERecord?id=CVE-2003-1013",
  "ObservedExamples.18.Reference": "CVE-2003-1000",
  "ObservedExamples.18.Description": "Chat client allows remote attackers to cause a denial of service (crash) via a passive DCC request with an invalid ID number, which causes a null dereference.",
  "ObservedExamples.18.Link": "https://www.cve.org/CVERecord?id=CVE-2003-1000",
  "ObservedExamples.19.Reference": "CVE-2004-0389",
  "ObservedExamples.19.Description": "Server allows remote attackers to cause a denial of service (crash) via malformed requests that trigger a null dereference.",
  "ObservedExamples.19.Link": "https://www.cve.org/CVERecord?id=CVE-2004-0389",
  "ObservedExamples.20.Reference": "CVE-2004-0119",
  "ObservedExamples.20.Description": "OS allows remote attackers to cause a denial of service (crash from null dereference) or execute arbitrary code via a crafted request during authentication protocol selection.",
  "ObservedExamples.20.Link": "https://www.cve.org/CVERecord?id=CVE-2004-0119",
  "ObservedExamples.21.Reference": "CVE-2004-0458",
  "ObservedExamples.21.Description": "Game allows remote attackers to cause a denial of service (server crash) via a missing argument, which triggers a null pointer dereference.",
  "ObservedExamples.21.Link": "https://www.cve.org/CVERecord?id=CVE-2004-0458",
  "ObservedExamples.22.Reference": "CVE-2002-0401",
  "ObservedExamples.22.Description": "Network monitor allows remote attackers to cause a denial of service (crash) or execute arbitrary code via malformed packets that cause a NULL pointer dereference.",
  "ObservedExamples.22.Link": "https://www.cve.org/CVERecord?id=CVE-2002-0401",
  "ObservedExamples.23.Reference": "CVE-2001-1559",
  "ObservedExamples.23.Description": "Chain: System call returns wrong value (CWE-393), leading to a resultant NULL dereference (CWE-476).",
  "ObservedExamples.23.Link": "https://www.cve.org/CVERecord?id=CVE-2001-1559",
  "TaxonomyMappings.0.TaxonomyName": "7 Pernicious Kingdoms",
  "TaxonomyMappings.0.EntryName": "Null Dereference",
  "TaxonomyMappings.1.TaxonomyName": "CLASP",
  "TaxonomyMappings.1.EntryName": "Null-pointer dereference",
  "TaxonomyMappings.2.TaxonomyName": "PLOVER",
  "TaxonomyMappings.2.EntryName": "Null Dereference (Null Pointer Dereference)",
  "TaxonomyMappings.3.TaxonomyName": "OWASP Top Ten 2004",
  "TaxonomyMappings.3.EntryID": "A9",
  "TaxonomyMappings.3.EntryName": "Denial of Service",
  "TaxonomyMappings.3.MappingFit": "CWE More Specific",
  "TaxonomyMappings.4.TaxonomyName": "CERT C Secure Coding",
  "TaxonomyMappings.4.EntryID": "EXP34-C",
  "TaxonomyMappings.4.EntryName": "Do not dereference null pointers",
  "TaxonomyMappings.4.MappingFit": "Exact",
  "TaxonomyMappings.5.TaxonomyName": "Software Fault Patterns",
  "TaxonomyMappings.5.EntryID": "SFP7",
  "TaxonomyMappings.5.EntryName": "Faulty Pointer Use",
  "References.0.ExternalReferenceID": "REF-6",
  "References.0.Authors.0": "Katrina Tsipenyuk",
  "References.0.Authors.1": "Brian Chess",
  "References.0.Authors.2": "Gary McGraw",
  "References.0.Title": "Seven Pernicious Kingdoms: A Taxonomy of Software Security Errors",
  "References.0.Publication": "NIST Workshop on Software Security Assurance Tools Techniques and Metrics",
  "References.0.PublicationYear": "2005",
  "References.0.PublicationMonth": "11",
  "References.0.PublicationDay": "07",
  "References.0.Publisher": "NIST",
  "References.0.URL": "https://samate.nist.gov/SSATTM_Content/papers/Seven%20Pernicious%20Kingdoms%20-%20Taxonomy%20of%20Sw%20Security%20Errors%20-%20Tsipenyuk%20-%20Chess%20-%20McGraw.pdf",
  "References.1.ExternalReferenceID": "REF-18",
  "References.1.Authors.0": "Secure Software, Inc.",
  "References.1.Title": "The CLASP Application Security Process",
  "References.1.PublicationYear": "2005",
  "References.1.URL": "https://cwe.mitre.org/documents/sources/TheCLASPApplicationSecurityProcess.pdf",
  "References.1.URLDate": "2024-11-17",
  "References.2.ExternalReferenceID": "REF-1031",
  "References.2.Title": "Null pointer / Null dereferencing",
  "References.2.PublicationYear": "2019",
  "References.2.PublicationMonth": "07",
  "References.2.PublicationDay": "15",
  "References.2.Publisher": "Wikipedia",
  "References.2.URL": "https://en.wikipedia.org/wiki/Null_pointer#Null_dereferencing",
  "References.3.ExternalReferenceID": "REF-1032",
  "References.3.Title": "Null Reference Creation and Null Pointer Dereference",
  "References.3.Publisher": "Apple",
  "References.3.URL": "https://developer.apple.com/documentation/xcode/null-reference-creation-and-null-pointer-dereference",
  "References.3.URLDate": "2023-04-07",
  "References.4.ExternalReferenceID": "REF-1033",
  "References.4.Title": "NULL Pointer Dereference [CWE-476]",
  "References.4.PublicationYear": "2012",
  "References.4.PublicationMonth": "09",
  "References.4.PublicationDay": "11",
  "References.4.Publisher": "ImmuniWeb",
  "References.4.URL": "https://www.immuniweb.com/vulnerability/null-pointer-dereference.html",
  "MappingNotes.Usage": "Allowed",
  "MappingNotes.Rationale": "This CWE entry is at the Base level of abstraction, which is a preferred level of abstraction for mapping to the root causes of vulnerabilities.",
  "MappingNotes.Comments": "Carefully read both the name and description to ensure that this mapping is an appropriate fit. Do not try to 'force' a mapping to a lower-level Base/Variant simply to comply with this preferred level of abstraction.",
  "MappingNotes.Reasons.0": "Acceptable-Use",
  "ContentHistory.0.Type": "Submission",
  "ContentHistory.0.SubmissionName": "7 Pernicious Kingdoms",
  "ContentHistory.0.SubmissionDate": "2006-07-19",
  "ContentHistory.0.SubmissionVersion": "Draft 3",
  "ContentHistory.0.SubmissionReleaseDate": "2006-07-19",
  "ContentHistory.1.Type": "Modification",
  "ContentHistory.1.ModificationName": "Eric Dalci",
  "ContentHistory.1.ModificationOrganization": "Cigital",
  "ContentHistory.1.ModificationDate": "2008-07-01",
  "ContentHistory.1.ModificationComment": "updated Time_of_Introduction",
  "ContentHistory.2.Type": "Modification",
  "ContentHistory.2.ModificationOrganization": "KDM Analytics",
  "ContentHistory.2.ModificationDate": "2008-08-01",
  "ContentHistory.2.ModificationComment": "added/updated white box definitions",
  "ContentHistory.3.Type": "Modification",
  "ContentHistory.3.ModificationName": "CWE Content Team",
  "ContentHistory.3.ModificationOrganization": "MITRE",
  "ContentHistory.3.ModificationDate": "2008-09-08",
  "ContentHistory.3.ModificationComment": "updated Applicable_Platforms, Common_Consequences, Relationships, Other_Notes, Taxonomy_Mappings, Weakness_Ordinalities",
  "ContentHistory.4.Type": "Modification",
  "ContentHistory.4.ModificationName": "CWE Content Team",
  "ContentHistory.4.ModificationOrganization": "MITRE",
  "ContentHistory.4.ModificationDate": "2008-11-24",
  "ContentHistory.4.ModificationComment": "updated Relationships, Taxonomy_Mappings",
  "ContentHistory.5.Type": "Modification",
  "ContentHistory.5.ModificationName": "CWE Content Team",
  "ContentHistory.5.ModificationOrganization": "MITRE",
  "ContentHistory.5.ModificationDate": "2009-05-27",
  "ContentHistory.5.ModificationComment": "updated Demonstrative_Examples",
  "ContentHistory.6.Type": "Modification",
  "ContentHistory.6.ModificationName": "CWE Content Team",
  "ContentHistory.6.ModificationOrganization": "MITRE",
  "ContentHistory.6.ModificationDate": "2009-10-29",
  "ContentHistory.6.ModificationComment": "updated Relationships",
  "ContentHistory.7.Type": "Modification",
  "ContentHistory.7.ModificationName": "CWE Content Team",
  "ContentHistory.7.ModificationOrganization": "MITRE",
  "ContentHistory.7.ModificationDate": "2009-12-28",
  "ContentHistory.7.ModificationComment": "updated Common_Consequences, Demonstrative_Examples, Other_Notes, Potential_Mitigations, Weakness_Ordinalities",
  "ContentHistory.8.Type": "Modification",
  "ContentHistory.8.ModificationName": "CWE Content Team",
  "ContentHistory.8.ModificationOrganization": "MITRE",
  "ContentHistory.8.ModificationDate": "2010-02-16",
  "ContentHistory.8.ModificationComment": "updated Potential_Mitigations, Relationships",
  "ContentHistory.9.Type": "Modification",
  "ContentHistory.9.ModificationName": "CWE Content Team",
  "ContentHistory.9.ModificationOrganization": "MITRE",
  "ContentHistory.9.ModificationDate": "2010-06-21",
  "ContentHistory.9.ModificationComment": "updated Demonstrative_Examples, Description, Detection_Factors, Potential_Mitigations",
  "ContentHistory.10.Type": "Modification",
  "ContentHistory.10.ModificationName": "CWE Content Team",
  "ContentHistory.10.ModificationOrganization": "MITRE",
  "ContentHistory.10.ModificationDate": "2010-09-27",
  "ContentHistory.10.ModificationComment": "updated Demonstrative_Examples, Observed_Examples, Relationships",
  "ContentHistory.11.Type": "Modification",
  "ContentHistory.11.ModificationName": "CWE Content Team",
  "ContentHistory.11.ModificationOrganization": "MITRE",
  "ContentHistory.11.ModificationDate": "2010-12-13",
  "ContentHistory.11.ModificationComment": "updated Relationships",
  "ContentHistory.12.Type": "Modification",
  "ContentHistory.12.ModificationName": "CWE Content Team",
  "ContentHistory.12.ModificationOrganization": "MITRE",
  "ContentHistory.12.ModificationDate": "2011-06-01",
  "ContentHistory.12.ModificationComment": "updated Common_Consequences",
  "ContentHistory.13.Type": "Modification",
  "ContentHistory.13.ModificationName": "CWE Content Team",
  "ContentHistory.13.ModificationOrganization": "MITRE",
  "ContentHistory.13.ModificationDate": "2011-06-27",
  "ContentHistory.13.ModificationComment": "updated Related_Attack_Patterns, Relationships",
  "ContentHistory.14.Type": "Modification",
  "ContentHistory.14.ModificationName": "CWE Content Team",
  "ContentHistory.14.ModificationOrganization": "MITRE",
  "ContentHistory.14.ModificationDate": "2011-09-13",
  "ContentHistory.14.ModificationComment": "updated Relationships, Taxonomy_Mappings",
  "ContentHistory.15.Type": "Modification",
  "ContentHistory.15.ModificationName": "CWE Content Team",
  "ContentHistory.15.ModificationOrganization": "MITRE",
  "ContentHistory.15.ModificationDate": "2012-05-11",
  "ContentHistory.15.ModificationComment": "updated Observed_Examples, Related_Attack_Patterns, Relationships",
  "ContentHistory.16.Type": "Modification",
  "ContentHistory.16.ModificationName": "CWE Content Team",
  "ContentHistory.16.ModificationOrganization": "MITRE",
  "ContentHistory.16.ModificationDate": "2014-02-18",
  "ContentHistory.16.ModificationComment": "updated Demonstrative_Examples",
  "ContentHistory.17.Type": "Modification",
  "ContentHistory.17.ModificationName": "CWE Content Team",
  "ContentHistory.17.ModificationOrganization": "MITRE",
  "ContentHistory.17.ModificationDate": "2014-07-30",
  "ContentHistory.17.ModificationComment": "updated Relationships, Taxonomy_Mappings",
  "ContentHistory.18.Type": "Modification",
  "ContentHistory.18.ModificationName": "CWE Content Team",
  "ContentHistory.18.ModificationOrganization": "MITRE",
  "ContentHistory.18.ModificationDate": "2015-12-07",
  "ContentHistory.18.ModificationComment": "updated Relationships",
  "ContentHistory.19.Type": "Modification",
  "ContentHistory.19.ModificationName": "CWE Content Team",
  "ContentHistory.19.ModificationOrganization": "MITRE",
  "ContentHistory.19.ModificationDate": "2017-01-19",
  "ContentHistory.19.ModificationComment": "updated Relationships",
  "ContentHistory.20.Type": "Modification",
  "ContentHistory.20.ModificationName": "CWE Content Team",
  "ContentHistory.20.ModificationOrganization": "MITRE",
  "ContentHistory.20.ModificationDate": "2017-11-08",
  "ContentHistory.20.ModificationComment": "updated Relationships, Taxonomy_Mappings, White_Box_Definitions",
  "ContentHistory.21.Type": "Modification",
  "ContentHistory.21.ModificationName": "CWE Content Team",
  "ContentHistory.21.ModificationOrganization": "MITRE",
  "ContentHistory.21.ModificationDate": "2019-01-03",
  "ContentHistory.21.ModificationComment": "updated Relationships",
  "ContentHistory.22.Type": "Modification",
  "ContentHistory.22.ModificationName": "CWE Content Team",
  "ContentHistory.22.ModificationOrganization": "MITRE",
  "ContentHistory.22.ModificationDate": "2019-06-20",
  "ContentHistory.22.ModificationComment": "updated Relationships",
  "ContentHistory.23.Type": "Modification",
  "ContentHistory.23.ModificationName": "CWE Content Team",
  "ContentHistory.23.ModificationOrganization": "MITRE",
  "ContentHistory.23.ModificationDate": "2019-09-19",
  "ContentHistory.23.ModificationComment": "updated References, Relationships",
  "ContentHistory.24.Type": "Modification",
  "ContentHistory.24.ModificationName": "CWE Content Team",
  "ContentHistory.24.ModificationOrganization": "MITRE",
  "ContentHistory.24.ModificationDate": "2020-02-24",
  "ContentHistory.24.ModificationComment": "updated References",
  "ContentHistory.25.Type": "Modification",
  "ContentHistory.25.ModificationName": "CWE Content Team",
  "ContentHistory.25.ModificationOrganization": "MITRE",
  "ContentHistory.25.ModificationDate": "2020-06-25",
  "ContentHistory.25.ModificationComment": "updated Common_Consequences",
  "ContentHistory.26.Type": "Modification",
  "ContentHistory.26.ModificationName": "CWE Content Team",
  "ContentHistory.26.ModificationOrganization": "MITRE",
  "ContentHistory.26.ModificationDate": "2020-08-20",
  "ContentHistory.26.ModificationComment": "updated Relationships",
  "ContentHistory.27.Type": "Modification",
  "ContentHistory.27.ModificationName": "CWE Content Team",
  "ContentHistory.27.ModificationOrganization": "MITRE",
  "ContentHistory.27.ModificationDate": "2020-12-10",
  "ContentHistory.27.ModificationComment": "updated Relationships",
  "ContentHistory.28.Type": "Modification",
  "ContentHistory.28.ModificationName": "CWE Content Team",
  "ContentHistory.28.ModificationOrganization": "MITRE",
  "ContentHistory.28.ModificationDate": "2021-03-15",
  "ContentHistory.28.ModificationComment": "updated Demonstrative_Examples, Observed_Examples",
  "ContentHistory.29.Type": "Modification",
  "ContentHistory.29.ModificationName": "CWE Content Team",
  "ContentHistory.29.ModificationOrganization": "MITRE",
  "ContentHistory.29.ModificationDate": "2021-07-20",
  "ContentHistory.29.ModificationComment": "updated Relationships",
  "ContentHistory.30.Type": "Modification",
  "ContentHistory.30.ModificationName": "CWE Content Team",
  "ContentHistory.30.ModificationOrganization": "MITRE",
  "ContentHistory.30.ModificationDate": "2022-04-28",
  "ContentHistory.30.ModificationComment": "updated Alternate_Terms",
  "ContentHistory.31.Type": "Modification",
  "ContentHistory.31.ModificationName": "CWE Content Team",
  "ContentHistory.31.ModificationOrganization": "MITRE",
  "ContentHistory.31.ModificationDate": "2022-06-28",
  "ContentHistory.31.ModificationComment": "updated Relationships",
  "ContentHistory.32.Type": "Modification",
  "ContentHistory.32.ModificationName": "CWE Content Team",
  "ContentHistory.32.ModificationOrganization": "MITRE",
  "ContentHistory.32.ModificationDate": "2022-10-13",
  "ContentHistory.32.ModificationComment": "updated Alternate_Terms, Applicable_Platforms, Observed_Examples",
  "ContentHistory.33.Type": "Modification",
  "ContentHistory.33.ModificationName": "CWE Content Team",
  "ContentHistory.33.ModificationOrganization": "MITRE",
  "ContentHistory.33.ModificationDate": "2023-04-27",
  "ContentHistory.33.ModificationComment": "updated Demonstrative_Examples, Detection_Factors, References, Relationships",
  "ContentHistory.34.Type": "Modification",
  "ContentHistory.34.ModificationName": "CWE Content Team",
  "ContentHistory.34.ModificationOrganization": "MITRE",
  "ContentHistory.34.ModificationDate": "2023-06-29",
  "ContentHistory.34.ModificationComment": "updated Mapping_Notes, Relationships",
  "ContentHistory.35.Type": "Modification",
  "ContentHistory.35.ModificationName": "CWE Content Team",
  "ContentHistory.35.ModificationOrganization": "MITRE",
  "ContentHistory.35.ModificationDate": "2023-10-26",
  "ContentHistory.35.ModificationComment": "updated Observed_Examples",
  "ContentHistory.36.Type": "Modification",
  "ContentHistory.36.ModificationName": "CWE Content Team",
  "ContentHistory.36.ModificationOrganization": "MITRE",
  "ContentHistory.36.ModificationDate": "2024-07-16",
  "ContentHistory.36.ModificationComment": "updated Alternate_Terms, Demonstrative_Examples, Description, Diagram, Potential_Mitigations, Relationships, Weakness_Ordinalities",
  "ContentHistory.36.ModificationVersion": "4.15",
  "ContentHistory.36.ModificationReleaseDate": "2024-07-16",
  "ContentHistory.37.Type": "Modification",
  "ContentHistory.37.ModificationName": "CWE Content Team",
  "ContentHistory.37.ModificationOrganization": "MITRE",
  "ContentHistory.37.ModificationDate": "2024-11-19",
  "ContentHistory.37.ModificationComment": "updated Relationships",
  "ContentHistory.37.ModificationVersion": "4.16",
  "ContentHistory.37.ModificationReleaseDate": "2024-11-19",
  "ContentHistory.38.Type": "Modification",
  "ContentHistory.38.ModificationName": "CWE Content Team",
  "ContentHistory.38.ModificationOrganization": "MITRE",
  "ContentHistory.38.ModificationDate": "2025-04-03",
  "ContentHistory.38.ModificationComment": "updated Demonstrative_Examples, Potential_Mitigations",
  "ContentHistory.38.ModificationVersion": "4.17",
  "ContentHistory.38.ModificationReleaseDate": "2025-04-03",
  "ContentHistory.39.Type": "Contribution",
  "ContentHistory.39.ContributionName": "Abhi Balakrishnan",
  "ContentHistory.39.ContributionDate": "2024-02-29",
  "ContentHistory.39.ContributionComment": "Provided diagram to improve CWE usability",
  "ContentHistory.39.ContributionType": "Content",
  "ContentHistory.39.ContributionVersion": "4.15",
  "ContentHistory.39.ContributionReleaseDate": "2024-07-16"
}