{
  "ID": "94",
  "Name": "Improper Control of Generation of Code ('Code Injection')",
  "Abstraction": "Base",
  "Structure": "Simple",
  "Status": "Draft",
  "Diagram": "/data/images/CWE-94-Diagram.png",
  "Description": "The product constructs all or part of a code segment using externally-influenced input from an upstream component, but it does not neutralize or incorrectly neutralizes special elements that could modify the syntax or behavior of the intended code segment.",
  "LikelihoodOfExploit": "Medium",
  "RelatedWeaknesses.0.Nature": "ChildOf",
  "RelatedWeaknesses.0.CweID": "74",
  "RelatedWeaknesses.0.ViewID": "1000",
  "RelatedWeaknesses.0.Ordinal": "Primary",
  "RelatedWeaknesses.1.Nature": "ChildOf",
  "RelatedWeaknesses.1.CweID": "74",
  "RelatedWeaknesses.1.ViewID": "1003",
  "RelatedWeaknesses.1.Ordinal": "Primary",
  "RelatedWeaknesses.2.Nature": "ChildOf",
  "RelatedWeaknesses.2.CweID": "913",
  "RelatedWeaknesses.2.ViewID": "1000",
  "ApplicablePlatforms.0.Type": "Language",
  "ApplicablePlatforms.0.Class": "Interpreted",
  "ApplicablePlatforms.0.Prevalence": "Sometimes",
  "ApplicablePlatforms.1.Type": "Technology",
  "ApplicablePlatforms.1.Name": "AI/ML",
  "ApplicablePlatforms.1.Prevalence": "Undetermined",
  "AlternateTerms.0.Term": "Code Injection",
  "ModesOfIntroduction.0.Phase": "Implementation",
  "ModesOfIntroduction.0.Note": "REALIZATION: This weakness is caused during implementation of an architectural security tactic.",
  "CommonConsequences.0.Scope.0": "Access Control",
  "CommonConsequences.0.Impact.0": "Bypass Protection Mechanism",
  "CommonConsequences.0.Note": "In some cases, injectable code controls authentication; this may lead to a remote vulnerability.",
  "CommonConsequences.1.Scope.0": "Access Control",
  "CommonConsequences.1.Impact.0": "Gain Privileges or Assume Identity",
  "CommonConsequences.1.Note": "Injected code can access resources that the attacker is directly prevented from accessing.",
  "CommonConsequences.2.Scope.0": "Integrity",
  "CommonConsequences.2.Scope.1": "Confidentiality",
  "CommonConsequences.2.Scope.2": "Availability",
  "CommonConsequences.2.Impact.0": "Execute Unauthorized Code or Commands",
  "CommonConsequences.2.Note": "When a product allows a user's input to contain code syntax, it might be possible for an attacker to craft the code in such a way that it will alter the intended control flow of the product. As a result, code injection can often result in the execution of arbitrary code. Code injection attacks can also lead to loss of data integrity in nearly all cases, since the control-plane data injected is always incidental to data recall or writing.",
  "CommonConsequences.3.Scope.0": "Non-Repudiation",
  "CommonConsequences.3.Impact.0": "Hide Activities",
  "CommonConsequences.3.Note": "Often the actions performed by injected control code are unlogged.",
  "DetectionMethods.0.DetectionMethodID": "DM-14",
  "DetectionMethods.0.Method": "Automated Static Analysis",
  "DetectionMethods.0.Description": "Automated static analysis, commonly referred to as Static Application Security Testing (SAST), can find some instances of this weakness by analyzing source code (or binary/compiled code) without having to execute it. Typically, this is done by building a model of data flow and control flow, then searching for potentially-vulnerable patterns that connect \"sources\" (origins of input) with \"sinks\" (destinations where the data interacts with external components, a lower layer such as the OS, etc.)",
  "DetectionMethods.0.Effectiveness": "High",
  "PotentialMitigations.0.Phase.0": "Architecture and Design",
  "PotentialMitigations.0.Description": "Refactor your program so that you do not have to dynamically generate code.",
  "PotentialMitigations.1.Phase.0": "Architecture and Design",
  "PotentialMitigations.1.Description": "\n\nRun your code in a \"jail\" or similar sandbox environment that enforces strict boundaries between the process and the operating system. This may effectively restrict which code can be executed by your product.\n\n\nExamples include the Unix chroot jail and AppArmor. In general, managed code may provide some protection.\n\n\nThis may not be a feasible solution, and it only limits the impact to the operating system; the rest of your application may still be subject to compromise.\n\n\nBe careful to avoid CWE-243 and other weaknesses related to jails.\n",
  "PotentialMitigations.2.MitigationID": "MIT-5",
  "PotentialMitigations.2.Phase.0": "Implementation",
  "PotentialMitigations.2.Strategy": "Input Validation",
  "PotentialMitigations.2.Description": "\n\nAssume all input is malicious. Use an \"accept known good\" input validation strategy, i.e., use a list of acceptable inputs that strictly conform to specifications. Reject any input that does not strictly conform to specifications, or transform it into something that does.\n\n\nWhen performing input validation, consider all potentially relevant properties, including length, type of input, the full range of acceptable values, missing or extra inputs, syntax, consistency across related fields, and conformance to business rules. As an example of business rule logic, \"boat\" may be syntactically valid because it only contains alphanumeric characters, but it is not valid if the input is only expected to contain colors such as \"red\" or \"blue.\"\n\n\nDo not rely exclusively on looking for malicious or malformed inputs. This is likely to miss at least one undesirable input, especially if the code's environment changes. This can give attackers enough room to bypass the intended validation. However, denylists can be useful for detecting potential attacks or determining which inputs are so malformed that they should be rejected outright.\n\n\nTo reduce the likelihood of code injection, use stringent allowlists that limit which constructs are allowed. If you are dynamically constructing code that invokes a function, then verifying that the input is alphanumeric might be insufficient. An attacker might still be able to reference a dangerous function that you did not intend to allow, such as system(), exec(), or exit().\n",
  "PotentialMitigations.3.Phase.0": "Testing",
  "PotentialMitigations.3.Description": "Use automated static analysis tools that target this type of weakness. Many modern techniques use data flow analysis to minimize the number of false positives. This is not a perfect solution, since 100% accuracy and coverage are not feasible.",
  "PotentialMitigations.4.Phase.0": "Testing",
  "PotentialMitigations.4.Description": "Use dynamic tools and techniques that interact with the product using large test suites with many diverse inputs, such as fuzz testing (fuzzing), robustness testing, and fault injection. The product's operation may slow down, but it should not become unstable, crash, or generate incorrect results.",
  "PotentialMitigations.5.MitigationID": "MIT-32",
  "PotentialMitigations.5.Phase.0": "Operation",
  "PotentialMitigations.5.Strategy": "Compilation or Build Hardening",
  "PotentialMitigations.5.Description": "Run the code in an environment that performs automatic taint propagation and prevents any command execution that uses tainted variables, such as Perl's \"-T\" switch. This will force the program to perform validation steps that remove the taint, although you must be careful to correctly validate your inputs so that you do not accidentally mark dangerous inputs as untainted (see CWE-183 and CWE-184).",
  "PotentialMitigations.6.MitigationID": "MIT-32",
  "PotentialMitigations.6.Phase.0": "Operation",
  "PotentialMitigations.6.Strategy": "Environment Hardening",
  "PotentialMitigations.6.Description": "Run the code in an environment that performs automatic taint propagation and prevents any command execution that uses tainted variables, such as Perl's \"-T\" switch. This will force the program to perform validation steps that remove the taint, although you must be careful to correctly validate your inputs so that you do not accidentally mark dangerous inputs as untainted (see CWE-183 and CWE-184).",
  "PotentialMitigations.7.Phase.0": "Implementation",
  "PotentialMitigations.7.Description": "\n\nFor Python programs, it is frequently encouraged to use the ast.literal_eval() function instead of eval, since it is intentionally designed to avoid executing code. However, an adversary could still cause excessive memory or stack consumption via deeply nested structures [REF-1372], so the python documentation discourages use of ast.literal_eval() on untrusted data [REF-1373].\n",
  "PotentialMitigations.7.Effectiveness": "Discouraged Common Practice",
  "DemonstrativeExamples.0.ID": "DX-32",
  "DemonstrativeExamples.0.Entries.0.IntroText": "This example attempts to write user messages to a message file and allow users to view them.",
  "DemonstrativeExamples.0.Entries.1.Nature": "Bad",
  "DemonstrativeExamples.0.Entries.1.Language": "PHP",
  "DemonstrativeExamples.0.Entries.1.ExampleCode": "```\n\t$MessageFile = \"messages.out\";\n\tif ($_GET[\"action\"] == \"NewMessage\") {\n\t\t$name = $_GET[\"name\"];\n\t\t$message = $_GET[\"message\"];\n\t\t$handle = fopen($MessageFile, \"a+\");\n\t\tfwrite($handle, \"<b>$name</b> says '$message'<hr>\\n\");\n\t\tfclose($handle);\n\t\techo \"Message Saved!<p>\\n\";\n\t}\n\telse if ($_GET[\"action\"] == \"ViewMessages\") {\n\t\tinclude($MessageFile);\n\t}\n```",
  "DemonstrativeExamples.0.Entries.2.BodyText": "While the programmer intends for the MessageFile to only include data, an attacker can provide a message such as:",
  "DemonstrativeExamples.0.Entries.3.Nature": "Attack",
  "DemonstrativeExamples.0.Entries.3.ExampleCode": "```\n\tname=h4x0r\n\tmessage=%3C?php%20system(%22/bin/ls%20-l%22);?%3E\n```",
  "DemonstrativeExamples.0.Entries.4.BodyText": "which will decode to the following:",
  "DemonstrativeExamples.0.Entries.5.Nature": "Attack",
  "DemonstrativeExamples.0.Entries.5.ExampleCode": "```\n\t<?php system(\"/bin/ls -l\");?>\n```",
  "DemonstrativeExamples.0.Entries.6.BodyText": "The programmer thought they were just including the contents of a regular data file, but PHP parsed it and executed the code. Now, this code is executed any time people view messages.",
  "DemonstrativeExamples.0.Entries.7.BodyText": "Notice that XSS (CWE-79) is also possible in this situation.",
  "DemonstrativeExamples.1.ID": "DX-31",
  "DemonstrativeExamples.1.Entries.0.IntroText": "edit-config.pl: This CGI script is used to modify settings in a configuration file.",
  "DemonstrativeExamples.1.Entries.1.Nature": "Bad",
  "DemonstrativeExamples.1.Entries.1.Language": "Perl",
  "DemonstrativeExamples.1.Entries.1.ExampleCode": "```\n\tuse CGI qw(:standard);\n\tsub config_file_add_key {\n\t\t\tmy ($fname, $key, $arg) = @_;\n```\n# code to add a field/key to a file goes here* \n\t\t\t}\n\t\n\tsub config_file_set_key {\n\t```\n\t\t\tmy ($fname, $key, $arg) = @_;\n```\n# code to set key to a particular file goes here* \n\t\t\t}\n\t\n\tsub config_file_delete_key {\n\t```\n\t\t\tmy ($fname, $key, $arg) = @_;\n```\n# code to delete key from a particular file goes here* \n\t\t\t}\n\t\n\tsub handleConfigAction {\n\t```\n\t\t\tmy ($fname, $action) = @_;\n\t\t\tmy $key = param('key');\n\t\t\tmy $val = param('val');\n```\n# this is super-efficient code, especially if you have to invoke* \n\t\t\t\n\t\t\t\n\t\t\t\n\t\t\t *# any one of dozens of different functions!* \n\t\t\t\n\t\t\tmy $code = \"config_file_$action_key(\\$fname, \\$key, \\$val);\";\n\t\t\teval($code);}\n\t\n\t$configfile = \"/home/cwe/config.txt\";\n\tprint header;\n\tif (defined(param('action'))) {\n\t```\n\t\thandleConfigAction($configfile, param('action'));\n\t}\n\telse {\n\t\tprint \"No action specified!\\n\";\n\t}\n```",
  "DemonstrativeExamples.1.Entries.2.BodyText": "The script intends to take the 'action' parameter and invoke one of a variety of functions based on the value of that parameter - config_file_add_key(), config_file_set_key(), or config_file_delete_key(). It could set up a conditional to invoke each function separately, but eval() is a powerful way of doing the same thing in fewer lines of code, especially when a large number of functions or variables are involved. Unfortunately, in this case, the attacker can provide other values in the action parameter, such as:",
  "DemonstrativeExamples.1.Entries.3.Nature": "Attack",
  "DemonstrativeExamples.1.Entries.3.ExampleCode": "```\n\tadd_key(\",\",\"); system(\"/bin/ls\");\n```",
  "DemonstrativeExamples.1.Entries.4.BodyText": "This would produce the following string in handleConfigAction():",
  "DemonstrativeExamples.1.Entries.5.Nature": "Result",
  "DemonstrativeExamples.1.Entries.5.ExampleCode": "```\n\tconfig_file_add_key(\",\",\"); system(\"/bin/ls\");\n```",
  "DemonstrativeExamples.1.Entries.6.BodyText": "Any arbitrary Perl code could be added after the attacker has \"closed off\" the construction of the original function call, in order to prevent parsing errors from causing the malicious eval() to fail before the attacker's payload is activated. This particular manipulation would fail after the system() call, because the \"_key(\\$fname, \\$key, \\$val)\" portion of the string would cause an error, but this is irrelevant to the attack because the payload has already been activated.",
  "DemonstrativeExamples.2.ID": "DX-156",
  "DemonstrativeExamples.2.Entries.0.IntroText": "This simple script asks a user to supply a list of numbers as input and adds them together.",
  "DemonstrativeExamples.2.Entries.1.Nature": "Bad",
  "DemonstrativeExamples.2.Entries.1.Language": "Python",
  "DemonstrativeExamples.2.Entries.1.ExampleCode": "```\n\t def main():\n\t\t sum = 0\n\t\t numbers = eval(input(\"Enter a space-separated list of numbers: \"))\n\t\t for num in numbers:\n\t\t\t sum = sum + num\n\t\t print(f\"Sum of {numbers} = {sum}\") \n\t main() \n```",
  "DemonstrativeExamples.2.Entries.2.BodyText": "The eval() function can take the user-supplied list and convert it into a Python list object, therefore allowing the programmer to use list comprehension methods to work with the data. However, if code is supplied to the eval() function, it will execute that code. For example, a malicious user could supply the following string:",
  "DemonstrativeExamples.2.Entries.3.Nature": "Attack",
  "DemonstrativeExamples.2.Entries.3.ExampleCode": "```\n\t__import__('subprocess').getoutput('rm -r *')\n```",
  "DemonstrativeExamples.2.Entries.4.BodyText": "This would delete all the files in the current directory. For this reason, it is not recommended to use eval() with untrusted input.",
  "DemonstrativeExamples.2.Entries.5.BodyText": "A way to accomplish this without the use of eval() is to apply an integer conversion on the input within a try/except block. If the user-supplied input is not numeric, this will raise a ValueError. By avoiding eval(), there is no opportunity for the input string to be executed as code.",
  "DemonstrativeExamples.2.Entries.6.Nature": "Good",
  "DemonstrativeExamples.2.Entries.6.Language": "Python",
  "DemonstrativeExamples.2.Entries.6.ExampleCode": "```\n\t def main():\n\t\t sum = 0\n\t\t numbers = input(\"Enter a space-separated list of numbers: \").split(\" \")\n\t\t try:\n\t\t\t for num in numbers:\n\t\t\t\t sum = sum + int(num)\n\t\t\t print(f\"Sum of {numbers} = {sum}\") \n\t\t except ValueError:\n\t\t\t print(\"Error: invalid input\")\n\t main() \n```",
  "DemonstrativeExamples.2.Entries.7.BodyText": "An alternative, commonly-cited mitigation for this kind of weakness is to use the ast.literal_eval() function, since it is intentionally designed to avoid executing code. However, an adversary could still cause excessive memory or stack consumption via deeply nested structures [REF-1372], so the python documentation discourages use of ast.literal_eval() on untrusted data [REF-1373].",
  "ObservedExamples.0.Reference": "CVE-2023-29374",
  "ObservedExamples.0.Description": "Math component in an LLM framework translates user input into a Python expression that is input into the Python exec() method, allowing code execution - one variant of a \"prompt injection\" attack.",
  "ObservedExamples.0.Link": "https://www.cve.org/CVERecord?id=CVE-2023-29374",
  "ObservedExamples.1.Reference": "CVE-2024-5565",
  "ObservedExamples.1.Description": "Python-based library uses an LLM prompt containing user input to dynamically generate code that is then fed as input into the Python exec() method, allowing code execution - one variant of a \"prompt injection\" attack.",
  "ObservedExamples.1.Link": "https://www.cve.org/CVERecord?id=CVE-2024-5565",
  "ObservedExamples.2.Reference": "CVE-2024-4181",
  "ObservedExamples.2.Description": "Framework for LLM applications allows eval injection via a crafted response from a hosting provider.",
  "ObservedExamples.2.Link": "https://www.cve.org/CVERecord?id=CVE-2024-4181",
  "ObservedExamples.3.Reference": "CVE-2022-2054",
  "ObservedExamples.3.Description": "Python compiler uses eval() to execute malicious strings as Python code.",
  "ObservedExamples.3.Link": "https://www.cve.org/CVERecord?id=CVE-2022-2054",
  "ObservedExamples.4.Reference": "CVE-2021-22204",
  "ObservedExamples.4.Description": "Chain: regex in EXIF processor code does not correctly determine where a string ends (CWE-625), enabling eval injection (CWE-95), as exploited in the wild per CISA KEV.",
  "ObservedExamples.4.Link": "https://www.cve.org/CVERecord?id=CVE-2021-22204",
  "ObservedExamples.5.Reference": "CVE-2020-8218",
  "ObservedExamples.5.Description": "\"Code injection\" in VPN product, as exploited in the wild per CISA KEV.",
  "ObservedExamples.5.Link": "https://www.cve.org/CVERecord?id=CVE-2020-8218",
  "ObservedExamples.6.Reference": "CVE-2008-5071",
  "ObservedExamples.6.Description": "Eval injection in PHP program.",
  "ObservedExamples.6.Link": "https://www.cve.org/CVERecord?id=CVE-2008-5071",
  "ObservedExamples.7.Reference": "CVE-2002-1750",
  "ObservedExamples.7.Description": "Eval injection in Perl program.",
  "ObservedExamples.7.Link": "https://www.cve.org/CVERecord?id=CVE-2002-1750",
  "ObservedExamples.8.Reference": "CVE-2008-5305",
  "ObservedExamples.8.Description": "Eval injection in Perl program using an ID that should only contain hyphens and numbers.",
  "ObservedExamples.8.Link": "https://www.cve.org/CVERecord?id=CVE-2008-5305",
  "ObservedExamples.9.Reference": "CVE-2002-1752",
  "ObservedExamples.9.Description": "Direct code injection into Perl eval function.",
  "ObservedExamples.9.Link": "https://www.cve.org/CVERecord?id=CVE-2002-1752",
  "ObservedExamples.10.Reference": "CVE-2002-1753",
  "ObservedExamples.10.Description": "Eval injection in Perl program.",
  "ObservedExamples.10.Link": "https://www.cve.org/CVERecord?id=CVE-2002-1753",
  "ObservedExamples.11.Reference": "CVE-2005-1527",
  "ObservedExamples.11.Description": "Direct code injection into Perl eval function.",
  "ObservedExamples.11.Link": "https://www.cve.org/CVERecord?id=CVE-2005-1527",
  "ObservedExamples.12.Reference": "CVE-2005-2837",
  "ObservedExamples.12.Description": "Direct code injection into Perl eval function.",
  "ObservedExamples.12.Link": "https://www.cve.org/CVERecord?id=CVE-2005-2837",
  "ObservedExamples.13.Reference": "CVE-2005-1921",
  "ObservedExamples.13.Description": "MFV. code injection into PHP eval statement using nested constructs that should not be nested.",
  "ObservedExamples.13.Link": "https://www.cve.org/CVERecord?id=CVE-2005-1921",
  "ObservedExamples.14.Reference": "CVE-2005-2498",
  "ObservedExamples.14.Description": "MFV. code injection into PHP eval statement using nested constructs that should not be nested.",
  "ObservedExamples.14.Link": "https://www.cve.org/CVERecord?id=CVE-2005-2498",
  "ObservedExamples.15.Reference": "CVE-2005-3302",
  "ObservedExamples.15.Description": "Code injection into Python eval statement from a field in a formatted file.",
  "ObservedExamples.15.Link": "https://www.cve.org/CVERecord?id=CVE-2005-3302",
  "ObservedExamples.16.Reference": "CVE-2007-1253",
  "ObservedExamples.16.Description": "Eval injection in Python program.",
  "ObservedExamples.16.Link": "https://www.cve.org/CVERecord?id=CVE-2007-1253",
  "ObservedExamples.17.Reference": "CVE-2001-1471",
  "ObservedExamples.17.Description": "chain: Resultant eval injection. An invalid value prevents initialization of variables, which can be modified by attacker and later injected into PHP eval statement.",
  "ObservedExamples.17.Link": "https://www.cve.org/CVERecord?id=CVE-2001-1471",
  "ObservedExamples.18.Reference": "CVE-2002-0495",
  "ObservedExamples.18.Description": "Perl code directly injected into CGI library file from parameters to another CGI program.",
  "ObservedExamples.18.Link": "https://www.cve.org/CVERecord?id=CVE-2002-0495",
  "ObservedExamples.19.Reference": "CVE-2005-1876",
  "ObservedExamples.19.Description": "Direct PHP code injection into supporting template file.",
  "ObservedExamples.19.Link": "https://www.cve.org/CVERecord?id=CVE-2005-1876",
  "ObservedExamples.20.Reference": "CVE-2005-1894",
  "ObservedExamples.20.Description": "Direct code injection into PHP script that can be accessed by attacker.",
  "ObservedExamples.20.Link": "https://www.cve.org/CVERecord?id=CVE-2005-1894",
  "ObservedExamples.21.Reference": "CVE-2003-0395",
  "ObservedExamples.21.Description": "PHP code from User-Agent HTTP header directly inserted into log file implemented as PHP script.",
  "ObservedExamples.21.Link": "https://www.cve.org/CVERecord?id=CVE-2003-0395",
  "TaxonomyMappings.0.TaxonomyName": "PLOVER",
  "TaxonomyMappings.0.EntryID": "CODE",
  "TaxonomyMappings.0.EntryName": "Code Evaluation and Injection",
  "TaxonomyMappings.1.TaxonomyName": "ISA/IEC 62443",
  "TaxonomyMappings.1.EntryID": "Part 4-2",
  "TaxonomyMappings.1.EntryName": "Req CR 3.5",
  "TaxonomyMappings.2.TaxonomyName": "ISA/IEC 62443",
  "TaxonomyMappings.2.EntryID": "Part 3-3",
  "TaxonomyMappings.2.EntryName": "Req SR 3.5",
  "TaxonomyMappings.3.TaxonomyName": "ISA/IEC 62443",
  "TaxonomyMappings.3.EntryID": "Part 4-1",
  "TaxonomyMappings.3.EntryName": "Req SVV-1",
  "TaxonomyMappings.4.TaxonomyName": "ISA/IEC 62443",
  "TaxonomyMappings.4.EntryID": "Part 4-1",
  "TaxonomyMappings.4.EntryName": "Req SVV-3",
  "RelatedAttackPatterns.0": "242",
  "RelatedAttackPatterns.1": "35",
  "RelatedAttackPatterns.2": "77",
  "References.0.ExternalReferenceID": "REF-44",
  "References.0.Section": "\"Sin 3: Web-Client Related Vulnerabilities (XSS).\" Page 63",
  "References.0.Authors.0": "Michael Howard",
  "References.0.Authors.1": "David LeBlanc",
  "References.0.Authors.2": "John Viega",
  "References.0.Title": "24 Deadly Sins of Software Security",
  "References.0.Publication": "McGraw-Hill",
  "References.0.PublicationYear": "2010",
  "References.1.ExternalReferenceID": "REF-1372",
  "References.1.Title": "How ast.literal_eval can cause memory exhaustion",
  "References.1.PublicationYear": "2022",
  "References.1.PublicationMonth": "12",
  "References.1.PublicationDay": "14",
  "References.1.Publisher": "Reddit",
  "References.1.URL": "https://www.reddit.com/r/learnpython/comments/zmbhcf/how_astliteral_eval_can_cause_memory_exhaustion/",
  "References.1.URLDate": "2023-11-03",
  "References.2.ExternalReferenceID": "REF-1373",
  "References.2.Section": "ast.literal_eval(node_or_string)",
  "References.2.Title": "ast - Abstract Syntax Trees",
  "References.2.PublicationYear": "2023",
  "References.2.PublicationMonth": "11",
  "References.2.PublicationDay": "02",
  "References.2.Publisher": "Python",
  "References.2.URL": "https://docs.python.org/3/library/ast.html#ast.literal_eval",
  "References.2.URLDate": "2023-11-03",
  "MappingNotes.Usage": "Allowed-with-Review",
  "MappingNotes.Rationale": "This entry is frequently misused for vulnerabilities with a technical impact of \"code execution,\" which does not by itself indicate a root cause weakness, since dozens of weaknesses can enable code execution.",
  "MappingNotes.Comments": "This weakness only applies when the product's functionality intentionally constructs all or part of a code segment. It could be that executing code could be the result of other weaknesses that do not involve the construction of code segments.",
  "MappingNotes.Reasons.0": "Frequent Misuse",
  "MappingNotes.Reasons.1": "Frequent Misinterpretation",
  "Notes.0.Type": "Theoretical",
  "Notes.0.Note": "\n\nInjection problems encompass a wide variety of issues -- all mitigated in very different ways. For this reason, the most effective way to discuss these weaknesses is to note the distinct features that classify them as injection weaknesses. The most important issue to note is that all injection problems share one thing in common -- i.e., they allow for the injection of control plane data into the user-controlled data plane. This means that the execution of the process may be altered by sending code in through legitimate data channels, using no other mechanism. While buffer overflows, and many other flaws, involve the use of some further issue to gain execution, injection problems need only for the data to be parsed. The most classic instantiations of this category of weakness are SQL injection and format string vulnerabilities.\n",
  "ContentHistory.0.Type": "Submission",
  "ContentHistory.0.SubmissionName": "PLOVER",
  "ContentHistory.0.SubmissionDate": "2006-07-19",
  "ContentHistory.0.SubmissionVersion": "Draft 3",
  "ContentHistory.0.SubmissionReleaseDate": "2006-07-19",
  "ContentHistory.1.Type": "Modification",
  "ContentHistory.1.ModificationName": "Eric Dalci",
  "ContentHistory.1.ModificationOrganization": "Cigital",
  "ContentHistory.1.ModificationDate": "2008-07-01",
  "ContentHistory.1.ModificationComment": "updated Time_of_Introduction",
  "ContentHistory.2.Type": "Modification",
  "ContentHistory.2.ModificationName": "CWE Content Team",
  "ContentHistory.2.ModificationOrganization": "MITRE",
  "ContentHistory.2.ModificationDate": "2008-09-08",
  "ContentHistory.2.ModificationComment": "updated Applicable_Platforms, Relationships, Research_Gaps, Taxonomy_Mappings",
  "ContentHistory.3.Type": "Modification",
  "ContentHistory.3.ModificationName": "CWE Content Team",
  "ContentHistory.3.ModificationOrganization": "MITRE",
  "ContentHistory.3.ModificationDate": "2009-01-12",
  "ContentHistory.3.ModificationComment": "updated Common_Consequences, Demonstrative_Examples, Description, Likelihood_of_Exploit, Name, Potential_Mitigations, Relationships",
  "ContentHistory.4.Type": "Modification",
  "ContentHistory.4.ModificationName": "CWE Content Team",
  "ContentHistory.4.ModificationOrganization": "MITRE",
  "ContentHistory.4.ModificationDate": "2009-03-10",
  "ContentHistory.4.ModificationComment": "updated Potential_Mitigations",
  "ContentHistory.5.Type": "Modification",
  "ContentHistory.5.ModificationName": "CWE Content Team",
  "ContentHistory.5.ModificationOrganization": "MITRE",
  "ContentHistory.5.ModificationDate": "2009-05-27",
  "ContentHistory.5.ModificationComment": "updated Demonstrative_Examples, Name",
  "ContentHistory.6.Type": "Modification",
  "ContentHistory.6.ModificationName": "CWE Content Team",
  "ContentHistory.6.ModificationOrganization": "MITRE",
  "ContentHistory.6.ModificationDate": "2010-02-16",
  "ContentHistory.6.ModificationComment": "updated Potential_Mitigations",
  "ContentHistory.7.Type": "Modification",
  "ContentHistory.7.ModificationName": "CWE Content Team",
  "ContentHistory.7.ModificationOrganization": "MITRE",
  "ContentHistory.7.ModificationDate": "2010-06-21",
  "ContentHistory.7.ModificationComment": "updated Description, Potential_Mitigations",
  "ContentHistory.8.Type": "Modification",
  "ContentHistory.8.ModificationName": "CWE Content Team",
  "ContentHistory.8.ModificationOrganization": "MITRE",
  "ContentHistory.8.ModificationDate": "2011-03-29",
  "ContentHistory.8.ModificationComment": "updated Name",
  "ContentHistory.9.Type": "Modification",
  "ContentHistory.9.ModificationName": "CWE Content Team",
  "ContentHistory.9.ModificationOrganization": "MITRE",
  "ContentHistory.9.ModificationDate": "2011-06-01",
  "ContentHistory.9.ModificationComment": "updated Common_Consequences",
  "ContentHistory.10.Type": "Modification",
  "ContentHistory.10.ModificationName": "CWE Content Team",
  "ContentHistory.10.ModificationOrganization": "MITRE",
  "ContentHistory.10.ModificationDate": "2012-05-11",
  "ContentHistory.10.ModificationComment": "updated Common_Consequences, Demonstrative_Examples, Observed_Examples, References, Relationships",
  "ContentHistory.11.Type": "Modification",
  "ContentHistory.11.ModificationName": "CWE Content Team",
  "ContentHistory.11.ModificationOrganization": "MITRE",
  "ContentHistory.11.ModificationDate": "2012-10-30",
  "ContentHistory.11.ModificationComment": "updated Potential_Mitigations",
  "ContentHistory.12.Type": "Modification",
  "ContentHistory.12.ModificationName": "CWE Content Team",
  "ContentHistory.12.ModificationOrganization": "MITRE",
  "ContentHistory.12.ModificationDate": "2013-02-21",
  "ContentHistory.12.ModificationComment": "updated Relationships",
  "ContentHistory.13.Type": "Modification",
  "ContentHistory.13.ModificationName": "CWE Content Team",
  "ContentHistory.13.ModificationOrganization": "MITRE",
  "ContentHistory.13.ModificationDate": "2014-07-30",
  "ContentHistory.13.ModificationComment": "updated Relationships",
  "ContentHistory.14.Type": "Modification",
  "ContentHistory.14.ModificationName": "CWE Content Team",
  "ContentHistory.14.ModificationOrganization": "MITRE",
  "ContentHistory.14.ModificationDate": "2015-12-07",
  "ContentHistory.14.ModificationComment": "updated Relationships",
  "ContentHistory.15.Type": "Modification",
  "ContentHistory.15.ModificationName": "CWE Content Team",
  "ContentHistory.15.ModificationOrganization": "MITRE",
  "ContentHistory.15.ModificationDate": "2017-11-08",
  "ContentHistory.15.ModificationComment": "updated Demonstrative_Examples, Modes_of_Introduction, Relationships",
  "ContentHistory.16.Type": "Modification",
  "ContentHistory.16.ModificationName": "CWE Content Team",
  "ContentHistory.16.ModificationOrganization": "MITRE",
  "ContentHistory.16.ModificationDate": "2019-06-20",
  "ContentHistory.16.ModificationComment": "updated Related_Attack_Patterns, Type",
  "ContentHistory.17.Type": "Modification",
  "ContentHistory.17.ModificationName": "CWE Content Team",
  "ContentHistory.17.ModificationOrganization": "MITRE",
  "ContentHistory.17.ModificationDate": "2019-09-19",
  "ContentHistory.17.ModificationComment": "updated Relationships",
  "ContentHistory.18.Type": "Modification",
  "ContentHistory.18.ModificationName": "CWE Content Team",
  "ContentHistory.18.ModificationOrganization": "MITRE",
  "ContentHistory.18.ModificationDate": "2020-02-24",
  "ContentHistory.18.ModificationComment": "updated Potential_Mitigations, Relationships",
  "ContentHistory.19.Type": "Modification",
  "ContentHistory.19.ModificationName": "CWE Content Team",
  "ContentHistory.19.ModificationOrganization": "MITRE",
  "ContentHistory.19.ModificationDate": "2020-06-25",
  "ContentHistory.19.ModificationComment": "updated Potential_Mitigations",
  "ContentHistory.20.Type": "Modification",
  "ContentHistory.20.ModificationName": "CWE Content Team",
  "ContentHistory.20.ModificationOrganization": "MITRE",
  "ContentHistory.20.ModificationDate": "2020-08-20",
  "ContentHistory.20.ModificationComment": "updated Relationships",
  "ContentHistory.21.Type": "Modification",
  "ContentHistory.21.ModificationName": "CWE Content Team",
  "ContentHistory.21.ModificationOrganization": "MITRE",
  "ContentHistory.21.ModificationDate": "2021-03-15",
  "ContentHistory.21.ModificationComment": "updated Demonstrative_Examples",
  "ContentHistory.22.Type": "Modification",
  "ContentHistory.22.ModificationName": "CWE Content Team",
  "ContentHistory.22.ModificationOrganization": "MITRE",
  "ContentHistory.22.ModificationDate": "2021-07-20",
  "ContentHistory.22.ModificationComment": "updated Relationships",
  "ContentHistory.23.Type": "Modification",
  "ContentHistory.23.ModificationName": "CWE Content Team",
  "ContentHistory.23.ModificationOrganization": "MITRE",
  "ContentHistory.23.ModificationDate": "2021-10-28",
  "ContentHistory.23.ModificationComment": "updated Relationships",
  "ContentHistory.24.Type": "Modification",
  "ContentHistory.24.ModificationName": "CWE Content Team",
  "ContentHistory.24.ModificationOrganization": "MITRE",
  "ContentHistory.24.ModificationDate": "2022-04-28",
  "ContentHistory.24.ModificationComment": "updated Research_Gaps",
  "ContentHistory.25.Type": "Modification",
  "ContentHistory.25.ModificationName": "CWE Content Team",
  "ContentHistory.25.ModificationOrganization": "MITRE",
  "ContentHistory.25.ModificationDate": "2022-06-28",
  "ContentHistory.25.ModificationComment": "updated Observed_Examples, Relationships",
  "ContentHistory.26.Type": "Modification",
  "ContentHistory.26.ModificationName": "CWE Content Team",
  "ContentHistory.26.ModificationOrganization": "MITRE",
  "ContentHistory.26.ModificationDate": "2022-10-13",
  "ContentHistory.26.ModificationComment": "updated Observed_Examples",
  "ContentHistory.27.Type": "Modification",
  "ContentHistory.27.ModificationName": "CWE Content Team",
  "ContentHistory.27.ModificationOrganization": "MITRE",
  "ContentHistory.27.ModificationDate": "2023-01-31",
  "ContentHistory.27.ModificationComment": "updated Demonstrative_Examples, Description, Potential_Mitigations, Relationships",
  "ContentHistory.28.Type": "Modification",
  "ContentHistory.28.ModificationName": "CWE Content Team",
  "ContentHistory.28.ModificationOrganization": "MITRE",
  "ContentHistory.28.ModificationDate": "2023-04-27",
  "ContentHistory.28.ModificationComment": "updated Demonstrative_Examples, Detection_Factors, Relationships, Time_of_Introduction",
  "ContentHistory.29.Type": "Modification",
  "ContentHistory.29.ModificationName": "CWE Content Team",
  "ContentHistory.29.ModificationOrganization": "MITRE",
  "ContentHistory.29.ModificationDate": "2023-06-29",
  "ContentHistory.29.ModificationComment": "updated Mapping_Notes, Relationships, Taxonomy_Mappings",
  "ContentHistory.30.Type": "Modification",
  "ContentHistory.30.ModificationName": "CWE Content Team",
  "ContentHistory.30.ModificationOrganization": "MITRE",
  "ContentHistory.30.ModificationDate": "2024-02-29",
  "ContentHistory.30.ModificationComment": "updated Demonstrative_Examples, Potential_Mitigations, References",
  "ContentHistory.30.ModificationVersion": "4.14",
  "ContentHistory.30.ModificationReleaseDate": "2024-02-29",
  "ContentHistory.31.Type": "Modification",
  "ContentHistory.31.ModificationName": "CWE Content Team",
  "ContentHistory.31.ModificationOrganization": "MITRE",
  "ContentHistory.31.ModificationDate": "2024-07-16",
  "ContentHistory.31.ModificationComment": "updated Applicable_Platforms, Observed_Examples",
  "ContentHistory.31.ModificationVersion": "4.15",
  "ContentHistory.31.ModificationReleaseDate": "2024-07-16",
  "ContentHistory.32.Type": "Modification",
  "ContentHistory.32.ModificationName": "CWE Content Team",
  "ContentHistory.32.ModificationOrganization": "MITRE",
  "ContentHistory.32.ModificationDate": "2024-11-19",
  "ContentHistory.32.ModificationComment": "updated Mapping_Notes, Relationships",
  "ContentHistory.32.ModificationVersion": "4.16",
  "ContentHistory.32.ModificationReleaseDate": "2024-11-19",
  "ContentHistory.33.Type": "Modification",
  "ContentHistory.33.ModificationName": "CWE Content Team",
  "ContentHistory.33.ModificationOrganization": "MITRE",
  "ContentHistory.33.ModificationDate": "2025-04-03",
  "ContentHistory.33.ModificationComment": "updated Alternate_Terms, Common_Consequences, Description, Diagram, Theoretical_Notes",
  "ContentHistory.33.ModificationVersion": "4.17",
  "ContentHistory.33.ModificationReleaseDate": "2025-04-03",
  "ContentHistory.34.Type": "Contribution",
  "ContentHistory.34.ContributionName": "\"Mapping CWE to 62443\" Sub-Working Group",
  "ContentHistory.34.ContributionOrganization": "CWE-CAPEC ICS/OT SIG",
  "ContentHistory.34.ContributionDate": "2023-06-29",
  "ContentHistory.34.ContributionComment": "Suggested mappings to ISA/IEC 62443.",
  "ContentHistory.34.ContributionType": "Content",
  "ContentHistory.34.ContributionVersion": "4.12",
  "ContentHistory.34.ContributionReleaseDate": "2023-06-29",
  "ContentHistory.35.Type": "Contribution",
  "ContentHistory.35.ContributionName": "Abhi Balakrishnan",
  "ContentHistory.35.ContributionDate": "2024-02-29",
  "ContentHistory.35.ContributionComment": "Contributed usability diagram concepts used by the CWE team.",
  "ContentHistory.35.ContributionType": "Content",
  "ContentHistory.35.ContributionVersion": "4.17",
  "ContentHistory.35.ContributionReleaseDate": "2025-04-03",
  "ContentHistory.36.Type": "Rename",
  "ContentHistory.36.PreviousEntryName": "Code Injection",
  "ContentHistory.36.Date": "2009-01-12",
  "ContentHistory.37.Type": "Rename",
  "ContentHistory.37.PreviousEntryName": "Failure to Control Generation of Code (aka 'Code Injection')",
  "ContentHistory.37.Date": "2009-05-27",
  "ContentHistory.38.Type": "Rename",
  "ContentHistory.38.PreviousEntryName": "Failure to Control Generation of Code ('Code Injection')",
  "ContentHistory.38.Date": "2011-03-29"
}